$date
	Fri Sep  4 11:42:50 2026
$end
$version
	Icarus Verilog
$end
$timescale
	1ps
$end
$scope module testbench $end
$var wire 1 ! underflow $end
$var wire 1 " overflow $end
$var wire 7 # exp_final [6:0] $end
$var parameter 32 $ EXP_WID $end
$var parameter 33 % E_WID $end
$var reg 7 & a_e [6:0] $end
$var reg 7 ' b_e [6:0] $end
$var integer 32 ( cases [31:0] $end
$var integer 32 ) fail_count [31:0] $end
$var integer 32 * pass_count [31:0] $end
$scope module dut $end
$var wire 7 + a_e [6:0] $end
$var wire 7 , b_e [6:0] $end
$var wire 8 - exp_final [7:0] $end
$var parameter 32 . BIAS $end
$var parameter 32 / EXP_WID $end
$var parameter 33 0 E_WID $end
$var reg 1 " overflow $end
$var reg 1 ! underflow $end
$upscope $end
$scope task directed_tests $end
$upscope $end
$scope task div $end
$upscope $end
$scope task header $end
$upscope $end
$scope task random_test $end
$upscope $end
$scope task scoreboard $end
$upscope $end
$upscope $end
$enddefinitions $end
$comment Show the parameter values. $end
$dumpall
b110 0
b111 /
b1111111 .
b110 %
b111 $
$end
#0
$dumpvars
b10000001 -
b0 ,
b0 +
b0 *
b0 )
b1001110001000 (
b0 '
b0 &
b1 #
0"
1!
$end
#2000
0!
b1 -
b1000000 '
b1000000 ,
b1000000 &
b1000000 +
b1 )
#3000
b1001001 #
b1001001 -
b1100100 '
b1100100 ,
b1100100 &
b1100100 +
b1 *
#4000
b1111111 #
b1111111 -
b1111111 '
b1111111 ,
b1111111 &
b1111111 +
b10 )
#5000
b1101010 #
1!
b11101010 -
b100000 '
b100000 ,
b1001001 &
b1001001 +
b11 )
#6000
b11011 #
b10011011 -
b11000 '
b11000 ,
b10 &
b10 +
b10 *
#7000
b100111 #
0!
b100111 -
b1100011 '
b1100011 ,
b1000011 &
b1000011 +
b100 )
#8000
b11110 #
1!
b10011110 -
b100 '
b100 ,
b11001 &
b11001 +
b11 *
#9000
b100 #
0!
b100 -
b1000011 '
b1000011 ,
b1000000 &
b1000000 +
b101 )
#10000
b101101 #
b101101 -
b1001111 '
b1001111 ,
b1011101 &
b1011101 +
b100 *
#11000
b1011111 #
b1011111 -
b1100011 '
b1100011 ,
b1111011 &
b1111011 +
b101 *
#12000
b110000 #
b110000 -
b110001 '
b110001 ,
b1111110 &
b1111110 +
b110 )
#13000
b1011100 #
1!
b11011100 -
b101010 '
b101010 ,
b110001 &
b110001 +
b110 *
#14000
b10111 #
0!
b10111 -
b11101 '
b11101 ,
b1111001 &
b1111001 +
b111 *
#15000
b1101000 #
1!
b11101000 -
b1100011 '
b1100011 ,
b100 &
b100 +
b1000 *
#16000
b110000 #
0!
b110000 -
b110011 '
b110011 ,
b1111100 &
b1111100 +
b1001 *
#17000
b1101100 #
1!
b11101100 -
b110001 '
b110001 ,
b111010 &
b111010 +
b1010 *
#18000
b111 #
0!
b111 -
b101111 '
b101111 ,
b1010111 &
b1010111 +
b1011 *
#19000
b100101 #
1!
b10100101 -
b11001 '
b11001 ,
b1011 &
b1011 +
b1100 *
#20000
b1011011 #
b11011011 -
b1000010 '
b1000010 ,
b11000 &
b11000 +
b111 )
#21000
b1101001 #
b11101001 -
b1001000 '
b1001000 ,
b100000 &
b100000 +
b1101 *
#22000
b10010 #
0!
b10010 -
b100111 '
b100111 ,
b1101010 &
b1101010 +
b1110 *
#23000
b101010 #
1!
b10101010 -
b100 '
b100 ,
b100101 &
b100101 +
b1111 *
#24000
b11000 #
b10011000 -
b10100 '
b10100 ,
b11 &
b11 +
b1000 )
#25000
b10000 #
0!
b10000 -
b110101 '
b110101 ,
b1011010 &
b1011010 +
b1001 )
#26000
b101100 #
1!
b10101100 -
b101011 '
b101011 ,
b0 &
b0 +
b10000 *
#27000
b1111011 #
b11111011 -
b110011 '
b110011 ,
b1000111 &
b1000111 +
b1010 )
#28000
b1011 #
0!
b1011 -
b1000010 '
b1000010 ,
b1001000 &
b1001000 +
b10001 *
#29000
b1000010 #
1!
b11000010 -
b1111 '
b1111 ,
b110010 &
b110010 +
b10010 *
#30000
b1011111 #
0!
b1011111 -
b1100010 '
b1100010 ,
b1111100 &
b1111100 +
b10011 *
#31000
b111 #
b111 -
b110110 '
b110110 ,
b1010000 &
b1010000 +
b1011 )
#32000
b1 #
b1 -
b100010 '
b100010 ,
b1011110 &
b1011110 +
b10100 *
#33000
b1101000 #
b1101000 -
b1101101 '
b1101101 ,
b1111010 &
b1111010 +
b10101 *
#34000
b1011101 #
b1011101 -
b1101011 '
b1101011 ,
b1110001 &
b1110001 +
b1100 )
#35000
b1111010 #
1!
b11111010 -
b1001010 '
b1001010 ,
b101111 &
b101111 +
b1101 )
#36000
b11111 #
b10011111 -
b11100 '
b11100 ,
b10 &
b10 +
b10110 *
#37000
b110101 #
0!
b110101 -
b1010011 '
b1010011 ,
b1100001 &
b1100001 +
b1110 )
#38000
b1011101 #
1!
b11011101 -
b1001110 '
b1001110 ,
b1110 &
b1110 +
b10111 *
#39000
b1100101 #
b11100101 -
b1000101 '
b1000101 ,
b11111 &
b11111 +
b11000 *
#40000
b1110011 #
0!
b1110011 -
b1110110 '
b1110110 ,
b1111100 &
b1111100 +
b11001 *
#41000
b101100 #
b101100 -
b1010011 '
b1010011 ,
b1011000 &
b1011000 +
b1111 )
#42000
b1001011 #
b1001011 -
b1100011 '
b1100011 ,
b1100111 &
b1100111 +
b11010 *
#43000
b101100 #
b101100 -
b101101 '
b101101 ,
b1111110 &
b1111110 +
b10000 )
#44000
b111111 #
1!
b10111111 -
b10111 '
b10111 ,
b100111 &
b100111 +
b11011 *
#45000
b1111001 #
b11111001 -
b1100010 '
b1100010 ,
b10110 &
b10110 +
b10001 )
#46000
b1000111 #
b11000111 -
b110100 '
b110100 ,
b10010 &
b10010 +
b11100 *
#47000
b1001010 #
b11001010 -
b10100 '
b10100 ,
b110101 &
b110101 +
b11101 *
#48000
b101001 #
0!
b101001 -
b1000011 '
b1000011 ,
b1100101 &
b1100101 +
b11110 *
#49000
b100011 #
b100011 -
b1110010 '
b1110010 ,
b110000 &
b110000 +
b11111 *
#50000
b1101101 #
1!
b11101101 -
b1001111 '
b1001111 ,
b11101 &
b11101 +
b100000 *
#51000
b1100100 #
b11100100 -
b11111 '
b11111 ,
b1000100 &
b1000100 +
b100001 *
#52000
b101010 #
0!
b101010 -
b1001110 '
b1001110 ,
b1011011 &
b1011011 +
b100010 *
#53000
b1111100 #
1!
b11111100 -
b110100 '
b110100 ,
b1000111 &
b1000111 +
b100011 *
#54000
b0 #
b0 -
b11110 '
b11110 ,
b1100001 &
b1100001 +
b100100 *
#55000
b101001 #
0!
b101001 -
b1010010 '
b1010010 ,
b1010110 &
b1010110 +
b100101 *
#56000
b1011010 #
1!
b11011010 -
b1001010 '
b1001010 ,
b1111 &
b1111 +
b100110 *
#57000
b1111000 #
b11111000 -
b100001 '
b100001 ,
b1010110 &
b1010110 +
b100111 *
#58000
b1001011 #
b11001011 -
b100111 '
b100111 ,
b100011 &
b100011 +
b101000 *
#59000
b1000 #
0!
b1000 -
b1001 '
b1001 ,
b1111110 &
b1111110 +
b101001 *
#60000
b101 #
b101 -
b101000 '
b101000 ,
b1011100 &
b1011100 +
b101010 *
#61000
b111000 #
1!
b10111000 -
b101100 '
b101100 ,
b1011 &
b1011 +
b101011 *
#62000
b1101001 #
b11101001 -
b1010001 '
b1010001 ,
b10111 &
b10111 +
b10010 )
#63000
b110000 #
0!
b110000 -
b110010 '
b110010 ,
b1111101 &
b1111101 +
b101100 *
#64000
b10000 #
b10000 -
b1010110 '
b1010110 ,
b111001 &
b111001 +
b101101 *
#65000
b110 #
b110 -
b111011 '
b111011 ,
b1001010 &
b1001010 +
b101110 *
#66000
b1010000 #
1!
b11010000 -
b11001 '
b11001 ,
b110110 &
b110110 +
b101111 *
#67000
b1100101 #
b11100101 -
b110111 '
b110111 ,
b101101 &
b101101 +
b110000 *
#68000
b110000 #
0!
b110000 -
b1010001 '
b1010001 ,
b1011110 &
b1011110 +
b110001 *
#69000
b1111111 #
1!
b11111111 -
b1001010 '
b1001010 ,
b110100 &
b110100 +
b110010 *
#70000
b101110 #
0!
b101110 -
b1000011 '
b1000011 ,
b1101010 &
b1101010 +
b110011 *
#71000
b11110 #
b11110 -
b100110 '
b100110 ,
b1110111 &
b1110111 +
b110100 *
#72000
b1110000 #
1!
b11110000 -
b110000 '
b110000 ,
b111111 &
b111111 +
b110101 *
#73000
b101001 #
0!
b101001 -
b1010011 '
b1010011 ,
b1010101 &
b1010101 +
b110110 *
#74000
b11100 #
1!
b10011100 -
b10 '
b10 ,
b11001 &
b11001 +
b110111 *
#75000
b1111100 #
b11111100 -
b1110 '
b1110 ,
b1101101 &
b1101101 +
b10011 )
#76000
b1101 #
0!
b1101 -
b101110 '
b101110 ,
b1011110 &
b1011110 +
b111000 *
#77000
b1001010 #
b1001010 -
b1100100 '
b1100100 ,
b1100101 &
b1100101 +
b111001 *
#78000
b11000 #
1!
b10011000 -
b10110 '
b10110 ,
b1 &
b1 +
b10100 )
#79000
b1010 #
0!
b1010 -
b10011 '
b10011 ,
b1110110 &
b1110110 +
b10101 )
#80000
b10010 #
b10010 -
b11011 '
b11011 ,
b111010 *
#81000
b10000 #
b10000 -
b1110010 '
b1110010 ,
b11101 &
b11101 +
b111011 *
#82000
b1010011 #
b1010011 -
b1100101 '
b1100101 ,
b1101101 &
b1101101 +
b111100 *
#83000
1!
b11010011 -
b1000001 '
b1000001 ,
b10001 &
b10001 +
b10110 )
#84000
b1011000 #
0!
b1011000 -
b1011010 '
b1011010 ,
b1111101 &
b1111101 +
b111101 *
#85000
b10000 #
b10000 -
b1100010 '
b1100010 ,
b101101 &
b101101 +
b10111 )
#86000
b1010110 #
1!
b11010110 -
b1011 '
b1011 ,
b1001010 &
b1001010 +
b111110 *
#87000
b111101 #
b10111101 -
b110001 &
b110001 +
b111111 *
#88000
b1001010 #
b11001010 -
b1000111 '
b1000111 ,
b10 &
b10 +
b11000 )
#89000
b1010 #
0!
b1010 -
b1001010 '
b1001010 ,
b111111 &
b111111 +
b1000000 *
#90000
b1101001 #
1!
b11101001 -
b1100001 '
b1100001 ,
b111 &
b111 +
b1000001 *
#91000
b1000110 #
b11000110 -
b1111 '
b1111 ,
b110110 &
b110110 +
b1000010 *
#92000
b1110110 #
b11110110 -
b11100 '
b11100 ,
b1011001 &
b1011001 +
b1000011 *
#93000
b1011 #
0!
b1011 -
b1101110 '
b1101110 ,
b11100 &
b11100 +
b1000100 *
#94000
b1010110 #
b1010110 -
b1111110 '
b1111110 ,
b1010111 &
b1010111 +
b1000101 *
#95000
b1111100 #
1!
b11111100 -
b110 '
b110 ,
b1110101 &
b1110101 +
b11001 )
#96000
b1001101 '
b1001101 ,
b101110 &
b101110 +
b1000110 *
#97000
b1010110 #
0!
b1010110 -
b1110000 '
b1110000 ,
b1100101 &
b1100101 +
b1000111 *
#98000
b1110111 #
1!
b11110111 -
b101101 '
b101101 ,
b1001001 &
b1001001 +
b11010 )
#99000
b1010111 #
0!
b1010111 -
b1110111 '
b1110111 ,
b1011111 &
b1011111 +
b1001000 *
#100000
b1000000 #
b1000000 -
b1011110 '
b1011110 ,
b1100001 &
b1100001 +
b11011 )
#101000
b10110 #
b10110 -
b110110 '
b110110 ,
b1011111 &
b1011111 +
b11100 )
#102000
b10010 #
b10010 -
b1011110 '
b1011110 ,
b110011 &
b110011 +
b1001001 *
#103000
b1010111 #
1!
b11010111 -
b11000 '
b11000 ,
b111110 &
b111110 +
b1001010 *
#104000
b1101110 #
b11101110 -
b101000 '
b101000 ,
b1000101 &
b1000101 +
b1001011 *
#105000
b1110110 #
b11110110 -
b10100 '
b10100 ,
b1100001 &
b1100001 +
b1001100 *
#106000
b1011 #
0!
b1011 -
b1101 '
b1101 ,
b1111101 &
b1111101 +
b1001101 *
#107000
b1111011 #
1!
b11111011 -
b1110000 '
b1110000 ,
b1010 &
b1010 +
b1001110 *
#108000
b1011000 #
b11011000 -
b100110 '
b100110 ,
b110001 &
b110001 +
b1001111 *
#109000
b1101111 #
b11101111 -
b11100 '
b11100 ,
b1010010 &
b1010010 +
b1010000 *
#110000
b1011110 #
b11011110 -
b100010 '
b100010 ,
b111011 &
b111011 +
b1010001 *
#111000
b1111110 #
b11111110 -
b101010 '
b101010 ,
b1010011 &
b1010011 +
b1010010 *
#112000
b10011 #
0!
b10011 -
b101000 '
b101000 ,
b1101010 &
b1101010 +
b1010011 *
#113000
b1111101 #
1!
b11111101 -
b111001 '
b111001 ,
b1000011 &
b1000011 +
b1010100 *
#114000
b1110010 #
b11110010 -
b1001010 '
b1001010 ,
b100111 &
b100111 +
b1010101 *
#115000
b1101110 #
b11101110 -
b100011 '
b100011 ,
b1001010 &
b1001010 +
b1010110 *
#116000
b1110110 #
b11110110 -
b1110 '
b1110 ,
b1100111 &
b1100111 +
b1010111 *
#117000
b10001 #
0!
b10001 -
b1110010 '
b1110010 ,
b11110 &
b11110 +
b1011000 *
#118000
b110111 #
b110111 -
b1000100 '
b1000100 ,
b1110010 &
b1110010 +
b1011001 *
#119000
b1100 #
b1100 -
b110001 '
b110001 ,
b1011010 &
b1011010 +
b1011010 *
#120000
b1011100 #
b1011100 -
b1101110 '
b1101110 ,
b1101101 &
b1101101 +
b1011011 *
#121000
b1100000 #
b1100000 -
b1110001 &
b1110001 +
b11101 )
#122000
b10010 #
b10010 -
b101101 '
b101101 ,
b1100100 &
b1100100 +
b11110 )
#123000
b1 #
b1 -
b100001 '
b100001 ,
b1011111 &
b1011111 +
b1011100 *
#124000
b111011 #
b111011 -
b111100 '
b111100 ,
b1111110 &
b1111110 +
b1011101 *
#125000
b1111100 #
1!
b11111100 -
b101111 '
b101111 ,
b1001100 &
b1001100 +
b1011110 *
#126000
b11011 #
0!
b11011 -
b111001 '
b111001 ,
b1100001 &
b1100001 +
b1011111 *
#127000
b1011101 #
b1011101 -
b1101010 '
b1101010 ,
b1110010 &
b1110010 +
b1100000 *
#128000
b1100 #
b1100 -
b1100011 '
b1100011 ,
b101000 &
b101000 +
b11111 )
#129000
b1000001 #
1!
b11000001 -
b10 '
b10 ,
b111110 &
b111110 +
b1100001 *
#130000
b101110 #
0!
b101110 -
b1110010 '
b1110010 ,
b111011 &
b111011 +
b1100010 *
#131000
b1101011 #
1!
b11101011 -
b11101 '
b11101 ,
b1001101 &
b1001101 +
b1100011 *
#132000
b1111110 #
b11111110 -
b1011010 '
b1011010 ,
b100011 &
b100011 +
b1100100 *
#133000
b1110 #
0!
b1110 -
b101011 '
b101011 ,
b1100010 &
b1100010 +
b1100101 *
#134000
b1001011 #
b1001011 -
b1100100 '
b1100100 ,
b1100110 &
b1100110 +
b1100110 *
#135000
b1010110 #
1!
b11010110 -
b1011 '
b1011 ,
b1001010 &
b1001010 +
b100000 )
#136000
b11 #
0!
b11 -
b110000 '
b110000 ,
b1010010 &
b1010010 +
b1100111 *
#137000
b1001011 #
1!
b11001011 -
b1000011 '
b1000011 ,
b111 &
b111 +
b1101000 *
#138000
b1000010 #
0!
b1000010 -
b1000110 '
b1000110 ,
b1111011 &
b1111011 +
b1101001 *
#139000
b10110 #
b10110 -
b100001 '
b100001 ,
b1110100 &
b1110100 +
b100001 )
#140000
b11111 #
1!
b10011111 -
b1110 '
b1110 ,
b10000 &
b10000 +
b1101010 *
#141000
b1001011 #
0!
b1001011 -
b1010100 '
b1010100 ,
b1110110 &
b1110110 +
b100010 )
#142000
b101100 #
1!
b10101100 -
b10110 '
b10110 ,
b10101 &
b10101 +
b100011 )
#143000
b111010 #
b10111010 -
b1 '
b1 ,
b111000 &
b111000 +
b100100 )
#144000
b10011 #
0!
b10011 -
b110110 '
b110110 ,
b1011100 &
b1011100 +
b100101 )
#145000
b1110011 #
1!
b11110011 -
b101110 '
b101110 ,
b1000100 &
b1000100 +
b1101011 *
#146000
b1001000 #
b11001000 -
b111001 '
b111001 ,
b1110 &
b1110 +
b1101100 *
#147000
b1110011 #
b11110011 -
b1001010 '
b1001010 ,
b101000 &
b101000 +
b1101101 *
#148000
b1010011 #
0!
b1010011 -
b1110010 '
b1110010 ,
b1100000 &
b1100000 +
b1101110 *
#149000
b110010 #
b110010 -
b1101000 '
b1101000 ,
b1001001 &
b1001001 +
b100110 )
#150000
b1001 #
1!
b10001001 -
b1 '
b1 ,
b111 &
b111 +
b1101111 *
#151000
b1111100 #
b11111100 -
b100101 '
b100101 ,
b1010110 &
b1010110 +
b100111 )
#152000
b1001010 #
b11001010 -
b100 '
b100 ,
b1000101 &
b1000101 +
b1110000 *
#153000
b1010010 #
b11010010 -
b101100 '
b101100 ,
b100101 &
b100101 +
b1110001 *
#154000
b10001 #
0!
b10001 -
b111011 '
b111011 ,
b1010101 &
b1010101 +
b1110010 *
#155000
b1001000 #
b1001000 -
b1111101 '
b1111101 ,
b1001010 &
b1001010 +
b1110011 *
#156000
b1110101 #
1!
b11110101 -
b1001 '
b1001 ,
b1101011 &
b1101011 +
b101000 )
#157000
b1011 #
0!
b1011 -
b101001 '
b101001 ,
b1100001 &
b1100001 +
b1110100 *
#158000
b1101000 #
1!
b11101000 -
b101110 '
b101110 ,
b111001 &
b111001 +
b1110101 *
#159000
b1001 #
0!
b1001 -
b1110110 '
b1110110 ,
b10010 &
b10010 +
b1110110 *
#160000
b1000111 #
b1000111 -
b1010100 '
b1010100 ,
b1110010 &
b1110010 +
b1110111 *
#161000
b1110011 #
1!
b11110011 -
b1001010 '
b1001010 ,
b101000 &
b101000 +
b101001 )
#162000
b10000 #
0!
b10000 -
b10001 '
b10001 ,
b1111110 &
b1111110 +
b1111000 *
#163000
b0 #
1!
b0 -
b11111 '
b11111 ,
b1100000 &
b1100000 +
b1111001 *
#164000
b1011100 #
b11011100 -
b111111 '
b111111 ,
b11100 &
b11100 +
b1111010 *
#165000
b110110 #
b10110110 -
b11011 '
b11011 ,
b11010 &
b11010 +
b1111011 *
#166000
b1011110 #
0!
b1011110 -
b1111100 '
b1111100 ,
b1100001 &
b1100001 +
b101010 )
#167000
b11111 #
b11111 -
b1010000 '
b1010000 ,
b1001110 &
b1001110 +
b101011 )
#168000
b1000 #
b1000 -
b1111101 '
b1111101 ,
b1010 &
b1010 +
b1111100 *
#169000
b100010 #
b100010 -
b1110000 '
b1110000 ,
b110001 &
b110001 +
b1111101 *
#170000
b101100 #
b101100 -
b1001110 '
b1001110 ,
b1011101 &
b1011101 +
b1111110 *
#171000
b1111100 #
1!
b11111100 -
b1001111 '
b1001111 ,
b101100 &
b101100 +
b1111111 *
#172000
b100011 #
0!
b100011 -
b1011000 '
b1011000 ,
b1001010 &
b1001010 +
b10000000 *
#173000
b1111110 #
1!
b11111110 -
b111000 '
b111000 ,
b1000101 &
b1000101 +
b10000001 *
#174000
b1010110 #
b11010110 -
b10000 '
b10000 ,
b10000010 *
#175000
b10100 #
0!
b10100 -
b100001 '
b100001 ,
b1110010 &
b1110010 +
b10000011 *
#176000
b111010 #
b111010 -
b1110000 '
b1110000 ,
b1001001 &
b1001001 +
b10000100 *
#177000
1!
b10111010 -
b10110 '
b10110 ,
b100011 &
b100011 +
b10000101 *
#178000
b1101 #
0!
b1101 -
b1001011 '
b1001011 ,
b1000001 &
b1000001 +
b101100 )
#179000
b1100000 #
1!
b11100000 -
b11100 '
b11100 ,
b1000011 &
b1000011 +
b10000110 *
#180000
b1111100 #
b11111100 -
b1101101 '
b1101101 ,
b1110 &
b1110 +
b10000111 *
#181000
b1100101 #
b11100101 -
b100111 '
b100111 ,
b111101 &
b111101 +
b10001000 *
#182000
b1101101 #
b11101101 -
b1010101 '
b1010101 ,
b10111 &
b10111 +
b10001001 *
#183000
b110001 #
b10110001 -
b101000 '
b101000 ,
b1000 &
b1000 +
b10001010 *
#184000
b1010 #
0!
b1010 -
b101101 '
b101101 ,
b1011100 &
b1011100 +
b101101 )
#185000
b1111011 #
1!
b11111011 -
b11 '
b11 ,
b1110111 &
b1110111 +
b10001011 *
#186000
b1110001 #
b11110001 -
b11110 '
b11110 ,
b1010010 &
b1010010 +
b10001100 *
#187000
b1100111 #
b11100111 -
b111111 '
b111111 ,
b100111 &
b100111 +
b10001101 *
#188000
b10 #
0!
b10 -
b1100011 '
b1100011 ,
b11110 &
b11110 +
b10001110 *
#189000
b1111001 #
1!
b11111001 -
b1111000 '
b1111000 ,
b0 &
b0 +
b10001111 *
#190000
b110100 #
0!
b110100 -
b1101100 '
b1101100 ,
b1000111 &
b1000111 +
b10010000 *
#191000
b1110111 #
1!
b11110111 -
b100101 '
b100101 ,
b1010001 &
b1010001 +
b10010001 *
#192000
b1110100 #
b11110100 -
b111011 '
b111011 ,
b111000 &
b111000 +
b10010010 *
#193000
b1010011 #
0!
b1010011 -
b1111110 '
b1111110 ,
b1010100 &
b1010100 +
b10010011 *
#194000
b1111000 #
1!
b11111000 -
b10100 '
b10100 ,
b1100011 &
b1100011 +
b101110 )
#195000
b110011 #
0!
b110011 -
b1010001 '
b1010001 ,
b1100001 &
b1100001 +
b10010100 *
#196000
b1000 #
b1000 -
b1100100 '
b1100100 ,
b100011 &
b100011 +
b10010101 *
#197000
b100000 #
b100000 -
b1011010 '
b1011010 ,
b1000101 &
b1000101 +
b10010110 *
#198000
b1100 #
b1100 -
b101010 '
b101010 ,
b1100001 &
b1100001 +
b10010111 *
#199000
b1111000 #
1!
b11111000 -
b11000 '
b11000 ,
b1011111 &
b1011111 +
b10011000 *
#200000
b10001 #
0!
b10001 -
b100010 '
b100010 ,
b1101110 &
b1101110 +
b10011001 *
#201000
b110011 #
1!
b10110011 -
b1001 '
b1001 ,
b101001 &
b101001 +
b10011010 *
#202000
b1110101 #
b11110101 -
b101000 '
b101000 ,
b1001100 &
b1001100 +
b101111 )
#203000
b11000 #
b10011000 -
b101 '
b101 ,
b10010 &
b10010 +
b10011011 *
#204000
b1100010 #
b11100010 -
b1010010 '
b1010010 ,
b1111 &
b1111 +
b110000 )
#205000
b1101001 #
b11101001 -
b1010001 '
b1010001 ,
b10111 &
b10111 +
b10011100 *
#206000
b1110000 #
b11110000 -
b1110 '
b1110 ,
b1100001 &
b1100001 +
b10011101 *
#207000
b100010 #
0!
b100010 -
b1110100 '
b1110100 ,
b101101 &
b101101 +
b10011110 *
#208000
b1101111 #
1!
b11101111 -
b1100011 '
b1100011 ,
b1011 &
b1011 +
b10011111 *
#209000
b1011100 #
b11011100 -
b11010 '
b11010 ,
b1000001 &
b1000001 +
b10100000 *
#210000
b111111 #
0!
b111111 -
b1111010 '
b1111010 ,
b1000100 &
b1000100 +
b10100001 *
#211000
b1101111 #
1!
b11101111 -
b1011100 '
b1011100 ,
b10010 &
b10010 +
b10100010 *
#212000
b1000100 #
0!
b1000100 -
b1001000 '
b1001000 ,
b1111011 &
b1111011 +
b10100011 *
#213000
b1011100 #
b1011100 -
b1110010 '
b1110010 ,
b1101001 &
b1101001 +
b110001 )
#214000
b1000110 #
1!
b11000110 -
b110111 '
b110111 ,
b1110 &
b1110 +
b110010 )
#215000
b1111 #
0!
b1111 -
b1011001 '
b1011001 ,
b110101 &
b110101 +
b10100100 *
#216000
b1010100 #
b1010100 -
b1101100 '
b1101100 ,
b1100111 &
b1100111 +
b10100101 *
#217000
b110011 #
b110011 -
b1010010 '
b1010010 ,
b1100000 &
b1100000 +
b110011 )
#218000
b1111111 #
1!
b11111111 -
b1001000 '
b1001000 ,
b110110 &
b110110 +
b10100110 *
#219000
b1101100 #
b11101100 -
b1100100 '
b1100100 ,
b111 &
b111 +
b10100111 *
#220000
b11 #
0!
b11 -
b1010 '
b1010 ,
b1111000 &
b1111000 +
b10101000 *
#221000
b1001010 #
1!
b11001010 -
b10111 '
b10111 ,
b110010 &
b110010 +
b10101001 *
#222000
b110000 #
0!
b110000 -
b1100001 '
b1100001 ,
b1001110 &
b1001110 +
b10101010 *
#223000
b1011001 #
1!
b11011001 -
b1001110 '
b1001110 ,
b1010 &
b1010 +
b10101011 *
#224000
b11001 #
b10011001 -
b10100 '
b10100 ,
b100 &
b100 +
b10101100 *
#225000
b1011 #
0!
b1011 -
b110100 '
b110100 ,
b1010110 &
b1010110 +
b110100 )
#226000
b1 #
b1 -
b1100101 '
b1100101 ,
b11011 &
b11011 +
b10101101 *
#227000
b1100000 #
b1100000 -
b1101001 '
b1101001 ,
b1110110 &
b1110110 +
b10101110 *
#228000
b1101111 #
1!
b11101111 -
b0 '
b0 ,
b1101110 &
b1101110 +
b110101 )
#229000
b11110 #
b10011110 -
b11010 '
b11010 ,
b11 &
b11 +
b10101111 *
#230000
b1011010 #
b11011010 -
b1010110 '
b1010110 ,
b110110 )
#231000
b1100101 #
0!
b1100101 -
b1110011 '
b1110011 ,
b1110001 &
b1110001 +
b10110000 *
#232000
b1111001 #
1!
b11111001 -
b10100 '
b10100 ,
b1100100 &
b1100100 +
b110111 )
#233000
b1111000 #
b11111000 -
b1011101 '
b1011101 ,
b11010 &
b11010 +
b10110001 *
#234000
b1001 #
0!
b1001 -
b110110 '
b110110 ,
b1010010 &
b1010010 +
b10110010 *
#235000
b11000 #
b11000 -
b110001 '
b110001 ,
b1100110 &
b1100110 +
b10110011 *
#236000
b11100 #
b11100 -
b101101 '
b101101 ,
b1101110 &
b1101110 +
b10110100 *
#237000
b101110 #
1!
b10101110 -
b1100 '
b1100 ,
b100001 &
b100001 +
b10110101 *
#238000
b1001011 #
0!
b1001011 -
b1101101 '
b1101101 ,
b1011101 &
b1011101 +
b111000 )
#239000
b110111 #
b110111 -
b1000001 '
b1000001 ,
b1110101 &
b1110101 +
b111001 )
#240000
b1011000 #
b1011000 -
b1111010 '
b1111010 ,
b1011101 &
b1011101 +
b10110110 *
#241000
b100011 #
b100011 -
b1000000 '
b1000000 ,
b1100010 &
b1100010 +
b111010 )
#242000
b10111 #
b10111 -
b100000 '
b100000 ,
b1110110 &
b1110110 +
b10110111 *
#243000
b100010 #
b100010 -
b110001 '
b110001 ,
b1110000 &
b1110000 +
b10111000 *
#244000
b111000 #
1!
b10111000 -
b101011 '
b101011 ,
b1100 &
b1100 +
b10111001 *
#245000
b101 #
0!
b101 -
b1101011 '
b1101011 ,
b11001 &
b11001 +
b111011 )
#246000
b111001 #
b111001 -
b1111110 '
b1111110 ,
b111010 &
b111010 +
b10111010 *
#247000
b111101 #
1!
b10111101 -
b111011 '
b111011 ,
b1 &
b1 +
b10111011 *
#248000
b11110 #
0!
b11110 -
b100101 '
b100101 ,
b1111000 &
b1111000 +
b111100 )
#249000
b10100 #
b10100 -
b1011000 '
b1011000 ,
b111011 &
b111011 +
b10111100 *
#250000
b1000100 #
1!
b11000100 -
b1010 '
b1010 ,
b111001 &
b111001 +
b10111101 *
#251000
b100100 #
0!
b100100 -
b1001010 '
b1001010 ,
b1011001 &
b1011001 +
b10111110 *
#252000
b1010110 #
1!
b11010110 -
b11101 '
b11101 ,
b111000 &
b111000 +
b10111111 *
#253000
b111100 #
0!
b111100 -
b1100000 '
b1100000 ,
b1011011 &
b1011011 +
b11000000 *
#254000
b1010000 #
b1010000 -
b1011010 '
b1011010 ,
b1110101 &
b1110101 +
b11000001 *
#255000
b100111 #
b100111 -
b101010 '
b101010 ,
b1111100 &
b1111100 +
b111101 )
#256000
b0 #
1!
b0 -
b111100 '
b111100 ,
b1000011 &
b1000011 +
b11000010 *
#257000
b11 #
0!
b11 -
b1100011 '
b1100011 ,
b11111 &
b11111 +
b11000011 *
#258000
b1000 #
b1000 -
b1001111 '
b1001111 ,
b111000 &
b111000 +
b11000100 *
#259000
b100110 #
b100110 -
b1111011 '
b1111011 ,
b101010 &
b101010 +
b11000101 *
#260000
b1000010 #
1!
b11000010 -
b101011 '
b101011 ,
b10110 &
b10110 +
b11000110 *
#261000
b1000001 #
0!
b1000001 -
b1101110 '
b1101110 ,
b1010010 &
b1010010 +
b11000111 *
#262000
b1001 #
b1001 -
b1000100 '
b1000100 ,
b1000100 &
b1000100 +
b111110 )
#263000
b101110 #
b101110 -
b1010100 '
b1010100 ,
b1011001 &
b1011001 +
b11001000 *
#264000
b1010100 #
1!
b11010100 -
b100110 '
b100110 ,
b101101 &
b101101 +
b11001001 *
#265000
b101011 #
b10101011 -
b11100 '
b11100 ,
b1110 &
b1110 +
b11001010 *
#266000
b10010 #
0!
b10010 -
b111001 '
b111001 ,
b1011000 &
b1011000 +
b111111 )
#267000
b1101010 #
1!
b11101010 -
b11111 '
b11111 ,
b1001010 &
b1001010 +
b11001011 *
#268000
b1010000 #
0!
b1010000 -
b1111001 '
b1111001 ,
b1010110 &
b1010110 +
b11001100 *
#269000
b101110 #
b101110 -
b110010 '
b110010 ,
b1111011 &
b1111011 +
b1000000 )
#270000
b1111100 #
1!
b11111100 -
b1101011 '
b1101011 ,
b10000 &
b10000 +
b11001101 *
#271000
b1101010 #
b11101010 -
b110011 '
b110011 ,
b110110 &
b110110 +
b11001110 *
#272000
b1011110 #
b11011110 -
b1 '
b1 ,
b1011100 &
b1011100 +
b11001111 *
#273000
b11000 #
0!
b11000 -
b1101111 '
b1101111 ,
b101000 &
b101000 +
b11010000 *
#274000
b10010 #
b10010 -
b1110111 '
b1110111 ,
b11010 &
b11010 +
b11010001 *
#275000
b110011 #
1!
b10110011 -
b11110 '
b11110 ,
b10100 &
b10100 +
b11010010 *
#276000
b101000 #
b10101000 -
b1001 &
b1001 +
b1000001 )
#277000
b10101 #
0!
b10101 -
b10111 '
b10111 ,
b1111101 &
b1111101 +
b1000010 )
#278000
b100111 #
b100111 -
b1011110 '
b1011110 ,
b1001000 &
b1001000 +
b11010011 *
#279000
b100001 #
b100001 -
b101110 '
b101110 ,
b1110010 &
b1110010 +
b11010100 *
#280000
b100000 #
1!
b10100000 -
b11100 '
b11100 ,
b11 &
b11 +
b11010101 *
#281000
b1110111 #
b11110111 -
b110011 '
b110011 ,
b1000011 &
b1000011 +
b1000011 )
#282000
b1100 #
0!
b1100 -
b10110 '
b10110 ,
b1110101 &
b1110101 +
b11010110 *
#283000
b11011 #
b11011 -
b101100 '
b101100 ,
b1101110 &
b1101110 +
b11010111 *
#284000
b11101 '
b11101 ,
b1111101 &
b1111101 +
b11011000 *
#285000
b1010010 #
1!
b11010010 -
b1110 '
b1110 ,
b1000011 &
b1000011 +
b11011001 *
#286000
b1000110 #
b11000110 -
b101 '
b101 ,
b1000000 &
b1000000 +
b11011010 *
#287000
b10101 #
0!
b10101 -
b1010011 '
b1010011 ,
b1000001 &
b1000001 +
b11011011 *
#288000
b101111 #
b101111 -
b1101110 '
b1101110 ,
b1000000 &
b1000000 +
b11011100 *
#289000
b1100110 #
1!
b11100110 -
b1100011 '
b1100011 ,
b10 &
b10 +
b11011101 *
#290000
b100110 #
0!
b100110 -
b1111010 '
b1111010 ,
b101011 &
b101011 +
b11011110 *
#291000
b1100010 #
b1100010 -
b1111101 '
b1111101 ,
b1100100 &
b1100100 +
b11011111 *
#292000
b1110010 #
1!
b11110010 -
b1011110 '
b1011110 ,
b10011 &
b10011 +
b1000100 )
#293000
b1011010 #
b11011010 -
b1001001 '
b1001001 ,
b10000 &
b10000 +
b11100000 *
#294000
b100000 #
b10100000 -
b11100 '
b11100 ,
b11 &
b11 +
b11100001 *
#295000
b1010110 #
b11010110 -
b1010 '
b1010 ,
b1001011 &
b1001011 +
b1000101 )
#296000
b1111100 #
b11111100 -
b1100 '
b1100 ,
b1101111 &
b1101111 +
b11100010 *
#297000
b1000101 #
0!
b1000101 -
b1010100 '
b1010100 ,
b1110000 &
b1110000 +
b11100011 *
#298000
b1111100 #
1!
b11111100 -
b1010011 '
b1010011 ,
b101000 &
b101000 +
b1000110 )
#299000
b111011 #
0!
b111011 -
b1111101 '
b1111101 ,
b111101 &
b111101 +
b11100100 *
#300000
b111101 #
1!
b10111101 -
b100101 '
b100101 ,
b10111 &
b10111 +
b11100101 *
#301000
b1010 #
0!
b1010 -
b1101111 '
b1101111 ,
b11010 &
b11010 +
b1000111 )
#302000
b1010110 #
1!
b11010110 -
b100111 '
b100111 ,
b101110 &
b101110 +
b11100110 *
#303000
b10000 #
0!
b10000 -
b1010001 '
b1010001 ,
b111110 &
b111110 +
b11100111 *
#304000
b100110 #
1!
b10100110 -
b100100 '
b100100 ,
b1 &
b1 +
b11101000 *
#305000
b11 #
0!
b11 -
b1101101 '
b1101101 ,
b10101 &
b10101 +
b1001000 )
#306000
b1101010 #
1!
b11101010 -
b11000 '
b11000 ,
b1010001 &
b1010001 +
b11101001 *
#307000
b100000 #
b10100000 -
b1001 '
b1001 ,
b10110 &
b10110 +
b11101010 *
#308000
b100010 #
b10100010 -
b111 '
b111 ,
b11010 &
b11010 +
b1001001 )
#309000
b1111011 #
b11111011 -
b1010110 '
b1010110 ,
b100100 &
b100100 +
b1001010 )
#310000
b110110 #
0!
b110110 -
b1101110 '
b1101110 ,
b1000111 &
b1000111 +
b11101011 *
#311000
b1011111 #
b1011111 -
b1110100 '
b1110100 ,
b1101010 &
b1101010 +
b11101100 *
#312000
b1010010 #
b1010010 -
b1110110 '
b1110110 ,
b1011011 &
b1011011 +
b1001011 )
#313000
b1110101 #
1!
b11110101 -
b1100011 '
b1100011 ,
b10001 &
b10001 +
b1001100 )
#314000
b1100010 #
0!
b1100010 -
b1111111 '
b1111111 ,
b1100010 &
b1100010 +
b11101101 *
#315000
b100001 #
b100001 -
b101001 '
b101001 ,
b1110111 &
b1110111 +
b1001101 )
#316000
b110000 #
b110000 -
b1101001 '
b1101001 ,
b1000110 &
b1000110 +
b11101110 *
#317000
b1001100 #
1!
b11001100 -
b111100 '
b111100 ,
b1111 &
b1111 +
b11101111 *
#318000
b1000 #
0!
b1000 -
b1110001 '
b1110001 ,
b10110 &
b10110 +
b11110000 *
#319000
b11001 #
b11001 -
b1000001 '
b1000001 ,
b1010111 &
b1010111 +
b11110001 *
#320000
b1101101 #
1!
b11101101 -
b1000110 '
b1000110 ,
b100110 &
b100110 +
b11110010 *
#321000
b11100 #
0!
b11100 -
b1101010 '
b1101010 ,
b110001 &
b110001 +
b11110011 *
#322000
b110111 #
b110111 -
b1110000 '
b1110000 ,
b1000110 &
b1000110 +
b11110100 *
#323000
b110000 #
b110000 -
b1000011 '
b1000011 ,
b1101100 &
b1101100 +
b11110101 *
#324000
b101011 #
b101011 -
b1110000 '
b1110000 ,
b111010 &
b111010 +
b11110110 *
#325000
b1111001 #
b1111001 -
b1111110 '
b1111110 ,
b1111010 &
b1111010 +
b11110111 *
#326000
b1011111 #
b1011111 -
b1100010 '
b1100010 ,
b1111100 &
b1111100 +
b1001110 )
#327000
b100010 #
b100010 -
b1000110 '
b1000110 ,
b1011011 &
b1011011 +
b1001111 )
#328000
b110 #
b110 -
b1011010 '
b1011010 ,
b101011 &
b101011 +
b11111000 *
#329000
b1111101 #
1!
b11111101 -
b1110011 '
b1110011 ,
b1001 &
b1001 +
b11111001 *
#330000
b1110001 #
b11110001 -
b110 '
b110 ,
b1101010 &
b1101010 +
b11111010 *
#331000
b1111000 #
b11111000 -
b1010111 '
b1010111 ,
b100000 &
b100000 +
b11111011 *
#332000
b1100010 #
b11100010 -
b1 '
b1 ,
b1100000 &
b1100000 +
b11111100 *
#333000
b100011 #
0!
b100011 -
b1001101 '
b1001101 ,
b1010101 &
b1010101 +
b11111101 *
#334000
b1101011 #
1!
b11101011 -
b11110 '
b11110 ,
b1001100 &
b1001100 +
b11111110 *
#335000
b111111 #
b10111111 -
b101 '
b101 ,
b111001 &
b111001 +
b11111111 *
#336000
b11011 #
0!
b11011 -
b1110000 '
b1110000 ,
b101010 &
b101010 +
b1010000 )
#337000
b1101111 #
1!
b11101111 -
b1100011 '
b1100011 ,
b1011 &
b1011 +
b100000000 *
#338000
b11011 #
0!
b11011 -
b1111110 '
b1111110 ,
b11100 &
b11100 +
b100000001 *
#339000
b100111 #
b100111 -
b110111 '
b110111 ,
b1101111 &
b1101111 +
b100000010 *
#340000
b1110110 #
1!
b11110110 -
b110000 '
b110000 ,
b1000101 &
b1000101 +
b100000011 *
#341000
b1101000 #
0!
b1101000 -
b1101101 '
b1101101 ,
b1111010 &
b1111010 +
b100000100 *
#342000
b1000110 #
1!
b11000110 -
b100011 '
b100011 ,
b100010 &
b100010 +
b1010001 )
#343000
b1011100 #
b11011100 -
b101100 '
b101100 ,
b101111 &
b101111 +
b100000101 *
#344000
b1101010 #
b11101010 -
b110101 '
b110101 ,
b110100 &
b110100 +
b100000110 *
#345000
b1100111 #
b11100111 -
b1000110 '
b1000110 ,
b100000 &
b100000 +
b100000111 *
#346000
b10010 #
0!
b10010 -
b110101 '
b110101 ,
b1011100 &
b1011100 +
b100001000 *
#347000
b1000000 #
1!
b11000000 -
b111100 '
b111100 ,
b11 &
b11 +
b100001001 *
#348000
b110101 #
0!
b110101 -
b1000001 '
b1000001 ,
b1110011 &
b1110011 +
b100001010 *
#349000
b101110 #
b101110 -
b1100110 '
b1100110 ,
b1000111 &
b1000111 +
b100001011 *
#350000
b1000110 #
1!
b11000110 -
b1010 '
b1010 ,
b111011 &
b111011 +
b100001100 *
#351000
b1100111 #
b11100111 -
b1001101 '
b1001101 ,
b11001 &
b11001 +
b100001101 *
#352000
b1000000 #
b11000000 -
b111111 '
b111111 ,
b0 &
b0 +
b100001110 *
#353000
b1001111 #
b11001111 -
b1111 '
b1111 ,
b111111 &
b111111 +
b100001111 *
#354000
b1011000 #
b11011000 -
b11101 '
b11101 ,
b111010 &
b111010 +
b100010000 *
#355000
b1101110 #
b11101110 -
b1 '
b1 ,
b1101100 &
b1101100 +
b100010001 *
#356000
b1011111 #
b11011111 -
b11010 '
b11010 ,
b1000100 &
b1000100 +
b100010010 *
#357000
b1110001 #
b11110001 -
b111111 '
b111111 ,
b110001 &
b110001 +
b100010011 *
#358000
b1001010 #
0!
b1001010 -
b1111100 '
b1111100 ,
b1001101 &
b1001101 +
b100010100 *
#359000
b11001 #
b11001 -
b11010 '
b11010 ,
b1111110 &
b1111110 +
b1010010 )
#360000
b1001001 #
1!
b11001001 -
b11 '
b11 ,
b1000101 &
b1000101 +
b100010101 *
#361000
b1010000 #
b11010000 -
b1001010 '
b1001010 ,
b101 &
b101 +
b100010110 *
#362000
b1011111 #
b11011111 -
b110101 '
b110101 ,
b101001 &
b101001 +
b100010111 *
#363000
b1001101 #
b11001101 -
b11010 '
b11010 ,
b110010 &
b110010 +
b100011000 *
#364000
b1111111 #
b11111111 -
b111101 '
b111101 ,
b1000001 &
b1000001 +
b100011001 *
#365000
b11100 #
0!
b11100 -
b111000 '
b111000 ,
b1100011 &
b1100011 +
b100011010 *
#366000
b10000 #
b10000 -
b101110 '
b101110 ,
b1100001 &
b1100001 +
b100011011 *
#367000
b1001011 #
1!
b11001011 -
b11000 '
b11000 ,
b110010 &
b110010 +
b100011100 *
#368000
b1100001 #
b11100001 -
b1001111 '
b1001111 ,
b10001 &
b10001 +
b100011101 *
#369000
b100100 #
0!
b100100 -
b1010110 '
b1010110 ,
b1001101 &
b1001101 +
b100011110 *
#370000
b1100000 #
1!
b11100000 -
b11 '
b11 ,
b1011100 &
b1011100 +
b100011111 *
#371000
b1000100 #
0!
b1000100 -
b1001100 '
b1001100 ,
b1110111 &
b1110111 +
b100100000 *
#372000
b110101 #
b110101 -
b1000000 '
b1000000 ,
b1110100 &
b1110100 +
b1010011 )
#373000
b1001111 #
b1001111 -
b1111110 '
b1111110 ,
b1010000 &
b1010000 +
b100100001 *
#374000
b1111101 #
1!
b11111101 -
b1010100 '
b1010100 ,
b101000 &
b101000 +
b1010100 )
#375000
b111110 #
0!
b111110 -
b1010111 '
b1010111 ,
b1100110 &
b1100110 +
b100100010 *
#376000
b1100000 #
1!
b11100000 -
b111110 '
b111110 ,
b100001 &
b100001 +
b100100011 *
#377000
b1101000 #
b11101000 -
b11100 '
b11100 ,
b1001011 &
b1001011 +
b100100100 *
#378000
b100111 #
b10100111 -
b1100 '
b1100 ,
b11010 &
b11010 +
b100100101 *
#379000
b1001000 #
b11001000 -
b1000011 '
b1000011 ,
b100 &
b100 +
b1010101 )
#380000
b1001 #
0!
b1001 -
b1000101 '
b1000101 ,
b1000011 &
b1000011 +
b100100110 *
#381000
b110110 #
b110110 -
b1100101 '
b1100101 ,
b1010000 &
b1010000 +
b100100111 *
#382000
b1110110 #
1!
b11110110 -
b100000 '
b100000 ,
b1010101 &
b1010101 +
b100101000 *
#383000
b1110101 #
b11110101 -
b110000 '
b110000 ,
b1000100 &
b1000100 +
b100101001 *
#384000
b1110011 #
b11110011 -
b110111 '
b110111 ,
b111011 &
b111011 +
b100101010 *
#385000
b1101000 #
b11101000 -
b1001001 '
b1001001 ,
b11110 &
b11110 +
b100101011 *
#386000
b1100000 #
b11100000 -
b1001000 '
b1001000 ,
b10111 &
b10111 +
b100101100 *
#387000
b111001 #
0!
b111001 -
b1001110 '
b1001110 ,
b1101010 &
b1101010 +
b100101101 *
#388000
b111011 #
b111011 -
b1110010 '
b1110010 ,
b1001000 &
b1001000 +
b100101110 *
#389000
b1010010 #
1!
b11010010 -
b100000 '
b100000 ,
b110001 &
b110001 +
b100101111 *
#390000
b100101 #
0!
b100101 -
b110001 '
b110001 ,
b1110011 &
b1110011 +
b100110000 *
#391000
b0 #
1!
b0 -
b1110110 '
b1110110 ,
b1001 &
b1001 +
b100110001 *
#392000
b1100000 #
b11100000 -
b1011101 '
b1011101 ,
b10 &
b10 +
b100110010 *
#393000
b1110100 #
b11110100 -
b110 '
b110 ,
b1101101 &
b1101101 +
b100110011 *
#394000
b1101111 #
b11101111 -
b100000 '
b100000 ,
b1001110 &
b1001110 +
b100110100 *
#395000
b101011 #
b10101011 -
b10100 '
b10100 ,
b10110 &
b10110 +
b100110101 *
#396000
b10010 #
0!
b10010 -
b1101001 '
b1101001 ,
b101000 &
b101000 +
b1010110 )
#397000
b1010100 #
b1010100 -
b1111010 '
b1111010 ,
b1011001 &
b1011001 +
b100110110 *
#398000
b1010111 #
1!
b11010111 -
b10101 '
b10101 ,
b1000001 &
b1000001 +
b1010111 )
#399000
b1001001 #
b11001001 -
b110010 '
b110010 ,
b10110 &
b10110 +
b100110111 *
#400000
b1100000 #
b11100000 -
b1101 '
b1101 ,
b1010010 &
b1010010 +
b100111000 *
#401000
b101100 #
0!
b101100 -
b101101 '
b101101 ,
b1111110 &
b1111110 +
b100111001 *
#402000
b110101 #
b110101 -
b1100000 '
b1100000 ,
b1010100 &
b1010100 +
b100111010 *
#403000
b110100 #
b110100 -
b1001101 '
b1001101 ,
b1100110 &
b1100110 +
b100111011 *
#404000
b101011 #
b101011 -
b111110 '
b111110 ,
b1101100 &
b1101100 +
b100111100 *
#405000
b1100000 #
1!
b11100000 -
b1100 '
b1100 ,
b1010011 &
b1010011 +
b100111101 *
#406000
b111110 #
b10111110 -
b110111 '
b110111 ,
b110 &
b110 +
b100111110 *
#407000
b1101010 #
b11101010 -
b1011000 '
b1011000 ,
b10001 &
b10001 +
b1011000 )
#408000
b1101100 #
b11101100 -
b1010101 '
b1010101 ,
b10110 &
b10110 +
b100111111 *
#409000
b1001110 #
b11001110 -
b10 '
b10 ,
b1001011 &
b1001011 +
b101000000 *
#410000
b1101100 #
b11101100 -
b110100 '
b110100 ,
b110111 &
b110111 +
b101000001 *
#411000
b1000101 #
0!
b1000101 -
b1111010 '
b1111010 ,
b1001010 &
b1001010 +
b101000010 *
#412000
b1001100 #
b1001100 -
b1110101 '
b1110101 ,
b1010110 &
b1010110 +
b1011001 )
#413000
b1100110 #
b1100110 -
b1110000 &
b1110000 +
b1011010 )
#414000
b1001001 #
b1001001 -
b1011111 '
b1011111 ,
b1101001 &
b1101001 +
b1011011 )
#415000
b1111001 #
1!
b11111001 -
b11 '
b11 ,
b1110101 &
b1110101 +
b1011100 )
#416000
b1001 #
0!
b1001 -
b1101000 '
b1101000 ,
b100000 &
b100000 +
b101000011 *
#417000
b10000 #
b10000 -
b1101111 '
b1101111 ,
b101000100 *
#418000
b1101111 #
1!
b11101111 -
b11101 '
b11101 ,
b1010001 &
b1010001 +
b101000101 *
#419000
b101000110 *
#420000
b110000 #
0!
b110000 -
b1110001 '
b1110001 ,
b111110 &
b111110 +
b101000111 *
#421000
b1110000 #
1!
b11110000 -
b10100 '
b10100 ,
b1011011 &
b1011011 +
b101001000 *
#422000
b1110100 #
b11110100 -
b100111 '
b100111 ,
b1001100 &
b1001100 +
b101001001 *
#423000
b1011011 #
b11011011 -
b101011 '
b101011 ,
b101111 &
b101111 +
b101001010 *
#424000
b11110 #
b10011110 -
b11010 '
b11010 ,
b11 &
b11 +
b101001011 *
#425000
b1100100 #
b11100100 -
b110111 '
b110111 ,
b101100 &
b101100 +
b1011101 )
#426000
b1100 #
0!
b1100 -
b1101010 '
b1101010 ,
b100001 &
b100001 +
b101001100 *
#427000
b111011 #
b111011 -
b1110000 '
b1110000 ,
b1001010 &
b1001010 +
b101001101 *
#428000
b1011011 #
b1011011 -
b1110100 '
b1110100 ,
b1100110 &
b1100110 +
b101001110 *
#429000
b1101101 #
1!
b11101101 -
b111110 '
b111110 ,
b101110 &
b101110 +
b1011110 )
#430000
b10011 #
0!
b10011 -
b1110000 '
b1110000 ,
b100010 &
b100010 +
b101001111 *
#431000
b10000 #
b10000 -
b1011100 '
b1011100 ,
b110011 &
b110011 +
b101010000 *
#432000
b1000000 #
b1000000 -
b1011000 '
b1011000 ,
b1100111 &
b1100111 +
b101010001 *
#433000
b1001110 #
1!
b11001110 -
b101111 '
b101111 ,
b11110 &
b11110 +
b1011111 )
#434000
b1010101 #
b11010101 -
b110000 '
b110000 ,
b100100 &
b100100 +
b101010010 *
#435000
b1110110 #
b11110110 -
b11111 '
b11111 ,
b1010110 &
b1010110 +
b101010011 *
#436000
b1101010 #
b11101010 -
b10100 '
b10100 ,
b1010101 &
b1010101 +
b101010100 *
#437000
b1100 #
0!
b1100 -
b1111001 '
b1111001 ,
b10010 &
b10010 +
b101010101 *
#438000
b101010 #
b101010 -
b1100000 '
b1100000 ,
b1001001 &
b1001001 +
b101010110 *
#439000
b101 #
b101 -
b1101110 '
b1101110 ,
b10110 &
b10110 +
b101010111 *
#440000
b11 #
b11 -
b11101 '
b11101 ,
b1100101 &
b1100101 +
b101011000 *
#441000
b110110 #
b110110 -
b1111001 '
b1111001 ,
b111100 &
b111100 +
b101011001 *
#442000
b1101101 #
1!
b11101101 -
b1000001 '
b1000001 ,
b101011 &
b101011 +
b101011010 *
#443000
b100 #
0!
b100 -
b1111111 '
b1111111 ,
b100 &
b100 +
b101011011 *
#444000
b1011100 #
1!
b11011100 -
b110001 '
b110001 ,
b101010 &
b101010 +
b101011100 *
#445000
b0 #
b0 -
b110000 '
b110000 ,
b1001111 &
b1001111 +
b101011101 *
#446000
b110011 #
0!
b110011 -
b1010110 '
b1010110 ,
b1011100 &
b1011100 +
b101011110 *
#447000
b1101000 #
1!
b11101000 -
b111111 '
b111111 ,
b101000 &
b101000 +
b101011111 *
#448000
b1001100 #
0!
b1001100 -
b1101110 '
b1101110 ,
b1011101 &
b1011101 +
b101100000 *
#449000
b110001 #
b110001 -
b111000 '
b111000 ,
b1111000 &
b1111000 +
b1100000 )
#450000
b1011110 #
1!
b11011110 -
b100110 '
b100110 ,
b110111 &
b110111 +
b101100001 *
#451000
b101100 #
0!
b101100 -
b1000100 '
b1000100 ,
b1100111 &
b1100111 +
b101100010 *
#452000
b1101100 #
b1101100 -
b1101111 '
b1101111 ,
b1111100 &
b1111100 +
b101100011 *
#453000
b1011000 #
b1011000 -
b1101101 '
b1101101 ,
b1101010 &
b1101010 +
b1100001 )
#454000
b1111000 #
1!
b11111000 -
b1100010 '
b1100010 ,
b10101 &
b10101 +
b1100010 )
#455000
b1110000 #
b11110000 -
b1101011 '
b1101011 ,
b100 &
b100 +
b101100100 *
#456000
b11100 #
0!
b11100 -
b1001110 '
b1001110 ,
b1001101 &
b1001101 +
b101100101 *
#457000
b1011001 #
1!
b11011001 -
b1001011 '
b1001011 ,
b1101 &
b1101 +
b101100110 *
#458000
b1100011 #
b11100011 -
b10101 '
b10101 ,
b1001101 &
b1001101 +
b101100111 *
#459000
b1101100 #
b11101100 -
b111100 '
b111100 ,
b101111 &
b101111 +
b101101000 *
#460000
b1011010 #
b11011010 -
b110000 '
b110000 ,
b101001 &
b101001 +
b101101001 *
#461000
b1001010 #
b11001010 -
b10000 '
b10000 ,
b111001 &
b111001 +
b101101010 *
#462000
b1011001 #
b11011001 -
b111110 '
b111110 ,
b11010 &
b11010 +
b101101011 *
#463000
b110011 #
0!
b110011 -
b1111111 '
b1111111 ,
b110011 &
b110011 +
b101101100 *
#464000
b1101000 #
1!
b11101000 -
b111010 '
b111010 ,
b101101 &
b101101 +
b101101101 *
#465000
b10111 #
b10010111 -
b100 '
b100 ,
b10010 &
b10010 +
b101101110 *
#466000
b111001 #
0!
b111001 -
b1101011 '
b1101011 ,
b1001101 &
b1001101 +
b1100011 )
#467000
b1000111 #
1!
b11000111 -
b1000 '
b1000 ,
b111110 &
b111110 +
b101101111 *
#468000
b111111 #
b10111111 -
b110110 &
b110110 +
b101110000 *
#469000
b110 #
0!
b110 -
b1010 '
b1010 ,
b1111011 &
b1111011 +
b1100100 )
#470000
b100110 #
b100110 -
b1000111 '
b1000111 ,
b1011110 &
b1011110 +
b101110001 *
#471000
b1110101 #
1!
b11110101 -
b111010 '
b111010 ,
b111010 &
b111010 +
b101110010 *
#472000
b1011110 #
b11011110 -
b11011 '
b11011 ,
b1000010 &
b1000010 +
b101110011 *
#473000
b1110111 #
b11110111 -
b1011111 '
b1011111 ,
b10111 &
b10111 +
b101110100 *
#474000
b1110100 #
b11110100 -
b100010 '
b100010 ,
b1010001 &
b1010001 +
b101110101 *
#475000
b10010 #
0!
b10010 -
b1001101 '
b1001101 ,
b1000100 &
b1000100 +
b101110110 *
#476000
b1011001 #
1!
b11011001 -
b111000 '
b111000 ,
b100000 &
b100000 +
b101110111 *
#477000
b110 #
0!
b110 -
b10010 '
b10010 ,
b1110011 &
b1110011 +
b101111000 *
#478000
b1101001 #
b1101001 -
b1110011 '
b1110011 ,
b1110101 &
b1110101 +
b101111001 *
#479000
b1110111 #
1!
b11110111 -
b111101 '
b111101 ,
b111001 &
b111001 +
b1100101 )
#480000
b1000010 #
0!
b1000010 -
b1000110 '
b1000110 ,
b1111011 &
b1111011 +
b101111010 *
#481000
b1110100 #
1!
b11110100 -
b111011 '
b111011 ,
b111000 &
b111000 +
b1100110 )
#482000
b1001000 #
0!
b1001000 -
b1001011 '
b1001011 ,
b1111100 &
b1111100 +
b101111011 *
#483000
b1001111 #
b1001111 -
b1110111 '
b1110111 ,
b1010111 &
b1010111 +
b1100111 )
#484000
b1011111 #
1!
b11011111 -
b100011 '
b100011 ,
b111011 &
b111011 +
b1101000 )
#485000
b1011110 #
0!
b1011110 -
b1011110 '
b1011110 ,
b1111111 &
b1111111 +
b101111100 *
#486000
b110100 #
b110100 -
b1001001 '
b1001001 ,
b1101010 &
b1101010 +
b1101001 )
#487000
b1000011 #
b1000011 -
b1000100 '
b1000100 ,
b1111110 &
b1111110 +
b101111101 *
#488000
b110010 #
b110010 -
b1101110 '
b1101110 ,
b1000011 &
b1000011 +
b1101010 )
#489000
b1001100 #
1!
b11001100 -
b10010 '
b10010 ,
b111001 &
b111001 +
b101111110 *
#490000
b1011101 #
b11011101 -
b10 '
b10 ,
b1011010 &
b1011010 +
b101111111 *
#491000
b1101100 #
b11101100 -
b1100101 '
b1100101 ,
b110 &
b110 +
b110000000 *
#492000
b1001110 #
b11001110 -
b1001011 '
b1001011 ,
b10 &
b10 +
b110000001 *
#493000
b1001 #
0!
b1001 -
b1011001 '
b1011001 ,
b101111 &
b101111 +
b110000010 *
#494000
b1111011 #
1!
b11111011 -
b1011101 '
b1011101 ,
b11101 &
b11101 +
b110000011 *
#495000
b1001 #
0!
b1001 -
b1100101 '
b1100101 ,
b100011 &
b100011 +
b110000100 *
#496000
b1111110 #
1!
b11111110 -
b11111 '
b11111 ,
b1011110 &
b1011110 +
b110000101 *
#497000
b1001110 #
b11001110 -
b110010 '
b110010 ,
b11011 &
b11011 +
b110000110 *
#498000
b100000 #
0!
b100000 -
b1101101 '
b1101101 ,
b110010 &
b110010 +
b110000111 *
#499000
b100010 #
b100010 -
b101011 '
b101011 ,
b1110110 &
b1110110 +
b110001000 *
#500000
b111011 #
b111011 -
b1000011 '
b1000011 ,
b1110111 &
b1110111 +
b110001001 *
#501000
b111101 #
b111101 -
b1100000 '
b1100000 ,
b1011100 &
b1011100 +
b110001010 *
#502000
b1010110 #
1!
b11010110 -
b1000001 '
b1000001 ,
b10100 &
b10100 +
b110001011 *
#503000
b1011111 #
b11011111 -
b111110 '
b111110 ,
b100000 &
b100000 +
b110001100 *
#504000
b1110100 #
b11110100 -
b110010 '
b110010 ,
b1000001 &
b1000001 +
b110001101 *
#505000
b101010 #
0!
b101010 -
b1110010 '
b1110010 ,
b110111 &
b110111 +
b110001110 *
#506000
b1110 #
b1110 -
b101100 '
b101100 ,
b1100001 &
b1100001 +
b110001111 *
#507000
b111111 #
b111111 -
b1000100 '
b1000100 ,
b1111010 &
b1111010 +
b110010000 *
#508000
b100011 #
b100011 -
b101011 '
b101011 ,
b1110111 &
b1110111 +
b110010001 *
#509000
b111000 #
b111000 -
b1110101 '
b1110101 ,
b1000010 &
b1000010 +
b110010010 *
#510000
b1011100 #
1!
b11011100 -
b11 '
b11 ,
b1011000 &
b1011000 +
b110010011 *
#511000
b11001 #
0!
b11001 -
b110100 '
b110100 ,
b1100100 &
b1100100 +
b110010100 *
#512000
b110010 #
b110010 -
b1001011 '
b1001011 ,
b1100110 &
b1100110 +
b110010101 *
#513000
b1000001 #
b1000001 -
b1101101 '
b1101101 ,
b1010011 &
b1010011 +
b110010110 *
#514000
b1001 #
b1001 -
b1010111 '
b1010111 ,
b110001 &
b110001 +
b1101011 )
#515000
b1110011 #
1!
b11110011 -
b1001011 '
b1001011 ,
b100111 &
b100111 +
b110010111 *
#516000
b111000 #
b10111000 -
b100110 '
b100110 ,
b10001 &
b10001 +
b110011000 *
#517000
b10011 #
0!
b10011 -
b1111010 '
b1111010 ,
b11000 &
b11000 +
b1101100 )
#518000
b1101111 #
1!
b11101111 -
b100011 '
b100011 ,
b1001011 &
b1001011 +
b110011001 *
#519000
b11100 #
0!
b11100 -
b101010 '
b101010 ,
b1110001 &
b1110001 +
b110011010 *
#520000
b1110110 #
1!
b11110110 -
b1001101 '
b1001101 ,
b101000 &
b101000 +
b110011011 *
#521000
b1110111 #
b11110111 -
b111010 '
b111010 ,
b111100 &
b111100 +
b110011100 *
#522000
b101000 #
0!
b101000 -
b1110100 '
b1110100 ,
b110011 &
b110011 +
b110011101 *
#523000
b100110 #
b100110 -
b110111 '
b110111 ,
b1101110 &
b1101110 +
b110011110 *
#524000
b110110 #
b110110 -
b1010110 '
b1010110 ,
b1011111 &
b1011111 +
b110011111 *
#525000
b1101 #
b1101 -
b1100101 '
b1100101 ,
b100111 &
b100111 +
b110100000 *
#526000
b1100 #
1!
b10001100 -
b1010 '
b1010 ,
b1 &
b1 +
b110100001 *
#527000
b100111 #
0!
b100111 -
b110101 '
b110101 ,
b1110001 &
b1110001 +
b1101101 )
#528000
b1101011 #
1!
b11101011 -
b1010011 '
b1010011 ,
b10111 &
b10111 +
b110100010 *
#529000
b1111100 #
b11111100 -
b11111 '
b11111 ,
b1011100 &
b1011100 +
b110100011 *
#530000
b10 #
0!
b10 -
b1101110 '
b1101110 ,
b10011 &
b10011 +
b110100100 *
#531000
b1000111 #
1!
b11000111 -
b1110 '
b1110 ,
b111000 &
b111000 +
b110100101 *
#532000
b101101 #
0!
b101101 -
b1001100 '
b1001100 ,
b1100000 &
b1100000 +
b110100110 *
#533000
b1100011 #
b1100011 -
b1111111 '
b1111111 ,
b1100011 &
b1100011 +
b110100111 *
#534000
b11011 #
1!
b10011011 -
b11 '
b11 ,
b10111 &
b10111 +
b1101110 )
#535000
b100111 #
0!
b100111 -
b1011010 '
b1011010 ,
b1001100 &
b1001100 +
b1101111 )
#536000
b1111100 #
1!
b11111100 -
b100110 '
b100110 ,
b1010101 &
b1010101 +
b110101000 *
#537000
b101010 #
0!
b101010 -
b1010010 '
b1010010 ,
b1010111 &
b1010111 +
b110101001 *
#538000
b11 #
b11 -
b1110 '
b1110 ,
b1110100 &
b1110100 +
b110101010 *
#539000
b10101 #
b10101 -
b11110 '
b11110 ,
b1110110 &
b1110110 +
b110101011 *
#540000
b1011000 #
1!
b11011000 -
b1001 '
b1001 ,
b1001110 &
b1001110 +
b110101100 *
#541000
b11000 #
b10011000 -
b10101 '
b10101 ,
b10 &
b10 +
b110101101 *
#542000
b1000000 #
b11000000 -
b110100 '
b110100 ,
b1011 &
b1011 +
b1110000 )
#543000
b111 #
0!
b111 -
b1000000 '
b1000000 ,
b1000110 &
b1000110 +
b110101110 *
#544000
b100110 #
b100110 -
b111010 '
b111010 ,
b1101011 &
b1101011 +
b110101111 *
#545000
b1000100 #
1!
b11000100 -
b101000 '
b101000 ,
b11011 &
b11011 +
b110110000 *
#546000
b111100 #
0!
b111100 -
b1110100 '
b1110100 ,
b1000111 &
b1000111 +
b110110001 *
#547000
b1110111 #
1!
b11110111 -
b110110 '
b110110 ,
b1000000 &
b1000000 +
b110110010 *
#548000
b1100111 #
0!
b1100111 -
b1110000 '
b1110000 ,
b1110110 &
b1110110 +
b110110011 *
#549000
b1001000 #
1!
b11001000 -
b110100 '
b110100 ,
b10011 &
b10011 +
b1110001 )
#550000
b101001 #
b10101001 -
b10100 '
b10100 ,
b10100 &
b10100 +
b110110100 *
#551000
b1111110 #
b11111110 -
b1101100 '
b1101100 ,
b10001 &
b10001 +
b1110010 )
#552000
b1000000 #
b11000000 -
b100000 '
b100000 ,
b11111 &
b11111 +
b110110101 *
#553000
b1010010 #
0!
b1010010 -
b1010010 '
b1010010 ,
b1111111 &
b1111111 +
b110110110 *
#554000
b101101 #
1!
b10101101 -
b1100 '
b1100 ,
b100000 &
b100000 +
b1110011 )
#555000
b1001010 #
0!
b1001010 -
b1100000 '
b1100000 ,
b1101001 &
b1101001 +
b1110100 )
#556000
b1010000 #
1!
b11010000 -
b1000000 '
b1000000 ,
b1111 &
b1111 +
b1110101 )
#557000
b1111001 #
b11111001 -
b1011111 '
b1011111 ,
b11001 &
b11001 +
b110110111 *
#558000
b1100000 #
0!
b1100000 -
b1100011 '
b1100011 ,
b1111100 &
b1111100 +
b110111000 *
#559000
b1100010 #
b1100010 -
b1111010 '
b1111010 ,
b1100111 &
b1100111 +
b1110110 )
#560000
b1010101 #
1!
b11010101 -
b10 '
b10 ,
b1010010 &
b1010010 +
b1110111 )
#561000
b1101100 #
b11101100 -
b10100 '
b10100 ,
b1010111 &
b1010111 +
b110111001 *
#562000
b11100 #
b10011100 -
b1001 '
b1001 ,
b10010 &
b10010 +
b110111010 *
#563000
b110010 #
b10110010 -
b10110 '
b10110 ,
b11011 &
b11011 +
b1111000 )
#564000
b100011 #
b10100011 -
b1011 '
b1011 ,
b10111 &
b10111 +
b1111001 )
#565000
b1101010 #
b11101010 -
b1001001 '
b1001001 ,
b100000 &
b100000 +
b1111010 )
#566000
b11011 #
0!
b11011 -
b100101 '
b100101 ,
b1110101 &
b1110101 +
b110111011 *
#567000
b1110100 #
1!
b11110100 -
b1001111 '
b1001111 ,
b100100 &
b100100 +
b110111100 *
#568000
b1101101 #
b11101101 -
b11011 '
b11011 ,
b1010001 &
b1010001 +
b110111101 *
#569000
b1110 #
0!
b1110 -
b1111101 '
b1111101 ,
b10000 &
b10000 +
b110111110 *
#570000
b1100010 #
1!
b11100010 -
b1011100 '
b1011100 ,
b101 &
b101 +
b110111111 *
#571000
b1100001 #
0!
b1100001 -
b1111000 '
b1111000 ,
b1101000 &
b1101000 +
b111000000 *
#572000
b1010111 #
1!
b11010111 -
b110010 '
b110010 ,
b100100 &
b100100 +
b1111011 )
#573000
b1100111 #
b11100111 -
b1100 '
b1100 ,
b1011010 &
b1011010 +
b111000001 *
#574000
b1000 #
0!
b1000 -
b10101 '
b10101 ,
b1110010 &
b1110010 +
b111000010 *
#575000
b110100 #
b110100 -
b1010111 '
b1010111 ,
b1011100 &
b1011100 +
b111000011 *
#576000
b1100001 #
1!
b11100001 -
b101101 '
b101101 ,
b110011 &
b110011 +
b111000100 *
#577000
b1100011 #
b11100011 -
b100000 '
b100000 ,
b1000010 &
b1000010 +
b111000101 *
#578000
b111100 #
b10111100 -
b101100 '
b101100 ,
b1111 &
b1111 +
b111000110 *
#579000
b1111000 #
b11111000 -
b1100 '
b1100 ,
b1101011 &
b1101011 +
b1111100 )
#580000
b11001 #
0!
b11001 -
b1010111 '
b1010111 ,
b1000001 &
b1000001 +
b111000111 *
#581000
b1110 #
b1110 -
b1011111 '
b1011111 ,
b101110 &
b101110 +
b111001000 *
#582000
b100110 #
1!
b10100110 -
b100011 '
b100011 ,
b10 &
b10 +
b111001001 *
#583000
b101111 #
0!
b101111 -
b111100 '
b111100 ,
b1110010 &
b1110010 +
b1111101 )
#584000
b100111 #
b100111 -
b1111001 '
b1111001 ,
b101101 &
b101101 +
b111001010 *
#585000
b10110 #
b10110 -
b1001000 '
b1001000 ,
b1001101 &
b1001101 +
b111001011 *
#586000
b11000 #
b11000 -
b1001100 '
b1001100 ,
b1001011 &
b1001011 +
b111001100 *
#587000
b1000101 #
b1000101 -
b1101101 '
b1101101 ,
b1010111 &
b1010111 +
b111001101 *
#588000
b11101 #
b11101 -
b1011001 '
b1011001 ,
b1000011 &
b1000011 +
b1111110 )
#589000
b101100 #
b101100 -
b1010010 '
b1010010 ,
b1011001 &
b1011001 +
b111001110 *
#590000
b1001 #
b1001 -
b1100110 '
b1100110 ,
b100010 &
b100010 +
b111001111 *
#591000
b1001110 #
1!
b11001110 -
b11010 '
b11010 ,
b110011 &
b110011 +
b111010000 *
#592000
b100011 #
0!
b100011 -
b111000 '
b111000 ,
b1101010 &
b1101010 +
b111010001 *
#593000
b100110 #
b100110 -
b110110 '
b110110 ,
b1101111 &
b1101111 +
b111010010 *
#594000
b1101001 #
1!
b11101001 -
b111000 '
b111000 ,
b110000 &
b110000 +
b111010011 *
#595000
b11111 #
b10011111 -
b111 '
b111 ,
b10111 &
b10111 +
b111010100 *
#596000
b1101110 #
b11101110 -
b1001001 '
b1001001 ,
b100100 &
b100100 +
b1111111 )
#597000
b100 #
b10000100 -
b10 '
b10 ,
b1 &
b1 +
b111010101 *
#598000
b110110 #
b10110110 -
b11010 '
b11010 ,
b11011 &
b11011 +
b10000000 )
#599000
b101010 #
0!
b101010 -
b111101 '
b111101 ,
b1101100 &
b1101100 +
b10000001 )
#600000
b1111111 #
1!
b11111111 -
b10101 '
b10101 ,
b1101001 &
b1101001 +
b111010110 *
#601000
b110001 #
0!
b110001 -
b1010011 '
b1010011 ,
b1011101 &
b1011101 +
b111010111 *
#602000
b1110101 #
1!
b11110101 -
b111 '
b111 ,
b1101101 &
b1101101 +
b111011000 *
#603000
b110011 #
0!
b110011 -
b1010001 '
b1010001 ,
b1100001 &
b1100001 +
b111011001 *
#604000
b1000001 #
b1000001 -
b1100111 '
b1100111 ,
b1011001 &
b1011001 +
b111011010 *
#605000
b100101 #
b100101 -
b1010101 '
b1010101 ,
b1001111 &
b1001111 +
b10000010 )
#606000
b1101001 #
1!
b11101001 -
b10011 '
b10011 ,
b1010101 &
b1010101 +
b111011011 *
#607000
b1010110 #
b11010110 -
b1010100 '
b1010100 ,
b1 &
b1 +
b111011100 *
#608000
b1101101 #
b11101101 -
b100001 '
b100001 ,
b1001011 &
b1001011 +
b111011101 *
#609000
b1001001 #
0!
b1001001 -
b1101110 '
b1101110 ,
b1011010 &
b1011010 +
b111011110 *
#610000
b100100 #
b100100 -
b1101000 '
b1101000 ,
b111011 &
b111011 +
b10000011 )
#611000
b1010010 #
1!
b11010010 -
b10 '
b10 ,
b1001111 &
b1001111 +
b111011111 *
#612000
b1000000 #
b11000000 -
b10101 '
b10101 ,
b101010 &
b101010 +
b111100000 *
#613000
b110110 #
b10110110 -
b101110 '
b101110 ,
b111 &
b111 +
b111100001 *
#614000
b1101001 #
b11101001 -
b110101 '
b110101 ,
b110011 &
b110011 +
b10000100 )
#615000
b110100 #
b10110100 -
b101010 '
b101010 ,
b1001 &
b1001 +
b111100010 *
#616000
b1 #
0!
b1 -
b1001101 '
b1001101 ,
b110011 &
b110011 +
b10000101 )
#617000
b111110 #
b111110 -
b1101101 '
b1101101 ,
b1010000 &
b1010000 +
b111100011 *
#618000
b1010100 #
1!
b11010100 -
b10110 '
b10110 ,
b111101 &
b111101 +
b111100100 *
#619000
b1000010 #
0!
b1000010 -
b1001001 '
b1001001 ,
b1111000 &
b1111000 +
b111100101 *
#620000
b1011011 #
1!
b11011011 -
b1010001 '
b1010001 ,
b1001 &
b1001 +
b10000110 )
#621000
b1000110 #
b11000110 -
b100111 '
b100111 ,
b11110 &
b11110 +
b111100110 *
#622000
b1011101 #
0!
b1011101 -
b1110010 '
b1110010 ,
b1101010 &
b1101010 +
b111100111 *
#623000
b1000011 #
b1000011 -
b1100001 '
b1100001 ,
b1100001 &
b1100001 +
b10000111 )
#624000
b1111111 #
1!
b11111111 -
b1100010 '
b1100010 ,
b11100 &
b11100 +
b10001000 )
#625000
b1110011 #
b11110011 -
b1101 '
b1101 ,
b1100101 &
b1100101 +
b111101000 *
#626000
b100100 #
0!
b100100 -
b1010100 '
b1010100 ,
b1001111 &
b1001111 +
b111101001 *
#627000
b1110 #
1!
b10001110 -
b111 '
b111 ,
b110 &
b110 +
b111101010 *
#628000
b11101 #
0!
b11101 -
b101101 '
b101101 ,
b1101111 &
b1101111 +
b10001001 )
#629000
b11111 #
b11111 -
b1001011 '
b1001011 ,
b1010011 &
b1010011 +
b111101011 *
#630000
b10010 #
b10010 -
b111011 '
b111011 ,
b1010110 &
b1010110 +
b111101100 *
#631000
b1101111 #
1!
b11101111 -
b100111 '
b100111 ,
b1000111 &
b1000111 +
b111101101 *
#632000
b101001 #
0!
b101001 -
b1111000 '
b1111000 ,
b110000 &
b110000 +
b111101110 *
#633000
b101100 #
1!
b10101100 -
b10010 '
b10010 ,
b11001 &
b11001 +
b111101111 *
#634000
b1000110 #
0!
b1000110 -
b1100001 '
b1100001 ,
b1100100 &
b1100100 +
b10001010 )
#635000
b1010111 #
1!
b11010111 -
b100 '
b100 ,
b1010010 &
b1010010 +
b10001011 )
#636000
b1110100 #
b11110100 -
b1000111 '
b1000111 ,
b101100 &
b101100 +
b111110000 *
#637000
b10101 #
0!
b10101 -
b1001010 '
b1001010 ,
b1001010 &
b1001010 +
b111110001 *
#638000
b1010011 #
b1010011 -
b1111011 '
b1111011 ,
b1010111 &
b1010111 +
b111110010 *
#639000
b1100010 #
b1100010 -
b1101110 '
b1101110 ,
b1110011 &
b1110011 +
b10001100 )
#640000
b10001 #
b10001 -
b1110010 '
b1110010 ,
b11110 &
b11110 +
b10001101 )
#641000
b1011111 #
1!
b11011111 -
b111 '
b111 ,
b1010111 &
b1010111 +
b111110011 *
#642000
b1010000 #
0!
b1010000 -
b1110010 '
b1110010 ,
b1011101 &
b1011101 +
b111110100 *
#643000
b100100 #
b100100 -
b101101 '
b101101 ,
b1110110 &
b1110110 +
b10001110 )
#644000
b1010 #
b1010 -
b1000001 '
b1000001 ,
b1001000 &
b1001000 +
b111110101 *
#645000
b1010010 #
1!
b11010010 -
b110011 '
b110011 ,
b11110 &
b11110 +
b111110110 *
#646000
b110110 #
b10110110 -
b10001 '
b10001 ,
b100100 &
b100100 +
b111110111 *
#647000
b1010010 #
b11010010 -
b100111 '
b100111 ,
b101010 &
b101010 +
b10001111 )
#648000
b1101000 #
0!
b1101000 -
b1110000 '
b1110000 ,
b1110111 &
b1110111 +
b111111000 *
#649000
b1 #
b1 -
b1101110 '
b1101110 ,
b10010 &
b10010 +
b10010000 )
#650000
b1101 #
b1101 -
b101100 '
b101100 ,
b1100000 &
b1100000 +
b111111001 *
#651000
b101111 #
b101111 -
b1000010 '
b1000010 ,
b1101100 &
b1101100 +
b111111010 *
#652000
b1011 #
b1011 -
b111000 '
b111000 ,
b1010010 &
b1010010 +
b111111011 *
#653000
b101011 #
b101011 -
b101011 '
b101011 ,
b1111111 &
b1111111 +
b111111100 *
#654000
b1101100 #
1!
b11101100 -
b1000011 '
b1000011 ,
b101000 &
b101000 +
b111111101 *
#655000
b1010100 #
0!
b1010100 -
b1110110 '
b1110110 ,
b1011101 &
b1011101 +
b111111110 *
#656000
b1001101 #
1!
b11001101 -
b1001001 '
b1001001 ,
b11 &
b11 +
b10010001 )
#657000
b1011101 #
0!
b1011101 -
b1111111 '
b1111111 ,
b1011101 &
b1011101 +
b111111111 *
#658000
b1000111 #
1!
b11000111 -
b10111 '
b10111 ,
b101111 &
b101111 +
b10010010 )
#659000
b111011 #
b10111011 -
b11010 '
b11010 ,
b100000 &
b100000 +
b1000000000 *
#660000
b1111101 #
b11111101 -
b111110 '
b111110 ,
b111110 &
b111110 +
b10010011 )
#661000
b1110000 #
b11110000 -
b101001 '
b101001 ,
b1000110 &
b1000110 +
b1000000001 *
#662000
b10000 #
0!
b10000 -
b111011 '
b111011 ,
b1010100 &
b1010100 +
b1000000010 *
#663000
b101000 #
b101000 -
b1101100 '
b1101100 ,
b111011 &
b111011 +
b1000000011 *
#664000
b100010 #
1!
b10100010 -
b1000 '
b1000 ,
b11001 &
b11001 +
b1000000100 *
#665000
b1011000 #
0!
b1011000 -
b1011010 '
b1011010 ,
b1111101 &
b1111101 +
b10010100 )
#666000
b100001 #
1!
b10100001 -
b11011 '
b11011 ,
b101 &
b101 +
b10010101 )
#667000
b1011010 #
b11011010 -
b1001111 '
b1001111 ,
b1010 &
b1010 +
b10010110 )
#668000
b1111 #
0!
b1111 -
b1010001 '
b1010001 ,
b111101 &
b111101 +
b1000000101 *
#669000
b111000 #
1!
b10111000 -
b101000 '
b101000 ,
b1111 &
b1111 +
b1000000110 *
#670000
b1111100 #
0!
b1111100 -
b1111101 '
b1111101 ,
b1111110 &
b1111110 +
b10010111 )
#671000
b1101 #
b1101 -
b1000000 '
b1000000 ,
b1001100 &
b1001100 +
b10011000 )
#672000
b1010100 #
b1010100 -
b1011100 '
b1011100 ,
b1110111 &
b1110111 +
b1000000111 *
#673000
b1001110 #
1!
b11001110 -
b1000011 '
b1000011 ,
b1010 &
b1010 +
b10011001 )
#674000
b1011011 #
0!
b1011011 -
b1110101 '
b1110101 ,
b1100101 &
b1100101 +
b1000001000 *
#675000
b1001010 #
1!
b11001010 -
b1 '
b1 ,
b1001000 &
b1001000 +
b10011010 )
#676000
b1100101 #
b11100101 -
b1010010 '
b1010010 ,
b10010 &
b10010 +
b1000001001 *
#677000
b110011 #
0!
b110011 -
b1100010 '
b1100010 ,
b1010000 &
b1010000 +
b1000001010 *
#678000
b10000 #
b10000 -
b1011100 '
b1011100 ,
b110011 &
b110011 +
b1000001011 *
#679000
b1111 #
1!
b10001111 -
b100 '
b100 ,
b1010 &
b1010 +
b1000001100 *
#680000
b110001 #
b10110001 -
b10101 '
b10101 ,
b11011 &
b11011 +
b10011011 )
#681000
b1011011 #
0!
b1011011 -
b1011011 '
b1011011 ,
b1111111 &
b1111111 +
b10011100 )
#682000
b101110 #
b101110 -
b110000 '
b110000 ,
b1111101 &
b1111101 +
b10011101 )
#683000
b111011 #
1!
b10111011 -
b110 '
b110 ,
b110100 &
b110100 +
b1000001101 *
#684000
b1101010 #
0!
b1101010 -
b1111110 '
b1111110 ,
b1101011 &
b1101011 +
b10011110 )
#685000
b1111100 #
1!
b11111100 -
b1001 '
b1001 ,
b1110010 &
b1110010 +
b10011111 )
#686000
b1011 #
0!
b1011 -
b1111000 '
b1111000 ,
b10010 &
b10010 +
b1000001110 *
#687000
b1010111 #
b1010111 -
b1100010 '
b1100010 ,
b1110100 &
b1110100 +
b1000001111 *
#688000
b110110 #
1!
b10110110 -
b11100 '
b11100 ,
b11001 &
b11001 +
b10100000 )
#689000
b101100 #
0!
b101100 -
b1010011 '
b1010011 ,
b1011000 &
b1011000 +
b10100001 )
#690000
b10000 #
b10000 -
b11100 '
b11100 ,
b1110011 &
b1110011 +
b1000010000 *
#691000
b100010 #
b100010 -
b100101 '
b100101 ,
b1111100 &
b1111100 +
b1000010001 *
#692000
b100001 #
b100001 -
b1100110 '
b1100110 ,
b111010 &
b111010 +
b1000010010 *
#693000
b1100110 #
b1100110 -
b1111110 '
b1111110 ,
b1100111 &
b1100111 +
b1000010011 *
#694000
b1010110 #
1!
b11010110 -
b110010 '
b110010 ,
b100011 &
b100011 +
b10100010 )
#695000
b1111010 #
b11111010 -
b1001110 '
b1001110 ,
b101011 &
b101011 +
b1000010100 *
#696000
b1100001 #
0!
b1100001 -
b1101000 '
b1101000 ,
b1111000 &
b1111000 +
b1000010101 *
#697000
b1001110 #
1!
b11001110 -
b101000 '
b101000 ,
b100101 &
b100101 +
b10100011 )
#698000
b10010 #
0!
b10010 -
b1001001 '
b1001001 ,
b1001000 &
b1001000 +
b1000010110 *
#699000
b1001 #
b1001 -
b1001110 '
b1001110 ,
b111010 &
b111010 +
b1000010111 *
#700000
b1110011 #
1!
b11110011 -
b1100111 '
b1100111 ,
b1011 &
b1011 +
b1000011000 *
#701000
b1001110 #
b11001110 -
b1000 '
b1000 ,
b1000101 &
b1000101 +
b1000011001 *
#702000
b1010110 #
b11010110 -
b100101 '
b100101 ,
b110000 &
b110000 +
b1000011010 *
#703000
b1001101 #
b11001101 -
b1000001 '
b1000001 ,
b1011 &
b1011 +
b1000011011 *
#704000
b1111100 #
b11111100 -
b1111010 '
b1111010 ,
b1 &
b1 +
b1000011100 *
#705000
b1 #
0!
b1 -
b1011010 '
b1011010 ,
b100110 &
b100110 +
b1000011101 *
#706000
b100000 #
b100000 -
b1111010 '
b1111010 ,
b100101 &
b100101 +
b1000011110 *
#707000
b1100010 #
1!
b11100010 -
b1010100 '
b1010100 ,
b1101 &
b1101 +
b1000011111 *
#708000
b10 #
0!
b10 -
b100001 '
b100001 ,
b1100000 &
b1100000 +
b1000100000 *
#709000
b1101010 #
1!
b11101010 -
b1101 '
b1101 ,
b1011100 &
b1011100 +
b1000100001 *
#710000
b111010 #
b10111010 -
b11100 '
b11100 ,
b11101 &
b11101 +
b1000100010 *
#711000
b110000 #
0!
b110000 -
b1110011 '
b1110011 ,
b111100 &
b111100 +
b10100100 )
#712000
b1110100 #
1!
b11110100 -
b1010001 '
b1010001 ,
b100010 &
b100010 +
b1000100011 *
#713000
b100 #
0!
b100 -
b100011 '
b100011 ,
b1100000 &
b1100000 +
b1000100100 *
#714000
b1100001 #
1!
b11100001 -
b111101 &
b111101 +
b1000100101 *
#715000
b1010010 #
b11010010 -
b100000 '
b100000 ,
b110001 &
b110001 +
b1000100110 *
#716000
b1111000 #
b11111000 -
b1110010 '
b1110010 ,
b101 &
b101 +
b1000100111 *
#717000
b11000 #
0!
b11000 -
b1001010 '
b1001010 ,
b1001101 &
b1001101 +
b1000101000 *
#718000
b1001101 #
1!
b11001101 -
b1111 '
b1111 ,
b111101 &
b111101 +
b1000101001 *
#719000
b1100000 #
b11100000 -
b1110 '
b1110 ,
b1010001 &
b1010001 +
b1000101010 *
#720000
b100000 #
0!
b100000 -
b1100100 '
b1100100 ,
b111011 &
b111011 +
b1000101011 *
#721000
b1101011 #
1!
b11101011 -
b110001 '
b110001 ,
b111001 &
b111001 +
b1000101100 *
#722000
b1111001 #
b11111001 -
b1011100 '
b1011100 ,
b11100 &
b11100 +
b1000101101 *
#723000
b10 #
0!
b10 -
b1101101 '
b1101101 ,
b10100 &
b10100 +
b1000101110 *
#724000
b1010100 #
b1010100 -
b1101011 '
b1101011 ,
b1101000 &
b1101000 +
b1000101111 *
#725000
b110010 #
1!
b10110010 -
b1100 '
b1100 ,
b100101 &
b100101 +
b10100101 )
#726000
b1000101 #
b11000101 -
b10101 '
b10101 ,
b101111 &
b101111 +
b10100110 )
#727000
b1001011 #
0!
b1001011 -
b1101101 '
b1101101 ,
b1011101 &
b1011101 +
b1000110000 *
#728000
b11101 #
1!
b10011101 -
b11100 '
b11100 ,
b0 &
b0 +
b10100111 )
#729000
b1100111 #
b11100111 -
b1011100 '
b1011100 ,
b1010 &
b1010 +
b10101000 )
#730000
b1100011 #
b11100011 -
b1011011 '
b1011011 ,
b111 &
b111 +
b1000110001 *
#731000
b1110011 #
0!
b1110011 -
b1111111 '
b1111111 ,
b1110011 &
b1110011 +
b1000110010 *
#732000
b111100 #
b111100 -
b1000110 '
b1000110 ,
b1110101 &
b1110101 +
b10101001 )
#733000
b1011001 #
b1011001 -
b1100101 '
b1100101 ,
b1110011 &
b1110011 +
b1000110011 *
#734000
b10100 #
b10100 -
b1100001 '
b1100001 ,
b110010 &
b110010 +
b10101010 )
#735000
b1010111 #
1!
b11010111 -
b1001011 '
b1001011 ,
b1011 &
b1011 +
b1000110100 *
#736000
b10010 #
0!
b10010 -
b1001000 '
b1001000 ,
b1001001 &
b1001001 +
b1000110101 *
#737000
b11101 #
b11101 -
b1100000 '
b1100000 ,
b111100 &
b111100 +
b1000110110 *
#738000
b111100 #
b111100 -
b1101100 '
b1101100 ,
b1001111 &
b1001111 +
b1000110111 *
#739000
b1001010 #
b1001010 -
b1011011 '
b1011011 ,
b1101110 &
b1101110 +
b1000111000 *
#740000
b1010001 #
b1010001 -
b1100110 '
b1100110 ,
b1101010 &
b1101010 +
b10101011 )
#741000
b1001000 #
b1001000 -
b1100111 '
b1100111 ,
b1100000 &
b1100000 +
b10101100 )
#742000
b110111 #
b110111 -
b110111 '
b110111 ,
b1111111 &
b1111111 +
b10101101 )
#743000
b111010 #
1!
b10111010 -
b11 '
b11 ,
b110110 &
b110110 +
b1000111001 *
#744000
b1000 #
0!
b1000 -
b10111 '
b10111 ,
b1110000 &
b1110000 +
b10101110 )
#745000
b1110100 #
1!
b11110100 -
b10011 '
b10011 ,
b1100000 &
b1100000 +
b1000111010 *
#746000
b10011 #
0!
b10011 -
b1101000 '
b1101000 ,
b101010 &
b101010 +
b1000111011 *
#747000
b100001 #
b100001 -
b1111110 '
b1111110 ,
b100010 &
b100010 +
b1000111100 *
#748000
b1110110 #
1!
b11110110 -
b1000110 '
b1000110 ,
b101111 &
b101111 +
b1000111101 *
#749000
b100010 #
0!
b100010 -
b1011010 '
b1011010 ,
b1000111 &
b1000111 +
b1000111110 *
#750000
b101 #
b101 -
b1100101 '
b1100101 ,
b11111 &
b11111 +
b1000111111 *
#751000
b1000111 #
1!
b11000111 -
b1000100 '
b1000100 ,
b10 &
b10 +
b1001000000 *
#752000
b110011 #
b10110011 -
b1111 '
b1111 ,
b100011 &
b100011 +
b1001000001 *
#753000
b1100001 #
b11100001 -
b11110 '
b11110 ,
b1000010 &
b1000010 +
b10101111 )
#754000
b111101 #
b10111101 -
b110001 '
b110001 ,
b1011 &
b1011 +
b1001000010 *
#755000
b1010111 #
b11010111 -
b10111 '
b10111 ,
b111111 &
b111111 +
b10110000 )
#756000
b101000 #
0!
b101000 -
b1110101 '
b1110101 ,
b110010 &
b110010 +
b1001000011 *
#757000
b1000111 #
b1000111 -
b1110111 '
b1110111 ,
b1001111 &
b1001111 +
b1001000100 *
#758000
b1 #
b1 -
b111010 '
b111010 ,
b1000110 &
b1000110 +
b10110001 )
#759000
b111111 #
b111111 -
b1001010 '
b1001010 ,
b1110100 &
b1110100 +
b1001000101 *
#760000
b1001110 #
1!
b11001110 -
b1001 '
b1001 ,
b1000100 &
b1000100 +
b1001000110 *
#761000
b111101 #
b10111101 -
b110101 '
b110101 ,
b111 &
b111 +
b1001000111 *
#762000
b100000 #
0!
b100000 -
b100011 '
b100011 ,
b1111100 &
b1111100 +
b10110010 )
#763000
b1100010 #
1!
b11100010 -
b111101 '
b111101 ,
b100100 &
b100100 +
b1001001000 *
#764000
b1001101 #
b11001101 -
b10001 '
b10001 ,
b111011 &
b111011 +
b1001001001 *
#765000
b11011 #
0!
b11011 -
b11011 '
b11011 ,
b1111111 &
b1111111 +
b1001001010 *
#766000
b101011 #
1!
b10101011 -
b1 '
b1 ,
b101001 &
b101001 +
b1001001011 *
#767000
b11111 #
b10011111 -
b10110 '
b10110 ,
b1000 &
b1000 +
b10110011 )
#768000
b1011101 #
b11011101 -
b100011 '
b100011 ,
b111001 &
b111001 +
b10110100 )
#769000
b10000 #
0!
b10000 -
b1001110 '
b1001110 ,
b1000001 &
b1000001 +
b1001001100 *
#770000
b111 #
b111 -
b10011 '
b10011 ,
b1110011 &
b1110011 +
b1001001101 *
#771000
b11100 #
b11100 -
b101001 '
b101001 ,
b1110010 &
b1110010 +
b1001001110 *
#772000
b1111111 #
1!
b11111111 -
b111000 '
b111000 ,
b1000110 &
b1000110 +
b1001001111 *
#773000
b1011111 #
b11011111 -
b11 '
b11 ,
b1011011 &
b1011011 +
b1001010000 *
#774000
b1001011 #
0!
b1001011 -
b1110100 '
b1110100 ,
b1010110 &
b1010110 +
b1001010001 *
#775000
b1110001 #
1!
b11110001 -
b100101 '
b100101 ,
b1001011 &
b1001011 +
b10110101 )
#776000
b100 #
0!
b100 -
b111011 '
b111011 ,
b1001000 &
b1001000 +
b1001010010 *
#777000
b1100110 #
1!
b11100110 -
b1011100 '
b1011100 ,
b1001 &
b1001 +
b1001010011 *
#778000
b1101111 #
b11101111 -
b1000001 '
b1000001 ,
b101101 &
b101101 +
b1001010100 *
#779000
b10101 #
0!
b10101 -
b1101100 '
b1101100 ,
b101000 &
b101000 +
b1001010101 *
#780000
b1100000 #
1!
b11100000 -
b111 '
b111 ,
b1011000 &
b1011000 +
b1001010110 *
#781000
b1111101 #
b11111101 -
b101 '
b101 ,
b1110111 &
b1110111 +
b1001010111 *
#782000
b1000111 #
b11000111 -
b111001 '
b111001 ,
b1101 &
b1101 +
b1001011000 *
#783000
b11111 #
0!
b11111 -
b101011 '
b101011 ,
b1110011 &
b1110011 +
b1001011001 *
#784000
b1011000 #
b1011000 -
b1101001 '
b1101001 ,
b1101110 &
b1101110 +
b1001011010 *
#785000
b11010 #
1!
b10011010 -
b11 '
b11 ,
b10110 &
b10110 +
b10110110 )
#786000
b1010111 #
b11010111 -
b1010101 '
b1010101 ,
b1 &
b1 +
b10110111 )
#787000
b1100000 #
b11100000 -
b101000 '
b101000 ,
b110111 &
b110111 +
b1001011011 *
#788000
b1101100 #
b11101100 -
b1101 '
b1101 ,
b1011110 &
b1011110 +
b1001011100 *
#789000
b1010100 #
b11010100 -
b1000001 '
b1000001 ,
b10010 &
b10010 +
b1001011101 *
#790000
b1101110 #
b11101110 -
b1010111 '
b1010111 ,
b10110 &
b10110 +
b1001011110 *
#791000
b111100 #
0!
b111100 -
b1000110 '
b1000110 ,
b1110101 &
b1110101 +
b1001011111 *
#792000
b101100 #
b101100 -
b1110010 '
b1110010 ,
b111001 &
b111001 +
b1001100000 *
#793000
b101001 #
b101001 -
b1010010 '
b1010010 ,
b1010110 &
b1010110 +
b1001100001 *
#794000
b10101 #
b10101 -
b1010100 '
b1010100 ,
b1000000 &
b1000000 +
b1001100010 *
#795000
b1100111 #
1!
b11100111 -
b1000111 '
b1000111 ,
b11111 &
b11111 +
b1001100011 *
#796000
b1000011 #
0!
b1000011 -
b1000110 '
b1000110 ,
b1111100 &
b1111100 +
b1001100100 *
#797000
b10100 #
b10100 -
b1100100 '
b1100100 ,
b101111 &
b101111 +
b10111000 )
#798000
b1001100 #
1!
b11001100 -
b110000 '
b110000 ,
b11011 &
b11011 +
b1001100101 *
#799000
b1011100 #
b11011100 -
b111100 '
b111100 ,
b11111 &
b11111 +
b1001100110 *
#800000
b1100100 #
b11100100 -
b1000110 '
b1000110 ,
b11101 &
b11101 +
b1001100111 *
#801000
b1 #
0!
b1 -
b1111011 '
b1111011 ,
b101 &
b101 +
b1001101000 *
#802000
b11110 #
1!
b10011110 -
b11001 '
b11001 ,
b100 &
b100 +
b1001101001 *
#803000
b111010 #
b10111010 -
b110110 '
b110110 ,
b11 &
b11 +
b10111001 )
#804000
b1111100 #
b11111100 -
b10000 '
b10000 ,
b1101011 &
b1101011 +
b10111010 )
#805000
b0 #
b0 -
b1010101 '
b1010101 ,
b101010 &
b101010 +
b1001101010 *
#806000
b1111001 #
b11111001 -
b1110111 '
b1110111 ,
b1 &
b1 +
b1001101011 *
#807000
b1011110 #
b11011110 -
b101100 '
b101100 ,
b110001 &
b110001 +
b1001101100 *
#808000
b1000000 #
0!
b1000000 -
b1110010 '
b1110010 ,
b1001101 &
b1001101 +
b1001101101 *
#809000
b1010010 #
1!
b11010010 -
b1100 '
b1100 ,
b1000101 &
b1000101 +
b10111011 )
#810000
b1011110 #
b11011110 -
b1001110 '
b1001110 ,
b1111 &
b1111 +
b1001101110 *
#811000
b1011100 #
b11011100 -
b11000 '
b11000 ,
b1000011 &
b1000011 +
b1001101111 *
#812000
b1111001 #
b11111001 -
b100111 '
b100111 ,
b1010001 &
b1010001 +
b1001110000 *
#813000
b1000110 #
0!
b1000110 -
b1110011 '
b1110011 ,
b1010010 &
b1010010 +
b1001110001 *
#814000
b1100101 #
1!
b11100101 -
b101000 '
b101000 ,
b111100 &
b111100 +
b10111100 )
#815000
b111110 #
0!
b111110 -
b1001101 '
b1001101 ,
b1110000 &
b1110000 +
b1001110010 *
#816000
b110011 #
1!
b10110011 -
b11100 '
b11100 ,
b10110 &
b10110 +
b1001110011 *
#817000
b1011101 #
b11011101 -
b100101 '
b100101 ,
b110111 &
b110111 +
b10111101 )
#818000
b10 #
0!
b10 -
b1100001 '
b1100001 ,
b100000 &
b100000 +
b1001110100 *
#819000
b11000 #
1!
b10011000 -
b100 '
b100 ,
b10011 &
b10011 +
b1001110101 *
#820000
b110000 #
b10110000 -
b11011 '
b11011 ,
b10100 &
b10100 +
b10111110 )
#821000
b1001101 #
0!
b1001101 -
b1001110 '
b1001110 ,
b1111110 &
b1111110 +
b10111111 )
#822000
b101110 #
1!
b10101110 -
b10 '
b10 ,
b101011 &
b101011 +
b11000000 )
#823000
b1101000 #
b11101000 -
b100011 '
b100011 ,
b1000100 &
b1000100 +
b11000001 )
#824000
b101101 #
0!
b101101 -
b1111011 '
b1111011 ,
b110001 &
b110001 +
b1001110110 *
#825000
b1000100 #
1!
b11000100 -
b110001 '
b110001 ,
b10010 &
b10010 +
b1001110111 *
#826000
b1001011 #
0!
b1001011 -
b1111111 '
b1111111 ,
b1001011 &
b1001011 +
b1001111000 *
#827000
b1001100 #
1!
b11001100 -
b111000 '
b111000 ,
b10011 &
b10011 +
b11000010 )
#828000
b1111101 #
b11111101 -
b1000101 '
b1000101 ,
b110111 &
b110111 +
b1001111001 *
#829000
b111 #
0!
b111 -
b1011011 '
b1011011 ,
b101011 &
b101011 +
b1001111010 *
#830000
b1101100 #
b1101100 -
b1111110 '
b1111110 ,
b1101101 &
b1101101 +
b1001111011 *
#831000
b10 #
b10 -
b110100 '
b110100 ,
b1001101 &
b1001101 +
b11000011 )
#832000
b1101101 #
1!
b11101101 -
b1001100 '
b1001100 ,
b100000 &
b100000 +
b1001111100 *
#833000
b1011010 #
b11011010 -
b11101 '
b11101 ,
b111100 &
b111100 +
b1001111101 *
#834000
b1011101 #
b11011101 -
b1010 '
b1010 ,
b1010010 &
b1010010 +
b1001111110 *
#835000
b111101 #
0!
b111101 -
b1010100 '
b1010100 ,
b1101000 &
b1101000 +
b1001111111 *
#836000
b1111000 #
1!
b11111000 -
b1000101 '
b1000101 ,
b110010 &
b110010 +
b1010000000 *
#837000
b111100 #
b10111100 -
b101110 '
b101110 ,
b1101 &
b1101 +
b1010000001 *
#838000
b11 #
0!
b11 -
b1000110 '
b1000110 ,
b111100 &
b111100 +
b11000100 )
#839000
b1000011 #
b1000011 -
b1000111 '
b1000111 ,
b1111011 &
b1111011 +
b1010000010 *
#840000
b1010011 #
1!
b11010011 -
b1001110 '
b1001110 ,
b100 &
b100 +
b11000101 )
#841000
b1110011 #
b11110011 -
b10010 '
b10010 ,
b1100000 &
b1100000 +
b1010000011 *
#842000
b1110 #
0!
b1110 -
b10011 '
b10011 ,
b1111010 &
b1111010 +
b1010000100 *
#843000
b1100011 #
1!
b11100011 -
b1110 '
b1110 ,
b1010100 &
b1010100 +
b1010000101 *
#844000
b111110 #
0!
b111110 -
b1110110 '
b1110110 ,
b1000111 &
b1000111 +
b1010000110 *
#845000
b1100001 #
1!
b11100001 -
b110010 '
b110010 ,
b101110 &
b101110 +
b1010000111 *
#846000
b1110011 #
b11110011 -
b110000 '
b110000 ,
b1000010 &
b1000010 +
b1010001000 *
#847000
b111001 #
b10111001 -
b10011 '
b10011 ,
b100101 &
b100101 +
b1010001001 *
#848000
b101101 #
0!
b101101 -
b110101 '
b110101 ,
b1110111 &
b1110111 +
b11000110 )
#849000
b110101 #
1!
b10110101 -
b101100 '
b101100 ,
b1000 &
b1000 +
b1010001010 *
#850000
b111011 #
0!
b111011 -
b1010000 '
b1010000 ,
b1101010 &
b1101010 +
b11000111 )
#851000
b111101 #
b111101 -
b1110001 '
b1110001 ,
b1001011 &
b1001011 +
b1010001011 *
#852000
b1000000 #
b1000000 -
b1100101 '
b1100101 ,
b1011010 &
b1011010 +
b1010001100 *
#853000
b1100010 #
1!
b11100010 -
b1100001 '
b1100001 ,
b0 &
b0 +
b11001000 )
#854000
b100101 #
0!
b100101 -
b110000 '
b110000 ,
b1110100 &
b1110100 +
b1010001101 *
#855000
b100111 #
1!
b10100111 -
b0 '
b0 ,
b100110 &
b100110 +
b1010001110 *
#856000
b1000 #
0!
b1000 -
b101000 '
b101000 ,
b1011111 &
b1011111 +
b11001001 )
#857000
b1101000 #
1!
b11101000 -
b110001 '
b110001 ,
b110110 &
b110110 +
b1010001111 *
#858000
b10000 #
0!
b10000 -
b10110 '
b10110 ,
b1111001 &
b1111001 +
b1010010000 *
#859000
b100001 #
1!
b10100001 -
b1111 '
b1111 ,
b10001 &
b10001 +
b1010010001 *
#860000
b11100 #
0!
b11100 -
b1001110 '
b1001110 ,
b1001101 &
b1001101 +
b11001010 )
#861000
b1110011 #
b1110011 -
b1111011 '
b1111011 ,
b1110111 &
b1110111 +
b1010010010 *
#862000
b111110 #
b111110 -
b1011000 '
b1011000 ,
b1100101 &
b1100101 +
b11001011 )
#863000
b1000111 #
b1000111 -
b1011001 '
b1011001 ,
b1101101 &
b1101101 +
b1010010011 *
#864000
b1 #
b1 -
b110011 '
b110011 ,
b1001101 &
b1001101 +
b11001100 )
#865000
b1000011 #
b1000011 -
b1001011 '
b1001011 ,
b1110111 &
b1110111 +
b1010010100 *
#866000
b1011110 #
1!
b11011110 -
b1001110 '
b1001110 ,
b1111 &
b1111 +
b11001101 )
#867000
b100 #
0!
b100 -
b111001 '
b111001 ,
b1001010 &
b1001010 +
b1010010101 *
#868000
b1100010 #
1!
b11100010 -
b1111 '
b1111 ,
b1010010 &
b1010010 +
b1010010110 *
#869000
b1100101 #
b11100101 -
b1000010 '
b1000010 ,
b100010 &
b100010 +
b1010010111 *
#870000
b1101110 #
b11101110 -
b1001000 '
b1001000 ,
b100101 &
b100101 +
b1010011000 *
#871000
b100101 #
b10100101 -
b111 '
b111 ,
b11101 &
b11101 +
b1010011001 *
#872000
b10100 #
0!
b10100 -
b1000100 '
b1000100 ,
b1001111 &
b1001111 +
b11001110 )
#873000
b1000000 #
1!
b11000000 -
b111101 '
b111101 ,
b10 &
b10 +
b1010011010 *
#874000
b1101010 #
0!
b1101010 -
b1110001 '
b1110001 ,
b1111000 &
b1111000 +
b1010011011 *
#875000
b1011000 #
1!
b11011000 -
b111100 '
b111100 ,
b11011 &
b11011 +
b11001111 )
#876000
b1101110 #
b11101110 -
b100010 '
b100010 ,
b1001011 &
b1001011 +
b1010011100 *
#877000
b101010 '
b101010 ,
b1000011 &
b1000011 +
b1010011101 *
#878000
b1000100 #
b11000100 -
b101110 '
b101110 ,
b10101 &
b10101 +
b1010011110 *
#879000
b1100110 #
b11100110 -
b1000101 '
b1000101 ,
b100000 &
b100000 +
b1010011111 *
#880000
b1101100 #
b11101100 -
b100000 '
b100000 ,
b1001011 &
b1001011 +
b1010100000 *
#881000
b1101011 #
b11101011 -
b11111 '
b11111 ,
b1010100001 *
#882000
b111011 #
0!
b111011 -
b1111100 '
b1111100 ,
b111110 &
b111110 +
b1010100010 *
#883000
b1001110 #
1!
b11001110 -
b10100 '
b10100 ,
b111001 &
b111001 +
b1010100011 *
#884000
b101111 #
b10101111 -
b10101 '
b10101 ,
b11001 &
b11001 +
b1010100100 *
#885000
b11 #
0!
b11 -
b11011 '
b11011 ,
b1100111 &
b1100111 +
b11010000 )
#886000
b1110101 #
1!
b11110101 -
b111000 '
b111000 ,
b111100 &
b111100 +
b1010100101 *
#887000
b11111 #
0!
b11111 -
b1011111 '
b1011111 ,
b111111 &
b111111 +
b1010100110 *
#888000
b110101 #
b110101 -
b1011100 '
b1011100 ,
b1011000 &
b1011000 +
b1010100111 *
#889000
b101101 #
1!
b10101101 -
b10010 '
b10010 ,
b11010 &
b11010 +
b1010101000 *
#890000
b1101101 #
b11101101 -
b1101011 '
b1101011 ,
b1 &
b1 +
b11010001 )
#891000
b110000 #
b10110000 -
b100110 '
b100110 ,
b1001 &
b1001 +
b1010101001 *
#892000
b1111101 #
b11111101 -
b1 '
b1 ,
b1111011 &
b1111011 +
b11010010 )
#893000
b11010 #
0!
b11010 -
b11111 '
b11111 ,
b1111010 &
b1111010 +
b1010101010 *
#894000
b110011 #
1!
b10110011 -
b1011 '
b1011 ,
b100111 &
b100111 +
b1010101011 *
#895000
b100001 #
0!
b100001 -
b1100011 '
b1100011 ,
b111101 &
b111101 +
b11010011 )
#896000
b1100110 #
1!
b11100110 -
b1010101 '
b1010101 ,
b10000 &
b10000 +
b1010101100 *
#897000
b100110 #
0!
b100110 -
b1111100 '
b1111100 ,
b101001 &
b101001 +
b1010101101 *
#898000
b1111101 #
1!
b11111101 -
b110000 '
b110000 ,
b1001100 &
b1001100 +
b1010101110 *
#899000
b101101 #
0!
b101101 -
b1111010 '
b1111010 ,
b110010 &
b110010 +
b1010101111 *
#900000
b1101001 #
1!
b11101001 -
b110 '
b110 ,
b1100010 &
b1100010 +
b1010110000 *
#901000
b1011 #
0!
b1011 -
b100011 '
b100011 ,
b1100111 &
b1100111 +
b1010110001 *
#902000
b1111110 #
1!
b11111110 -
b1000011 '
b1000011 ,
b111010 &
b111010 +
b1010110010 *
#903000
b1001011 #
0!
b1001011 -
b1011101 '
b1011101 ,
b1101101 &
b1101101 +
b1010110011 *
#904000
b11011 #
b11011 -
b101000 '
b101000 ,
b1110010 &
b1110010 +
b11010100 )
#905000
b1110011 #
1!
b11110011 -
b111011 '
b111011 ,
b110111 &
b110111 +
b1010110100 *
#906000
b11100 #
0!
b11100 -
b101010 '
b101010 ,
b1110001 &
b1110001 +
b1010110101 *
#907000
b100110 #
b100110 -
b1101101 '
b1101101 ,
b111000 &
b111000 +
b1010110110 *
#908000
b1001 #
b1001 -
b111100 '
b111100 ,
b1001100 &
b1001100 +
b1010110111 *
#909000
b1010001 #
1!
b11010001 -
b101001 '
b101001 ,
b100111 &
b100111 +
b1010111000 *
#910000
b1101100 #
b11101100 -
b1100010 '
b1100010 ,
b1001 &
b1001 +
b1010111001 *
#911000
b1011001 #
b11011001 -
b1101 '
b1101 ,
b1001011 &
b1001011 +
b1010111010 *
#912000
b1011010 #
b11011010 -
b101001 '
b101001 ,
b110000 &
b110000 +
b1010111011 *
#913000
b101 #
0!
b101 -
b1100011 '
b1100011 ,
b100001 &
b100001 +
b1010111100 *
#914000
b1111111 #
1!
b11111111 -
b11110 '
b11110 ,
b1100000 &
b1100000 +
b1010111101 *
#915000
b110 #
0!
b110 -
b1110001 '
b1110001 ,
b10100 &
b10100 +
b1010111110 *
#916000
b1001010 #
1!
b11001010 -
b110001 '
b110001 ,
b11000 &
b11000 +
b1010111111 *
#917000
b1100010 #
b11100010 -
b0 '
b0 ,
b1100001 &
b1100001 +
b1011000000 *
#918000
b11 #
0!
b11 -
b1001111 '
b1001111 ,
b110011 &
b110011 +
b1011000001 *
#919000
b110101 #
1!
b10110101 -
b100001 '
b100001 ,
b10011 &
b10011 +
b1011000010 *
#920000
b1101011 #
b11101011 -
b1011101 '
b1011101 ,
b1101 &
b1101 +
b11010101 )
#921000
b1101101 #
0!
b1101101 -
b1110010 '
b1110010 ,
b1111010 &
b1111010 +
b1011000011 *
#922000
b101110 #
b101110 -
b110000 '
b110000 ,
b1111101 &
b1111101 +
b11010110 )
#923000
b1010 #
b1010 -
b111101 '
b111101 ,
b1001100 &
b1001100 +
b1011000100 *
#924000
b1000010 #
b1000010 -
b1011111 '
b1011111 ,
b1100010 &
b1100010 +
b1011000101 *
#925000
b1111111 #
1!
b11111111 -
b10 '
b10 ,
b1111100 &
b1111100 +
b11010111 )
#926000
b10 #
0!
b10 -
b1000111 '
b1000111 ,
b111010 &
b111010 +
b1011000110 *
#927000
b1000100 #
b1000100 -
b1101011 '
b1101011 ,
b1011000 &
b1011000 +
b1011000111 *
#928000
b100110 #
b100110 -
b1110000 '
b1110000 ,
b110101 &
b110101 +
b11011000 )
#929000
b101100 #
1!
b10101100 -
b110 '
b110 ,
b100101 &
b100101 +
b1011001000 *
#930000
b1010101 #
0!
b1010101 -
b1011001 '
b1011001 ,
b1111011 &
b1111011 +
b11011001 )
#931000
b10100 #
1!
b10010100 -
b1100 '
b1100 ,
b111 &
b111 +
b11011010 )
#932000
b1111100 #
b11111100 -
b100010 '
b100010 ,
b1011001 &
b1011001 +
b11011011 )
#933000
b0 #
b0 -
b1000101 '
b1000101 ,
b111010 &
b111010 +
b1011001001 *
#934000
b110011 #
0!
b110011 -
b1011100 '
b1011100 ,
b1010110 &
b1010110 +
b1011001010 *
#935000
b111011 #
1!
b10111011 -
b11011 '
b11011 ,
b11111 &
b11111 +
b1011001011 *
#936000
b111111 #
b10111111 -
b101110 '
b101110 ,
b10000 &
b10000 +
b11011100 )
#937000
b111 #
0!
b111 -
b11100 '
b11100 ,
b1101010 &
b1101010 +
b11011101 )
#938000
b10000 #
b10000 -
b1011111 '
b1011111 ,
b110000 &
b110000 +
b1011001100 *
#939000
b1111101 #
1!
b11111101 -
b1010000 '
b1010000 ,
b101100 &
b101100 +
b1011001101 *
#940000
b1001110 #
b11001110 -
b110100 '
b110100 ,
b11001 &
b11001 +
b1011001110 *
#941000
b101000 #
0!
b101000 -
b1010111 '
b1010111 ,
b1010000 &
b1010000 +
b1011001111 *
#942000
b111101 #
b111101 -
b1101001 '
b1101001 ,
b1010011 &
b1010011 +
b1011010000 *
#943000
b1101000 #
b1101000 -
b1110011 '
b1110011 ,
b1110100 &
b1110100 +
b1011010001 *
#944000
b11011 #
b11011 -
b1111011 '
b1111011 ,
b11111 &
b11111 +
b11011110 )
#945000
b1010001 #
1!
b11010001 -
b1000010 '
b1000010 ,
b1110 &
b1110 +
b1011010010 *
#946000
b1000001 #
0!
b1000001 -
b1010000 '
b1010000 ,
b1110000 &
b1110000 +
b1011010011 *
#947000
b1100011 #
b1100011 -
b1101100 '
b1101100 ,
b1110110 &
b1110110 +
b11011111 )
#948000
b100000 #
b100000 -
b100010 '
b100010 ,
b1111101 &
b1111101 +
b11100000 )
#949000
b1110010 #
b1110010 -
b1110100 '
b1110100 ,
b1011010100 *
#950000
b1110001 #
1!
b11110001 -
b1011 '
b1011 ,
b1100101 &
b1100101 +
b11100001 )
#951000
b1110 #
b10001110 -
b110 '
b110 ,
b111 &
b111 +
b1011010101 *
#952000
b100010 #
0!
b100010 -
b1001101 '
b1001101 ,
b1010100 &
b1010100 +
b11100010 )
#953000
b1000010 #
b1000010 -
b1010000 '
b1010000 ,
b1110001 &
b1110001 +
b1011010110 *
#954000
b1011111 #
b1011111 -
b1110110 '
b1110110 ,
b1101000 &
b1101000 +
b11100011 )
#955000
b1111000 #
1!
b11111000 -
b1101110 '
b1101110 ,
b1001 &
b1001 +
b11100100 )
#956000
b1001000 #
b11001000 -
b1000110 '
b1000110 ,
b1 &
b1 +
b1011010111 *
#957000
b1100001 #
b11100001 -
b111111 '
b111111 ,
b100001 &
b100001 +
b1011011000 *
#958000
b11011 #
b10011011 -
b11000 '
b11000 ,
b10 &
b10 +
b1011011001 *
#959000
b100101 #
0!
b100101 -
b1101010 '
b1101010 ,
b111010 &
b111010 +
b11100101 )
#960000
b100 #
b100 -
b11101 '
b11101 ,
b1100110 &
b1100110 +
b1011011010 *
#961000
b1000000 #
1!
b11000000 -
b100010 '
b100010 ,
b11101 &
b11101 +
b1011011011 *
#962000
b1000001 #
0!
b1000001 -
b1010011 '
b1010011 ,
b1101101 &
b1101101 +
b1011011100 *
#963000
b1010110 #
1!
b11010110 -
b1000011 '
b1000011 ,
b10010 &
b10010 +
b11100110 )
#964000
b1001010 #
b11001010 -
b111010 '
b111010 ,
b1111 &
b1111 +
b1011011101 *
#965000
b1010110 #
0!
b1010110 -
b1111011 '
b1111011 ,
b1011010 &
b1011010 +
b1011011110 *
#966000
b1010011 #
1!
b11010011 -
b11001 '
b11001 ,
b111001 &
b111001 +
b11100111 )
#967000
b110111 #
0!
b110111 -
b1110000 '
b1110000 ,
b1000110 &
b1000110 +
b1011011111 *
#968000
b10110 #
b10110 -
b1101001 '
b1101001 ,
b101100 &
b101100 +
b1011100000 *
#969000
b110011 #
b110011 -
b1001111 '
b1001111 ,
b1100011 &
b1100011 +
b1011100001 *
#970000
b1110000 #
1!
b11110000 -
b10011 '
b10011 ,
b1011100 &
b1011100 +
b1011100010 *
#971000
b1001001 #
0!
b1001001 -
b1110000 '
b1110000 ,
b1011000 &
b1011000 +
b1011100011 *
#972000
b111100 #
b111100 -
b1011010 '
b1011010 ,
b1100001 &
b1100001 +
b11101000 )
#973000
b1010101 #
1!
b11010101 -
b1000000 '
b1000000 ,
b10100 &
b10100 +
b1011100100 *
#974000
b1001011 #
b11001011 -
b1010 &
b1010 +
b1011100101 *
#975000
b101010 #
0!
b101010 -
b1100001 '
b1100001 ,
b1001000 &
b1001000 +
b1011100110 *
#976000
b11001 #
b11001 -
b100011 '
b100011 ,
b1110101 &
b1110101 +
b1011100111 *
#977000
b1010110 #
b1010110 -
b1100000 '
b1100000 ,
b1011101000 *
#978000
b1111101 #
1!
b11111101 -
b1100 '
b1100 ,
b1110000 &
b1110000 +
b11101001 )
#979000
b100010 #
0!
b100010 -
b1001100 '
b1001100 ,
b1010101 &
b1010101 +
b1011101001 *
#980000
b11 #
b11 -
b110000 '
b110000 ,
b1010010 &
b1010010 +
b1011101010 *
#981000
b1100010 #
1!
b11100010 -
b111000 '
b111000 ,
b101001 &
b101001 +
b1011101011 *
#982000
b100011 #
0!
b100011 -
b1100010 '
b1100010 ,
b1000000 &
b1000000 +
b1011101100 *
#983000
b1111 #
b1111 -
b110000 '
b110000 ,
b1011110 &
b1011110 +
b1011101101 *
#984000
b10000 #
b10000 -
b1011111 &
b1011111 +
b1011101110 *
#985000
b11 #
b11 -
b1010 '
b1010 ,
b1111000 &
b1111000 +
b1011101111 *
#986000
b1001011 #
1!
b11001011 -
b110001 '
b110001 ,
b11001 &
b11001 +
b1011110000 *
#987000
b1100 #
0!
b1100 -
b111000 '
b111000 ,
b1010011 &
b1010011 +
b1011110001 *
#988000
b101110 #
b101110 -
b1110110 '
b1110110 ,
b110111 &
b110111 +
b1011110010 *
#989000
b1000011 #
b1000011 -
b1010000 '
b1010000 ,
b1110010 &
b1110010 +
b1011110011 *
#990000
b110011 #
b110011 -
b1101101 '
b1101101 ,
b1000101 &
b1000101 +
b11101010 )
#991000
b1111010 #
1!
b11111010 -
b111000 '
b111000 ,
b1000001 &
b1000001 +
b1011110100 *
#992000
b1010 #
0!
b1010 -
b1011010 '
b1011010 ,
b101111 &
b101111 +
b1011110101 *
#993000
b1000 #
b1000 -
b1100101 '
b1100101 ,
b100010 &
b100010 +
b1011110110 *
#994000
b1011100 #
1!
b11011100 -
b1000 '
b1000 ,
b1010011 &
b1010011 +
b1011110111 *
#995000
b1010010 #
0!
b1010010 -
b1010101 '
b1010101 ,
b1111100 &
b1111100 +
b1011111000 *
#996000
b1000101 #
1!
b11000101 -
b1000 '
b1000 ,
b111100 &
b111100 +
b11101011 )
#997000
b1011100 #
0!
b1011100 -
b1110110 '
b1110110 ,
b1100101 &
b1100101 +
b1011111001 *
#998000
b1100000 #
b1100000 -
b1100000 '
b1100000 ,
b1111111 &
b1111111 +
b11101100 )
#999000
b1000110 #
b1000110 -
b1101110 '
b1101110 ,
b1010111 &
b1010111 +
b11101101 )
#1000000
b1111000 #
1!
b11111000 -
b1001101 '
b1001101 ,
b101010 &
b101010 +
b11101110 )
#1001000
b1110000 #
b11110000 -
b100001 '
b100001 ,
b1001110 &
b1001110 +
b1011111010 *
#1002000
b101001 #
b10101001 -
b101000 '
b101000 ,
b0 &
b0 +
b1011111011 *
#1003000
b110111 #
0!
b110111 -
b111011 '
b111011 ,
b1111011 &
b1111011 +
b11101111 )
#1004000
b10011 #
b10011 -
b1011101 '
b1011101 ,
b110101 &
b110101 +
b1011111100 *
#1005000
b1111010 #
1!
b11111010 -
b1001111 '
b1001111 ,
b101010 &
b101010 +
b1011111101 *
#1006000
b1101010 #
b11101010 -
b1000110 '
b1000110 ,
b100011 &
b100011 +
b1011111110 *
#1007000
b1110000 #
b11110000 -
b11110 '
b11110 ,
b1010001 &
b1010001 +
b1011111111 *
#1008000
b1111001 #
b11111001 -
b1100 '
b1100 ,
b1101100 &
b1101100 +
b1100000000 *
#1009000
b1011100 #
b11011100 -
b1000101 '
b1000101 ,
b10110 &
b10110 +
b1100000001 *
#1010000
b1101111 #
b11101111 -
b101101 '
b101101 ,
b1000001 &
b1000001 +
b1100000010 *
#1011000
b1000010 #
b11000010 -
b110101 '
b110101 ,
b1100 &
b1100 +
b1100000011 *
#1012000
b0 #
b0 -
b11 '
b11 ,
b1111100 &
b1111100 +
b1100000100 *
#1013000
b100011 #
0!
b100011 -
b1101111 '
b1101111 ,
b110011 &
b110011 +
b1100000101 *
#1014000
b111100 #
1!
b10111100 -
b101010 '
b101010 ,
b10001 &
b10001 +
b1100000110 *
#1015000
b1011111 #
b11011111 -
b11111 '
b11111 ,
b111111 &
b111111 +
b11110000 )
#1016000
b101100 #
0!
b101100 -
b1101010 '
b1101010 ,
b1000001 &
b1000001 +
b1100000111 *
#1017000
b1001100 #
b1001100 -
b1100001 '
b1100001 ,
b1101010 &
b1101010 +
b1100001000 *
#1018000
b1111100 #
1!
b11111100 -
b110000 '
b110000 ,
b1001011 &
b1001011 +
b11110001 )
#1019000
b10001 #
0!
b10001 -
b1111000 '
b1111000 ,
b11000 &
b11000 +
b1100001001 *
#1020000
b1010101 #
1!
b11010101 -
b10000 '
b10000 ,
b1000100 &
b1000100 +
b1100001010 *
#1021000
b1100100 #
b11100100 -
b1010011 &
b1010011 +
b1100001011 *
#1022000
b111101 #
b10111101 -
b10011 '
b10011 ,
b101001 &
b101001 +
b1100001100 *
#1023000
b111001 #
b10111001 -
b1111 '
b1111 ,
b11110010 )
#1024000
b1111111 #
b11111111 -
b10 '
b10 ,
b1111100 &
b1111100 +
b11110011 )
#1025000
b1101111 #
b11101111 -
b1000110 '
b1000110 ,
b101000 &
b101000 +
b1100001101 *
#1026000
b10 #
0!
b10 -
b1000010 '
b1000010 ,
b111111 &
b111111 +
b1100001110 *
#1027000
b100100 #
b100100 -
b1010110 '
b1010110 ,
b1001101 &
b1001101 +
b1100001111 *
#1028000
b10111 #
b10111 -
b100001 '
b100001 ,
b1110101 &
b1110101 +
b1100010000 *
#1029000
b100110 #
b100110 -
b1001011 '
b1001011 ,
b1011010 &
b1011010 +
b1100010001 *
#1030000
b11110 #
b11110 -
b1110111 '
b1110111 ,
b100110 &
b100110 +
b1100010010 *
#1031000
b101111 #
1!
b10101111 -
b110 '
b110 ,
b101000 &
b101000 +
b1100010011 *
#1032000
b1111110 #
b11111110 -
b101111 '
b101111 ,
b1001110 &
b1001110 +
b11110100 )
#1033000
b1111010 #
b11111010 -
b1000011 '
b1000011 ,
b110110 &
b110110 +
b1100010100 *
#1034000
b1100110 #
b11100110 -
b1011111 '
b1011111 ,
b110 &
b110 +
b1100010101 *
#1035000
b110100 #
0!
b110100 -
b1111101 '
b1111101 ,
b110110 &
b110110 +
b1100010110 *
#1036000
b1010010 #
1!
b11010010 -
b1001110 '
b1001110 ,
b11 &
b11 +
b1100010111 *
#1037000
b1111001 #
b11111001 -
b1010000 '
b1010000 ,
b101000 &
b101000 +
b1100011000 *
#1038000
b101100 #
0!
b101100 -
b111000 '
b111000 ,
b1110011 &
b1110011 +
b1100011001 *
#1039000
b1010011 #
b1010011 -
b1010100 '
b1010100 ,
b1111110 &
b1111110 +
b1100011010 *
#1040000
b100100 #
1!
b10100100 -
b10 '
b10 ,
b100001 &
b100001 +
b11110101 )
#1041000
b1110000 #
b11110000 -
b1011001 '
b1011001 ,
b10110 &
b10110 +
b11110110 )
#1042000
b10001 #
0!
b10001 -
b1101011 '
b1101011 ,
b100101 &
b100101 +
b1100011011 *
#1043000
b1111110 #
1!
b11111110 -
b101100 '
b101100 ,
b1010001 &
b1010001 +
b1100011100 *
#1044000
b1100110 #
b11100110 -
b100010 '
b100010 ,
b1000011 &
b1000011 +
b1100011101 *
#1045000
b1101001 #
b11101001 -
b11110 '
b11110 ,
b1001010 &
b1001010 +
b1100011110 *
#1046000
b100000 #
b10100000 -
b11010 '
b11010 ,
b101 &
b101 +
b1100011111 *
#1047000
b1100001 #
b11100001 -
b110100 '
b110100 ,
b101100 &
b101100 +
b11110111 )
#1048000
b110000 #
0!
b110000 -
b1000000 '
b1000000 ,
b1101111 &
b1101111 +
b1100100000 *
#1049000
b1110101 #
1!
b11110101 -
b1110010 '
b1110010 ,
b10 &
b10 +
b1100100001 *
#1050000
b111110 #
b10111110 -
b100111 '
b100111 ,
b10110 &
b10110 +
b1100100010 *
#1051000
b10011 #
0!
b10011 -
b1101001 '
b1101001 ,
b101001 &
b101001 +
b11111000 )
#1052000
b1011100 #
1!
b11011100 -
b10100 '
b10100 ,
b1000111 &
b1000111 +
b1100100011 *
#1053000
b1000111 #
b11000111 -
b111010 '
b111010 ,
b1100 &
b1100 +
b1100100100 *
#1054000
b1101011 #
b11101011 -
b111000 '
b111000 ,
b110010 &
b110010 +
b1100100101 *
#1055000
b10101 #
b10010101 -
b111 '
b111 ,
b1101 &
b1101 +
b1100100110 *
#1056000
b1101001 #
b11101001 -
b1010001 '
b1010001 ,
b10111 &
b10111 +
b11111001 )
#1057000
b11111 #
b10011111 -
b11101 '
b11101 ,
b1 &
b1 +
b1100100111 *
#1058000
b1001110 #
b11001110 -
b101011 '
b101011 ,
b100010 &
b100010 +
b11111010 )
#1059000
b101001 #
0!
b101001 -
b111011 '
b111011 ,
b1101101 &
b1101101 +
b1100101000 *
#1060000
b110100 #
b110100 -
b1111111 '
b1111111 ,
b110100 &
b110100 +
b1100101001 *
#1061000
b11 #
b11 -
b1101011 '
b1101011 ,
b10111 &
b10111 +
b1100101010 *
#1062000
b10000 #
1!
b10010000 -
b100 '
b100 ,
b1011 &
b1011 +
b1100101011 *
#1063000
b1110101 #
b11110101 -
b1001 '
b1001 ,
b1101011 &
b1101011 +
b11111011 )
#1064000
b1111100 #
b11111100 -
b1000001 '
b1000001 ,
b111010 &
b111010 +
b1100101100 *
#1065000
b1001000 #
b11001000 -
b1000011 '
b1000011 ,
b100 &
b100 +
b1100101101 *
#1066000
b10001 #
0!
b10001 -
b1011010 '
b1011010 ,
b110110 &
b110110 +
b1100101110 *
#1067000
b1101110 #
1!
b11101110 -
b1100100 '
b1100100 ,
b1001 &
b1001 +
b1100101111 *
#1068000
b111000 #
b10111000 -
b11100 '
b11100 ,
b11011 &
b11011 +
b1100110000 *
#1069000
b1110001 #
b11110001 -
b1101011 '
b1101011 ,
b101 &
b101 +
b11111100 )
#1070000
b1100100 #
b11100100 -
b110100 '
b110100 ,
b101111 &
b101111 +
b1100110001 *
#1071000
b100110 #
b10100110 -
b1100 '
b1100 ,
b11001 &
b11001 +
b1100110010 *
#1072000
b1000001 #
b11000001 -
b110010 '
b110010 ,
b1110 &
b1110 +
b11111101 )
#1073000
b1010111 #
0!
b1010111 -
b1100001 '
b1100001 ,
b1110101 &
b1110101 +
b1100110011 *
#1074000
b11110 #
b11110 -
b111100 &
b111100 +
b11111110 )
#1075000
b1010100 #
1!
b11010100 -
b10101 '
b10101 ,
b111110 &
b111110 +
b1100110100 *
#1076000
b1000101 #
0!
b1000101 -
b1110101 '
b1110101 ,
b1001111 &
b1001111 +
b1100110101 *
#1077000
b100010 #
b100010 -
b100101 '
b100101 ,
b1111100 &
b1111100 +
b11111111 )
#1078000
b1110000 #
1!
b11110000 -
b1000101 '
b1000101 ,
b101010 &
b101010 +
b1100110110 *
#1079000
b111011 #
b10111011 -
b110000 '
b110000 ,
b1010 &
b1010 +
b1100110111 *
#1080000
b10000 #
0!
b10000 -
b1010101 '
b1010101 ,
b111010 &
b111010 +
b100000000 )
#1081000
b10111 #
b10111 -
b111101 '
b111101 ,
b1011001 &
b1011001 +
b1100111000 *
#1082000
b11101 #
b11101 -
b100111 '
b100111 ,
b1110101 &
b1110101 +
b1100111001 *
#1083000
b1100000 #
1!
b11100000 -
b101001 '
b101001 ,
b110110 &
b110110 +
b1100111010 *
#1084000
b100000 #
0!
b100000 -
b1100000 '
b1100000 ,
b111111 &
b111111 +
b1100111011 *
#1085000
b101101 #
b101101 -
b1101010 '
b1101010 ,
b1000010 &
b1000010 +
b1100111100 *
#1086000
b110011 #
b110011 -
b1101011 '
b1101011 ,
b1000111 &
b1000111 +
b1100111101 *
#1087000
b101 #
b101 -
b11001 '
b11001 ,
b1101011 &
b1101011 +
b1100111110 *
#1088000
b10001 #
b10001 -
b1100100 '
b1100100 ,
b101100 &
b101100 +
b1100111111 *
#1089000
b1 #
b1 -
b100000 '
b100000 ,
b1100000 &
b1100000 +
b1101000000 *
#1090000
b11011 #
b11011 -
b1001100 '
b1001100 ,
b1001110 &
b1001110 +
b1101000001 *
#1091000
b0 #
1!
b0 -
b1011010 '
b1011010 ,
b100101 &
b100101 +
b1101000010 *
#1092000
b1001010 #
0!
b1001010 -
b1111010 '
b1111010 ,
b1001111 &
b1001111 +
b1101000011 *
#1093000
b110 #
b110 -
b101011 '
b101011 ,
b1011010 &
b1011010 +
b100000001 )
#1094000
b1111000 #
1!
b11111000 -
b1100 '
b1100 ,
b1101011 &
b1101011 +
b1101000100 *
#1095000
b1011110 #
b11011110 -
b100111 '
b100111 ,
b110110 &
b110110 +
b1101000101 *
#1096000
b1100 #
0!
b1100 -
b11001 '
b11001 ,
b1110010 &
b1110010 +
b1101000110 *
#1097000
b10011 #
1!
b10010011 -
b10000 '
b10000 ,
b10 &
b10 +
b1101000111 *
#1098000
b1010111 #
b11010111 -
b11100 '
b11100 ,
b111010 &
b111010 +
b100000010 )
#1099000
b1010010 #
0!
b1010010 -
b1111100 '
b1111100 ,
b1010101 &
b1010101 +
b1101001000 *
#1100000
b1000100 #
1!
b11000100 -
b10111 '
b10111 ,
b101100 &
b101100 +
b100000011 )
#1101000
b1000110 #
b11000110 -
b101110 '
b101110 ,
b10111 &
b10111 +
b1101001001 *
#1102000
b100111 #
0!
b100111 -
b111001 '
b111001 ,
b1101101 &
b1101101 +
b1101001010 *
#1103000
b0 #
1!
b0 -
b101111 '
b101111 ,
b1010000 &
b1010000 +
b1101001011 *
#1104000
b110110 #
b10110110 -
b100110 '
b100110 ,
b1111 &
b1111 +
b1101001100 *
#1105000
b11101 #
b10011101 -
b101 '
b101 ,
b10111 &
b10111 +
b100000100 )
#1106000
b10001 #
b10010001 -
b1000 '
b1000 ,
b1000 &
b1000 +
b100000101 )
#1107000
b1 #
0!
b1 -
b110110 '
b110110 ,
b1001010 &
b1001010 +
b100000110 )
#1108000
b1101100 #
1!
b11101100 -
b1000100 '
b1000100 ,
b100111 &
b100111 +
b1101001101 *
#1109000
b1 #
0!
b1 -
b1001001 '
b1001001 ,
b110111 &
b110111 +
b1101001110 *
#1110000
b10010 #
b10010 -
b100100 '
b100100 ,
b1101101 &
b1101101 +
b1101001111 *
#1111000
b1010011 #
1!
b11010011 -
b110100 '
b110100 ,
b11110 &
b11110 +
b1101010000 *
#1112000
b100 #
0!
b100 -
b101100 '
b101100 ,
b1010111 &
b1010111 +
b1101010001 *
#1113000
b1011 #
b1011 -
b100000 '
b100000 ,
b1101010 &
b1101010 +
b1101010010 *
#1114000
b1100100 #
1!
b11100100 -
b100011 '
b100011 ,
b1000000 &
b1000000 +
b1101010011 *
#1115000
b110 #
0!
b110 -
b110100 '
b110100 ,
b1010001 &
b1010001 +
b1101010100 *
#1116000
b1000100 #
1!
b11000100 -
b110110 '
b110110 ,
b1101 &
b1101 +
b1101010101 *
#1117000
b11000 #
0!
b11000 -
b11010 '
b11010 ,
b1111101 &
b1111101 +
b1101010110 *
#1118000
b1000110 #
1!
b11000110 -
b11001 '
b11001 ,
b101100 &
b101100 +
b1101010111 *
#1119000
b111101 #
b10111101 -
b11110 '
b11110 ,
b11110 &
b11110 +
b1101011000 *
#1120000
b1111101 #
b11111101 -
b110101 '
b110101 ,
b1000111 &
b1000111 +
b100000111 )
#1121000
b111101 #
0!
b111101 -
b1100110 '
b1100110 ,
b1010110 &
b1010110 +
b1101011001 *
#1122000
b100 #
b100 -
b10000 '
b10000 ,
b1110011 &
b1110011 +
b1101011010 *
#1123000
b11 #
b11 -
b1100110 '
b1100110 ,
b11100 &
b11100 +
b1101011011 *
#1124000
b1000111 #
b1000111 -
b1001000 '
b1001000 ,
b1111110 &
b1111110 +
b1101011100 *
#1125000
b1111110 #
1!
b11111110 -
b111100 '
b111100 ,
b1000001 &
b1000001 +
b100001000 )
#1126000
b1011011 #
0!
b1011011 -
b1110110 '
b1110110 ,
b1100100 &
b1100100 +
b1101011101 *
#1127000
b1101110 #
b1101110 -
b1110001 '
b1110001 ,
b1111100 &
b1111100 +
b100001001 )
#1128000
b100 #
b100 -
b101010 '
b101010 ,
b1011001 &
b1011001 +
b100001010 )
#1129000
b1010110 #
b1010110 -
b1111001 '
b1111001 ,
b1011100 &
b1011100 +
b1101011110 *
#1130000
b100001 #
1!
b10100001 -
b101 '
b101 ,
b11011 &
b11011 +
b100001011 )
#1131000
b1111 #
0!
b1111 -
b110011 '
b110011 ,
b1011011 &
b1011011 +
b100001100 )
#1132000
b110110 #
b110110 -
b1110000 '
b1110000 ,
b1000101 &
b1000101 +
b1101011111 *
#1133000
b10110 #
1!
b10010110 -
b1 '
b1 ,
b10100 &
b10100 +
b1101100000 *
#1134000
b1000111 #
b11000111 -
b100100 '
b100100 ,
b100010 &
b100010 +
b100001101 )
#1135000
b110101 #
b10110101 -
b101 '
b101 ,
b101111 &
b101111 +
b1101100001 *
#1136000
b101010 #
0!
b101010 -
b1001011 '
b1001011 ,
b1011110 &
b1011110 +
b100001110 )
#1137000
b1010 #
b1010 -
b111110 &
b111110 +
b1101100010 *
#1138000
b100111 #
b100111 -
b111011 '
b111011 ,
b1101011 &
b1101011 +
b1101100011 *
#1139000
b11 #
b11 -
b110011 '
b110011 ,
b1001111 &
b1001111 +
b1101100100 *
#1140000
b1101011 #
1!
b11101011 -
b111000 '
b111000 ,
b110010 &
b110010 +
b1101100101 *
#1141000
b1111000 #
b11111000 -
b101100 '
b101100 ,
b1001011 &
b1001011 +
b1101100110 *
#1142000
b100111 #
b10100111 -
b1011 '
b1011 ,
b11011 &
b11011 +
b1101100111 *
#1143000
b1001110 #
b11001110 -
b1000001 '
b1000001 ,
b1100 &
b1100 +
b100001111 )
#1144000
b101 #
0!
b101 -
b101011 '
b101011 ,
b1011001 &
b1011001 +
b1101101000 *
#1145000
b1101010 #
1!
b11101010 -
b1011010 '
b1011010 ,
b1111 &
b1111 +
b1101101001 *
#1146000
b11101 #
0!
b11101 -
b1101011 '
b1101011 ,
b110001 &
b110001 +
b1101101010 *
#1147000
b1010011 #
b1010011 -
b1101001 '
b1101001 ,
b1101001 &
b1101001 +
b1101101011 *
#1148000
b100100 #
b100100 -
b110101 '
b110101 ,
b1101110 &
b1101110 +
b100010000 )
#1149000
b1000111 #
1!
b11000111 -
b100100 '
b100100 ,
b100010 &
b100010 +
b1101101100 *
#1150000
b10111 #
b10010111 -
b10000 '
b10000 ,
b110 &
b110 +
b1101101101 *
#1151000
b110100 #
0!
b110100 -
b1010000 '
b1010000 ,
b1100011 &
b1100011 +
b100010001 )
#1152000
b1110101 #
1!
b11110101 -
b100001 '
b100001 ,
b1010011 &
b1010011 +
b1101101110 *
#1153000
b111110 #
0!
b111110 -
b1100111 '
b1100111 ,
b1010110 &
b1010110 +
b1101101111 *
#1154000
b1100110 #
1!
b11100110 -
b1000001 '
b1000001 ,
b100100 &
b100100 +
b1101110000 *
#1155000
b1010010 #
0!
b1010010 -
b1110101 '
b1110101 ,
b1011100 &
b1011100 +
b1101110001 *
#1156000
b1011011 #
1!
b11011011 -
b11 '
b11 ,
b1010111 &
b1010111 +
b100010010 )
#1157000
b1111110 #
b11111110 -
b110001 '
b110001 ,
b1001100 &
b1001100 +
b1101110010 *
#1158000
b1111100 #
b11111100 -
b1000 '
b1000 ,
b1110011 &
b1110011 +
b1101110011 *
#1159000
b1101100 #
b11101100 -
b1011000 '
b1011000 ,
b10011 &
b10011 +
b1101110100 *
#1160000
b1111011 #
b11111011 -
b1000111 '
b1000111 ,
b110011 &
b110011 +
b1101110101 *
#1161000
b1001010 #
b11001010 -
b101101 '
b101101 ,
b11100 &
b11100 +
b1101110110 *
#1162000
b11100 #
0!
b11100 -
b1011001 '
b1011001 ,
b1000010 &
b1000010 +
b1101110111 *
#1163000
b1110 #
b1110 -
b1010100 '
b1010100 ,
b111001 &
b111001 +
b1101111000 *
#1164000
b1101 #
b1101 -
b110101 '
b110101 ,
b1010111 &
b1010111 +
b1101111001 *
#1165000
b1000100 #
1!
b11000100 -
b110001 '
b110001 ,
b10010 &
b10010 +
b1101111010 *
#1166000
b1010111 #
b11010111 -
b110010 '
b110010 ,
b100100 &
b100100 +
b1101111011 *
#1167000
b1011011 #
b11011011 -
b111000 '
b111000 ,
b100010 &
b100010 +
b1101111100 *
#1168000
b111 #
0!
b111 -
b1101101 '
b1101101 ,
b11001 &
b11001 +
b1101111101 *
#1169000
b100111 #
1!
b10100111 -
b11011 '
b11011 ,
b1011 &
b1011 +
b1101111110 *
#1170000
b1011011 #
b11011011 -
b110100 '
b110100 ,
b100110 &
b100110 +
b100010011 )
#1171000
b10111 #
b10010111 -
b10010 '
b10010 ,
b100 &
b100 +
b1101111111 *
#1172000
b10000 #
0!
b10000 -
b1010111 '
b1010111 ,
b111000 &
b111000 +
b100010100 )
#1173000
b110111 #
b110111 -
b1010001 '
b1010001 ,
b1100101 &
b1100101 +
b1110000000 *
#1174000
b10100 #
b10100 -
b110000 '
b110000 ,
b1100011 &
b1100011 +
b1110000001 *
#1175000
b10010 #
b10010 -
b111000 '
b111000 ,
b1011001 &
b1011001 +
b1110000010 *
#1176000
b1001001 #
1!
b11001001 -
b10100 '
b10100 ,
b110100 &
b110100 +
b1110000011 *
#1177000
b1110 #
b10001110 -
b1010 '
b1010 ,
b11 &
b11 +
b1110000100 *
#1178000
b10101 #
0!
b10101 -
b110010 '
b110010 ,
b1100010 &
b1100010 +
b100010101 )
#1179000
b1010001 #
1!
b11010001 -
b10 '
b10 ,
b1001110 &
b1001110 +
b1110000101 *
#1180000
b1100001 #
b11100001 -
b1011101 '
b1011101 ,
b11 &
b11 +
b1110000110 *
#1181000
b111101 #
0!
b111101 -
b1000101 '
b1000101 ,
b1110111 &
b1110111 +
b1110000111 *
#1182000
b1011010 #
b1011010 -
b1111101 '
b1111101 ,
b1011100 &
b1011100 +
b1110001000 *
#1183000
b11110 #
b11110 -
b1000110 '
b1000110 ,
b1010111 &
b1010111 +
b100010110 )
#1184000
b1111111 #
1!
b11111111 -
b1100011 '
b1100011 ,
b11011 &
b11011 +
b1110001001 *
#1185000
b101011 #
0!
b101011 -
b1111000 '
b1111000 ,
b110010 &
b110010 +
b1110001010 *
#1186000
b1011010 #
1!
b11011010 -
b111 '
b111 ,
b1010010 &
b1010010 +
b1110001011 *
#1187000
b1001010 #
0!
b1001010 -
b1111100 '
b1111100 ,
b1001101 &
b1001101 +
b1110001100 *
#1188000
b1110101 #
1!
b11110101 -
b100001 '
b100001 ,
b1010011 &
b1010011 +
b100010111 )
#1189000
b1011001 #
0!
b1011001 -
b1111111 '
b1111111 ,
b1011001 &
b1011001 +
b1110001101 *
#1190000
b1011101 #
b1011101 -
b1100110 '
b1100110 ,
b1110110 &
b1110110 +
b100011000 )
#1191000
1!
b11011101 -
b101110 '
b101110 ,
b101110 &
b101110 +
b100011001 )
#1192000
b1001001 #
b11001001 -
b100101 '
b100101 ,
b100011 &
b100011 +
b1110001110 *
#1193000
b1100111 #
b11100111 -
b111010 '
b111010 ,
b101100 &
b101100 +
b1110001111 *
#1194000
b110011 #
0!
b110011 -
b111000 '
b111000 ,
b1111010 &
b1111010 +
b1110010000 *
#1195000
b1 #
b1 -
b1110 '
b1110 ,
b1110010 &
b1110010 +
b1110010001 *
#1196000
b111 #
b111 -
b1010111 '
b1010111 ,
b101111 &
b101111 +
b1110010010 *
#1197000
b1110011 #
1!
b11110011 -
b1101001 '
b1101001 ,
b1001 &
b1001 +
b1110010011 *
#1198000
b101010 #
b10101010 -
b10 '
b10 ,
b100111 &
b100111 +
b1110010100 *
#1199000
b1000111 #
0!
b1000111 -
b1010000 '
b1010000 ,
b1110110 &
b1110110 +
b100011010 )
#1200000
b1110001 #
1!
b11110001 -
b110111 '
b110111 ,
b111001 &
b111001 +
b100011011 )
#1201000
b111111 #
b10111111 -
b111011 '
b111011 ,
b11 &
b11 +
b1110010101 *
#1202000
b1101000 #
b11101000 -
b1100 '
b1100 ,
b1011011 &
b1011011 +
b100011100 )
#1203000
b111001 #
b10111001 -
b110110 '
b110110 ,
b10 &
b10 +
b1110010110 *
#1204000
b1101011 #
b11101011 -
b1010 '
b1010 ,
b1100000 &
b1100000 +
b100011101 )
#1205000
b101111 #
b10101111 -
b11011 '
b11011 ,
b10011 &
b10011 +
b1110010111 *
#1206000
b1111011 #
b11111011 -
b101010 '
b101010 ,
b1010000 &
b1010000 +
b100011110 )
#1207000
b1000001 #
0!
b1000001 -
b1011000 '
b1011000 ,
b1101000 &
b1101000 +
b1110011000 *
#1208000
b1000110 #
1!
b11000110 -
b1011 '
b1011 ,
b111010 &
b111010 +
b100011111 )
#1209000
b10010 #
0!
b10010 -
b110000 '
b110000 ,
b1100001 &
b1100001 +
b1110011001 *
#1210000
b1010110 #
1!
b11010110 -
b1010 '
b1010 ,
b1001011 &
b1001011 +
b1110011010 *
#1211000
b1010010 #
b11010010 -
b11111 '
b11111 ,
b110010 &
b110010 +
b1110011011 *
#1212000
b1011010 #
b11011010 -
b1110 '
b1110 ,
b1001011 &
b1001011 +
b1110011100 *
#1213000
b111011 #
b10111011 -
b10110 '
b10110 ,
b100100 &
b100100 +
b1110011101 *
#1214000
b11 #
0!
b11 -
b1101111 '
b1101111 ,
b10011 &
b10011 +
b100100000 )
#1215000
b1110001 #
b1110001 -
b1111010 '
b1111010 ,
b1110110 &
b1110110 +
b1110011110 *
#1216000
b1100011 #
1!
b11100011 -
b11000 '
b11000 ,
b1001010 &
b1001010 +
b100100001 )
#1217000
b1101110 #
b11101110 -
b1010000 '
b1010000 ,
b11101 &
b11101 +
b1110011111 *
#1218000
b111100 #
0!
b111100 -
b1101110 '
b1101110 ,
b1001101 &
b1001101 +
b1110100000 *
#1219000
b1000 #
b1000 -
b1010000 '
b1010000 ,
b110111 &
b110111 +
b1110100001 *
#1220000
b1000101 #
b1000101 -
b1111011 '
b1111011 ,
b1001001 &
b1001001 +
b1110100010 *
#1221000
b11100 #
b11100 -
b1110110 '
b1110110 ,
b100101 &
b100101 +
b100100010 )
#1222000
b1000011 #
1!
b11000011 -
b11000 '
b11000 ,
b101010 &
b101010 +
b1110100011 *
#1223000
b101 #
0!
b101 -
b100010 '
b100010 ,
b1100010 &
b1100010 +
b1110100100 *
#1224000
b100 #
b100 -
b1010111 '
b1010111 ,
b101100 &
b101100 +
b1110100101 *
#1225000
b1100110 #
1!
b11100110 -
b1111 '
b1111 ,
b1010110 &
b1010110 +
b1110100110 *
#1226000
b10001 #
0!
b10001 -
b100101 '
b100101 ,
b1101011 &
b1101011 +
b1110100111 *
#1227000
b1010001 #
b1010001 -
b1101100 '
b1101100 ,
b1100100 &
b1100100 +
b1110101000 *
#1228000
b100101 #
b100101 -
b100110 '
b100110 ,
b1111110 &
b1111110 +
b100100011 )
#1229000
b1 #
b1 -
b110010 '
b110010 ,
b1001110 &
b1001110 +
b1110101001 *
#1230000
b1010101 #
1!
b11010101 -
b10010 '
b10010 ,
b1000010 &
b1000010 +
b1110101010 *
#1231000
b1101 #
0!
b1101 -
b110110 '
b110110 ,
b1010110 &
b1010110 +
b1110101011 *
#1232000
b1010010 #
1!
b11010010 -
b11011 &
b11011 +
b1110101100 *
#1233000
b1011001 #
b11011001 -
b1010010 '
b1010010 ,
b110 &
b110 +
b1110101101 *
#1234000
b1000111 #
b11000111 -
b111100 '
b111100 ,
b1010 &
b1010 +
b1110101110 *
#1235000
b101001 #
0!
b101001 -
b1100110 '
b1100110 ,
b1000010 &
b1000010 +
b1110101111 *
#1236000
b1001100 #
1!
b11001100 -
b11001 '
b11001 ,
b110010 &
b110010 +
b1110110000 *
#1237000
b10010 #
0!
b10010 -
b1001101 '
b1001101 ,
b1000100 &
b1000100 +
b1110110001 *
#1238000
b1000000 #
b1000000 -
b1101101 '
b1101101 ,
b1010010 &
b1010010 +
b1110110010 *
#1239000
b1000100 #
b1000100 -
b1000101 '
b1000101 ,
b1111110 &
b1111110 +
b100100100 )
#1240000
b110110 #
1!
b10110110 -
b10101 '
b10101 ,
b100000 &
b100000 +
b100100101 )
#1241000
b1001100 #
b11001100 -
b101001 '
b101001 ,
b100010 &
b100010 +
b100100110 )
#1242000
b101011 #
0!
b101011 -
b1100100 '
b1100100 ,
b1000110 &
b1000110 +
b1110110011 *
#1243000
b1011111 #
1!
b11011111 -
b111010 '
b111010 ,
b100100 &
b100100 +
b1110110100 *
#1244000
b101110 #
b10101110 -
b111 '
b111 ,
b100110 &
b100110 +
b1110110101 *
#1245000
b1000010 #
b11000010 -
b10010 '
b10010 ,
b101111 &
b101111 +
b100100111 )
#1246000
b1000100 #
0!
b1000100 -
b1010100 '
b1010100 ,
b1101111 &
b1101111 +
b1110110110 *
#1247000
b1100001 #
1!
b11100001 -
b1000100 '
b1000100 ,
b11100 &
b11100 +
b100101000 )
#1248000
b101010 #
0!
b101010 -
b111100 '
b111100 ,
b1101101 &
b1101101 +
b1110110111 *
#1249000
b110011 #
1!
b10110011 -
b1000 '
b1000 ,
b101010 &
b101010 +
b1110111000 *
#1250000
b101000 #
0!
b101000 -
b1011111 '
b1011111 ,
b1001000 &
b1001000 +
b100101001 )
#1251000
b1101000 #
1!
b11101000 -
b100101 '
b100101 ,
b1000010 &
b1000010 +
b1110111001 *
#1252000
b111001 #
0!
b111001 -
b1001000 '
b1001000 ,
b1110000 &
b1110000 +
b1110111010 *
#1253000
b11011 #
b11011 -
b1001011 '
b1001011 ,
b1001111 &
b1001111 +
b1110111011 *
#1254000
b110000 #
1!
b10110000 -
b11 '
b11 ,
b101100 &
b101100 +
b1110111100 *
#1255000
b1101011 #
b11101011 -
b1000111 '
b1000111 ,
b100011 &
b100011 +
b100101010 )
#1256000
b101 #
0!
b101 -
b1010001 '
b1010001 ,
b110011 &
b110011 +
b1110111101 *
#1257000
b1000001 #
b1000001 -
b1111100 '
b1111100 ,
b1000100 &
b1000100 +
b1110111110 *
#1258000
b100001 #
1!
b10100001 -
b1 '
b1 ,
b11111 &
b11111 +
b100101011 )
#1259000
b101110 #
0!
b101110 -
b1011100 '
b1011100 ,
b1010001 &
b1010001 +
b100101100 )
#1260000
b100111 #
b100111 -
b1010010 '
b1010010 ,
b1010100 &
b1010100 +
b1110111111 *
#1261000
b10001 #
b10001 -
b1111000 '
b1111000 ,
b11000 &
b11000 +
b1111000000 *
#1262000
b101010 #
b101010 -
b111111 '
b111111 ,
b1101010 &
b1101010 +
b1111000001 *
#1263000
b100 #
b100 -
b110011 '
b110011 ,
b1010000 &
b1010000 +
b1111000010 *
#1264000
b1001111 #
b1001111 -
b1010101 '
b1010101 ,
b1111001 &
b1111001 +
b1111000011 *
#1265000
b1000000 #
b1000000 -
b1100111 '
b1100111 ,
b1011000 &
b1011000 +
b100101101 )
#1266000
b110110 #
1!
b10110110 -
b100000 '
b100000 ,
b10101 &
b10101 +
b100101110 )
#1267000
b1100010 #
b11100010 -
b1000110 '
b1000110 ,
b11011 &
b11011 +
b100101111 )
#1268000
b1000000 #
b11000000 -
b101011 '
b101011 ,
b10100 &
b10100 +
b1111000100 *
#1269000
b1010001 #
b11010001 -
b1001 '
b1001 ,
b1000111 &
b1000111 +
b1111000101 *
#1270000
b110 #
0!
b110 -
b1010001 '
b1010001 ,
b110100 &
b110100 +
b1111000110 *
#1271000
b111101 #
b111101 -
b1111101 '
b1111101 ,
b111111 &
b111111 +
b1111000111 *
#1272000
b1110 #
b1110 -
b10101 '
b10101 ,
b1111000 &
b1111000 +
b1111001000 *
#1273000
b1010111 #
1!
b11010111 -
b110101 '
b110101 ,
b100001 &
b100001 +
b1111001001 *
#1274000
b100001 #
b10100001 -
b10011 '
b10011 ,
b1101 &
b1101 +
b1111001010 *
#1275000
b1000111 #
b11000111 -
b110010 '
b110010 ,
b10100 &
b10100 +
b100110000 )
#1276000
b111011 #
0!
b111011 -
b1101000 '
b1101000 ,
b1010010 &
b1010010 +
b1111001011 *
#1277000
b10100 #
b10100 -
b10101 '
b10101 ,
b1111110 &
b1111110 +
b1111001100 *
#1278000
b10010 #
b10010 -
b1111010 '
b1111010 ,
b10111 &
b10111 +
b1111001101 *
#1279000
b1100100 #
1!
b11100100 -
b1011110 '
b1011110 ,
b101 &
b101 +
b1111001110 *
#1280000
b11001 #
0!
b11001 -
b101010 '
b101010 ,
b1101110 &
b1101110 +
b1111001111 *
#1281000
b1011111 #
1!
b11011111 -
b10101 '
b10101 ,
b1001001 &
b1001001 +
b1111010000 *
#1282000
b1111001 #
b11111001 -
b100100 '
b100100 ,
b1010100 &
b1010100 +
b1111010001 *
#1283000
b1000 #
0!
b1000 -
b10000 '
b10000 ,
b1110111 &
b1110111 +
b1111010010 *
#1284000
b10 #
b10 -
b100001 '
b100001 ,
b1100000 &
b1100000 +
b1111010011 *
#1285000
b1100111 #
1!
b11100111 -
b10000 '
b10000 ,
b1010110 &
b1010110 +
b1111010100 *
#1286000
b1101000 #
0!
b1101000 -
b1101101 '
b1101101 ,
b1111010 &
b1111010 +
b1111010101 *
#1287000
b1010011 #
1!
b11010011 -
b1100 '
b1100 ,
b1000110 &
b1000110 +
b100110001 )
#1288000
b1100010 #
0!
b1100010 -
b1101000 '
b1101000 ,
b1111001 &
b1111001 +
b1111010110 *
#1289000
b110010 #
1!
b10110010 -
b101111 '
b101111 ,
b10 &
b10 +
b100110010 )
#1290000
b1110 #
0!
b1110 -
b1111 '
b1111 ,
b1111110 &
b1111110 +
b100110011 )
#1291000
b100 #
b100 -
b101010 '
b101010 ,
b1011001 &
b1011001 +
b1111010111 *
#1292000
b1001 #
b1001 -
b1101010 '
b1101010 ,
b11110 &
b11110 +
b1111011000 *
#1293000
b100 #
b100 -
b110 '
b110 ,
b1111101 &
b1111101 +
b1111011001 *
#1294000
b111100 #
b111100 -
b1001000 '
b1001000 ,
b1110011 &
b1110011 +
b1111011010 *
#1295000
b1000001 #
b1000001 -
b1110000 '
b1110000 ,
b1010000 &
b1010000 +
b1111011011 *
#1296000
b1010001 #
b1010001 -
b1100000 '
b1100000 ,
b1110000 &
b1110000 +
b100110100 )
#1297000
b1111110 #
1!
b11111110 -
b1100010 '
b1100010 ,
b11011 &
b11011 +
b100110101 )
#1298000
b110000 #
0!
b110000 -
b1110001 '
b1110001 ,
b111110 &
b111110 +
b1111011100 *
#1299000
b100001 #
b100001 -
b1011010 '
b1011010 ,
b1000110 &
b1000110 +
b1111011101 *
#1300000
b11001 #
b11001 -
b1001001 '
b1001001 ,
b1001111 &
b1001111 +
b1111011110 *
#1301000
b11110 #
b11110 -
b1010011 '
b1010011 ,
b1001010 &
b1001010 +
b1111011111 *
#1302000
b101111 #
1!
b10101111 -
b1010 '
b1010 ,
b100100 &
b100100 +
b1111100000 *
#1303000
b10101 #
0!
b10101 -
b1100011 '
b1100011 ,
b110001 &
b110001 +
b100110110 )
#1304000
b111 #
b111 -
b1010000 '
b1010000 ,
b110110 &
b110110 +
b1111100001 *
#1305000
b1100 #
b1100 -
b1110011 '
b1110011 ,
b11000 &
b11000 +
b1111100010 *
#1306000
b1 #
b1 -
b1001000 '
b1001000 ,
b111000 &
b111000 +
b1111100011 *
#1307000
b10111 #
b10111 -
b1000010 '
b1000010 ,
b1010100 &
b1010100 +
b1111100100 *
#1308000
b100011 #
b100011 -
b110011 '
b110011 ,
b1101111 &
b1101111 +
b1111100101 *
#1309000
b110001 #
b110001 -
b1011001 '
b1011001 ,
b1010111 &
b1010111 +
b1111100110 *
#1310000
b11110 #
1!
b10011110 -
b1101 '
b1101 ,
b10000 &
b10000 +
b1111100111 *
#1311000
b110000 #
0!
b110000 -
b1100001 '
b1100001 ,
b1001110 &
b1001110 +
b100110111 )
#1312000
b110111 #
1!
b10110111 -
b11101 '
b11101 ,
b11001 &
b11001 +
b1111101000 *
#1313000
b11110 #
0!
b11110 -
b1001110 '
b1001110 ,
b1001111 &
b1001111 +
b100111000 )
#1314000
b1001010 #
b1001010 -
b1100111 '
b1100111 ,
b1100010 &
b1100010 +
b1111101001 *
#1315000
b1000110 #
1!
b11000110 -
b111 '
b111 ,
b111110 &
b111110 +
b100111001 )
#1316000
b1111 #
0!
b1111 -
b1111110 '
b1111110 ,
b10000 &
b10000 +
b1111101010 *
#1317000
b1010000 #
1!
b11010000 -
b110111 '
b110111 ,
b11000 &
b11000 +
b1111101011 *
#1318000
b1101101 #
0!
b1101101 -
b1111011 '
b1111011 ,
b1110001 &
b1110001 +
b1111101100 *
#1319000
b1000011 #
b1000011 -
b1000011 '
b1000011 ,
b1111111 &
b1111111 +
b100111010 )
#1320000
b1110100 #
1!
b11110100 -
b1001111 '
b1001111 ,
b100100 &
b100100 +
b100111011 )
#1321000
b110010 #
0!
b110010 -
b110111 '
b110111 ,
b1111010 &
b1111010 +
b1111101101 *
#1322000
b1000101 #
b1000101 -
b1110000 '
b1110000 ,
b1010100 &
b1010100 +
b1111101110 *
#1323000
b10 #
b10 -
b100 '
b100 ,
b1111101 &
b1111101 +
b100111100 )
#1324000
b1101 #
b1101 -
b1011110 '
b1011110 ,
b101110 &
b101110 +
b1111101111 *
#1325000
b1111011 #
1!
b11111011 -
b111 '
b111 ,
b1110011 &
b1110011 +
b1111110000 *
#1326000
b1011111 #
b11011111 -
b1001010 '
b1001010 ,
b10100 &
b10100 +
b1111110001 *
#1327000
b11001 #
0!
b11001 -
b1110110 '
b1110110 ,
b100010 &
b100010 +
b1111110010 *
#1328000
b1111110 #
1!
b11111110 -
b11 '
b11 ,
b1111010 &
b1111010 +
b1111110011 *
#1329000
b1011001 #
b11011001 -
b1000 '
b1000 ,
b1010000 &
b1010000 +
b1111110100 *
#1330000
b1101110 #
b11101110 -
b1001000 '
b1001000 ,
b100101 &
b100101 +
b1111110101 *
#1331000
b1100101 #
b11100101 -
b1000 '
b1000 ,
b1011100 &
b1011100 +
b1111110110 *
#1332000
b1100100 #
b11100100 -
b1011010 '
b1011010 ,
b1001 &
b1001 +
b1111110111 *
#1333000
b1101001 #
b11101001 -
b1110 '
b1110 ,
b1011010 &
b1011010 +
b1111111000 *
#1334000
b1100010 #
b11100010 -
b110000 '
b110000 ,
b110001 &
b110001 +
b1111111001 *
#1335000
b1101111 #
b11101111 -
b110111 '
b110111 ,
b110111 &
b110111 +
b1111111010 *
#1336000
b10110 #
0!
b10110 -
b1101000 '
b1101000 ,
b101101 &
b101101 +
b1111111011 *
#1337000
b100 #
b100 -
b1100001 '
b1100001 ,
b100010 &
b100010 +
b1111111100 *
#1338000
b1011000 #
1!
b11011000 -
b10101 '
b10101 ,
b1000010 &
b1000010 +
b1111111101 *
#1339000
b11101 #
b10011101 -
b1001 '
b1001 ,
b10011 &
b10011 +
b1111111110 *
#1340000
b1000010 #
0!
b1000010 -
b1000101 '
b1000101 ,
b1111100 &
b1111100 +
b100111101 )
#1341000
b1011010 #
b1011010 -
b1111001 '
b1111001 ,
b1100000 &
b1100000 +
b100111110 )
#1342000
b1011100 #
1!
b11011100 -
b11101 '
b11101 ,
b111110 &
b111110 +
b100111111 )
#1343000
b111010 #
0!
b111010 -
b1000101 '
b1000101 ,
b1110100 &
b1110100 +
b1111111111 *
#1344000
b1001101 #
1!
b11001101 -
b110011 '
b110011 ,
b11001 &
b11001 +
b10000000000 *
#1345000
b1011000 #
0!
b1011000 -
b1101010 '
b1101010 ,
b1101101 &
b1101101 +
b10000000001 *
#1346000
b1110110 #
1!
b11110110 -
b110010 '
b110010 ,
b1000011 &
b1000011 +
b101000000 )
#1347000
b111111 #
0!
b111111 -
b1011110 '
b1011110 ,
b1100000 &
b1100000 +
b10000000010 *
#1348000
b1100 #
b1100 -
b110101 '
b110101 ,
b1010110 &
b1010110 +
b10000000011 *
#1349000
b1101001 #
1!
b11101001 -
b10101 '
b10101 ,
b1010011 &
b1010011 +
b10000000100 *
#1350000
b100 #
0!
b100 -
b110101 '
b110101 ,
b1001110 &
b1001110 +
b10000000101 *
#1351000
b0 #
1!
b0 -
b11100 '
b11100 ,
b1100011 &
b1100011 +
b10000000110 *
#1352000
b1010000 #
b11010000 -
b11010 '
b11010 ,
b110101 &
b110101 +
b10000000111 *
#1353000
b1111010 #
b11111010 -
b100 '
b100 ,
b1110101 &
b1110101 +
b10000001000 *
#1354000
b1101111 #
b11101111 -
b100110 '
b100110 ,
b1001000 &
b1001000 +
b10000001001 *
#1355000
b10100 #
0!
b10100 -
b1110111 '
b1110111 ,
b11100 &
b11100 +
b10000001010 *
#1356000
b110000 #
b110000 -
b1111110 '
b1111110 ,
b110001 &
b110001 +
b10000001011 *
#1357000
b1011000 #
1!
b11011000 -
b101 '
b101 ,
b1010010 &
b1010010 +
b10000001100 *
#1358000
b100110 #
0!
b100110 -
b1000011 '
b1000011 ,
b1100010 &
b1100010 +
b10000001101 *
#1359000
b100010 #
b100010 -
b101110 '
b101110 ,
b1110011 &
b1110011 +
b10000001110 *
#1360000
b111110 #
b111110 -
b1001011 '
b1001011 ,
b1110010 &
b1110010 +
b10000001111 *
#1361000
b1011100 #
1!
b11011100 -
b0 '
b0 ,
b1011011 &
b1011011 +
b10000010000 *
#1362000
b1101110 #
b11101110 -
b100000 '
b100000 ,
b1001101 &
b1001101 +
b10000010001 *
#1363000
b1101010 #
b11101010 -
b10101 '
b10101 ,
b1010100 &
b1010100 +
b10000010010 *
#1364000
b1110001 #
b11110001 -
b100110 '
b100110 ,
b1001010 &
b1001010 +
b10000010011 *
#1365000
b1100100 #
0!
b1100100 -
b1111011 '
b1111011 ,
b1101000 &
b1101000 +
b10000010100 *
#1366000
b1111101 #
1!
b11111101 -
b110110 '
b110110 ,
b1000110 &
b1000110 +
b101000001 )
#1367000
b110000 #
b10110000 -
b11010 '
b11010 ,
b10101 &
b10101 +
b10000010101 *
#1368000
b1110100 #
b11110100 -
b1100010 '
b1100010 ,
b10001 &
b10001 +
b101000010 )
#1369000
b11001 #
0!
b11001 -
b1011111 '
b1011111 ,
b111001 &
b111001 +
b10000010110 *
#1370000
b1110001 #
1!
b11110001 -
b1101101 '
b1101101 ,
b11 &
b11 +
b10000010111 *
#1371000
b1100101 #
b11100101 -
b10 '
b10 ,
b1100010 &
b1100010 +
b10000011000 *
#1372000
b111010 #
0!
b111010 -
b1011111 '
b1011111 ,
b1011010 &
b1011010 +
b10000011001 *
#1373000
b10010 #
b10010 -
b1110000 '
b1110000 ,
b100001 &
b100001 +
b10000011010 *
#1374000
b1 #
b1 -
b10111 '
b10111 ,
b1101001 &
b1101001 +
b10000011011 *
#1375000
b110101 #
b110101 -
b1100010 '
b1100010 ,
b1010010 &
b1010010 +
b10000011100 *
#1376000
b1100001 #
b1100001 -
b1100111 '
b1100111 ,
b1111001 &
b1111001 +
b10000011101 *
#1377000
b111000 #
1!
b10111000 -
b1 '
b1 ,
b110110 &
b110110 +
b101000011 )
#1378000
b11000 #
0!
b11000 -
b1101110 '
b1101110 ,
b101001 &
b101001 +
b101000100 )
#1379000
b1001111 #
1!
b11001111 -
b1001001 '
b1001001 ,
b101 &
b101 +
b10000011110 *
#1380000
b1101101 #
b11101101 -
b0 '
b0 ,
b1101100 &
b1101100 +
b10000011111 *
#1381000
b10 #
0!
b10 -
b1011011 '
b1011011 ,
b100110 &
b100110 +
b10000100000 *
#1382000
b101110 #
b101110 -
b1111110 '
b1111110 ,
b101111 &
b101111 +
b10000100001 *
#1383000
b1110 #
b1110 -
b101000 '
b101000 ,
b1100101 &
b1100101 +
b10000100010 *
#1384000
b1001110 #
1!
b11001110 -
b111101 '
b111101 ,
b10000 &
b10000 +
b10000100011 *
#1385000
b1 #
0!
b1 -
b1100010 '
b1100010 ,
b11110 &
b11110 +
b10000100100 *
#1386000
b1111000 #
1!
b11111000 -
b10011 '
b10011 ,
b1100100 &
b1100100 +
b10000100101 *
#1387000
b1100110 #
0!
b1100110 -
b1101110 '
b1101110 ,
b1110111 &
b1110111 +
b10000100110 *
#1388000
b110100 #
b110100 -
b1111011 '
b1111011 ,
b111000 &
b111000 +
b101000101 )
#1389000
b111011 #
b111011 -
b1101100 '
b1101100 ,
b1001110 &
b1001110 +
b10000100111 *
#1390000
b1100100 #
1!
b11100100 -
b10001 '
b10001 ,
b1010010 &
b1010010 +
b10000101000 *
#1391000
b101111 #
0!
b101111 -
b1100000 '
b1100000 ,
b1001110 &
b1001110 +
b10000101001 *
#1392000
b111000 #
1!
b10111000 -
b100010 '
b100010 ,
b10101 &
b10101 +
b10000101010 *
#1393000
b1010001 #
0!
b1010001 -
b1010010 '
b1010010 ,
b1111110 &
b1111110 +
b101000110 )
#1394000
b1101001 #
1!
b11101001 -
b10110 &
b10110 +
b101000111 )
#1395000
b101110 #
b10101110 -
b100101 '
b100101 ,
b1000 &
b1000 +
b10000101011 *
#1396000
b1010000 #
0!
b1010000 -
b1010101 '
b1010101 ,
b1111010 &
b1111010 +
b101001000 )
#1397000
b0 #
1!
b0 -
b111111 '
b111111 ,
b1000000 &
b1000000 +
b101001001 )
#1398000
b101000 #
0!
b101000 -
b1110101 '
b1110101 ,
b110010 &
b110010 +
b10000101100 *
#1399000
b1111101 #
1!
b11111101 -
b1100 '
b1100 ,
b1110000 &
b1110000 +
b10000101101 *
#1400000
b11001 #
0!
b11001 -
b100011 '
b100011 ,
b1110101 &
b1110101 +
b10000101110 *
#1401000
b1100100 #
1!
b11100100 -
b101011 '
b101011 ,
b111000 &
b111000 +
b10000101111 *
#1402000
b1010110 #
b11010110 -
b100000 '
b100000 ,
b110101 &
b110101 +
b10000110000 *
#1403000
b111110 #
b10111110 -
b1011 '
b1011 ,
b110010 &
b110010 +
b10000110001 *
#1404000
b1101001 #
b11101001 -
b100010 '
b100010 ,
b1000110 &
b1000110 +
b101001010 )
#1405000
b11001 #
0!
b11001 -
b11001 '
b11001 ,
b1111111 &
b1111111 +
b10000110010 *
#1406000
b1111110 #
1!
b11111110 -
b1001001 '
b1001001 ,
b110100 &
b110100 +
b10000110011 *
#1407000
b11010 #
0!
b11010 -
b1110011 '
b1110011 ,
b100110 &
b100110 +
b10000110100 *
#1408000
b111010 #
1!
b10111010 -
b10100 '
b10100 ,
b100101 &
b100101 +
b10000110101 *
#1409000
b100101 #
b10100101 -
b1000 '
b1000 ,
b11100 &
b11100 +
b101001011 )
#1410000
b1100 #
0!
b1100 -
b1100101 '
b1100101 ,
b100110 &
b100110 +
b101001100 )
#1411000
b10110 #
b10110 -
b1011111 '
b1011111 ,
b110110 &
b110110 +
b10000110110 *
#1412000
b1011110 #
b1011110 -
b1110110 '
b1110110 ,
b1100111 &
b1100111 +
b10000110111 *
#1413000
b101100 #
1!
b10101100 -
b11101 '
b11101 ,
b1110 &
b1110 +
b101001101 )
#1414000
b110001 #
b10110001 -
b11111 '
b11111 ,
b10001 &
b10001 +
b101001110 )
#1415000
b110100 #
0!
b110100 -
b1011001 '
b1011001 ,
b1011010 &
b1011010 +
b101001111 )
#1416000
b101 #
b101 -
b1011 '
b1011 ,
b1111001 &
b1111001 +
b10000111000 *
#1417000
b100 #
1!
b10000100 -
b11 '
b11 ,
b0 &
b0 +
b10000111001 *
#1418000
b1100 #
0!
b1100 -
b1111001 '
b1111001 ,
b10010 &
b10010 +
b101010000 )
#1419000
b1101000 #
1!
b11101000 -
b111000 '
b111000 ,
b101111 &
b101111 +
b10000111010 *
#1420000
b10110 #
0!
b10110 -
b1100011 '
b1100011 ,
b110010 &
b110010 +
b10000111011 *
#1421000
b111 #
1!
b10000111 -
b110 '
b110 ,
b0 &
b0 +
b10000111100 *
#1422000
b101100 #
0!
b101100 -
b1110010 '
b1110010 ,
b111001 &
b111001 +
b101010001 )
#1423000
b1011000 #
1!
b11011000 -
b110110 '
b110110 ,
b100001 &
b100001 +
b10000111101 *
#1424000
b1010011 #
0!
b1010011 -
b1010100 '
b1010100 ,
b1111110 &
b1111110 +
b10000111110 *
#1425000
b1000001 #
b1000001 -
b1100101 '
b1100101 ,
b1011011 &
b1011011 +
b101010010 )
#1426000
b1011100 #
1!
b11011100 -
b11001 '
b11001 ,
b1000010 &
b1000010 +
b101010011 )
#1427000
b1101101 #
b11101101 -
b111101 '
b111101 ,
b101111 &
b101111 +
b10000111111 *
#1428000
b1010000 #
0!
b1010000 -
b1110000 '
b1110000 ,
b1011111 &
b1011111 +
b10001000000 *
#1429000
b1101110 #
1!
b11101110 -
b1011100 '
b1011100 ,
b10001 &
b10001 +
b101010100 )
#1430000
b1000011 #
b11000011 -
b100000 '
b100000 ,
b100010 &
b100010 +
b10001000001 *
#1431000
b111101 #
0!
b111101 -
b1101111 '
b1101111 ,
b1001101 &
b1001101 +
b10001000010 *
#1432000
b111010 #
b111010 -
b1101100 '
b1101100 ,
b10001000011 *
#1433000
b111101 #
b111101 -
b1100100 '
b1100100 ,
b1011000 &
b1011000 +
b10001000100 *
#1434000
b1010011 #
b1010011 -
b1100001 '
b1100001 ,
b1110001 &
b1110001 +
b10001000101 *
#1435000
b110011 #
b110011 -
b1100000 '
b1100000 ,
b1010010 &
b1010010 +
b101010101 )
#1436000
b1101110 #
1!
b11101110 -
b1100 '
b1100 ,
b1100001 &
b1100001 +
b10001000110 *
#1437000
b1110010 #
b11110010 -
b101111 '
b101111 ,
b1000010 &
b1000010 +
b10001000111 *
#1438000
b110 #
0!
b110 -
b1100000 '
b1100000 ,
b100101 &
b100101 +
b10001001000 *
#1439000
b11100 #
1!
b10011100 -
b10000 '
b10000 ,
b1011 &
b1011 +
b10001001001 *
#1440000
b1100001 #
0!
b1100001 -
b1110111 '
b1110111 ,
b1101001 &
b1101001 +
b101010110 )
#1441000
b1001010 #
b1001010 -
b1011000 '
b1011000 ,
b1110001 &
b1110001 +
b101010111 )
#1442000
b1101101 #
1!
b11101101 -
b1000010 '
b1000010 ,
b101010 &
b101010 +
b101011000 )
#1443000
b1101110 #
b11101110 -
b10011 '
b10011 ,
b1011010 &
b1011010 +
b10001001010 *
#1444000
b1010000 #
b11010000 -
b1111 '
b1111 ,
b1000000 &
b1000000 +
b10001001011 *
#1445000
b111011 #
0!
b111011 -
b1001110 '
b1001110 ,
b1101100 &
b1101100 +
b10001001100 *
#1446000
b1110 #
b1110 -
b111011 '
b111011 ,
b1010010 &
b1010010 +
b10001001101 *
#1447000
b1110110 #
b1110110 -
b1111110 '
b1111110 ,
b1110111 &
b1110111 +
b10001001110 *
#1448000
b1001110 #
1!
b11001110 -
b111001 '
b111001 ,
b10100 &
b10100 +
b101011001 )
#1449000
b1111010 #
b11111010 -
b1110100 '
b1110100 ,
b101 &
b101 +
b10001001111 *
#1450000
b10110 #
0!
b10110 -
b1111010 '
b1111010 ,
b11011 &
b11011 +
b10001010000 *
#1451000
b1000101 #
1!
b11000101 -
b0 '
b0 ,
b1000100 &
b1000100 +
b10001010001 *
#1452000
b10111 #
0!
b10111 -
b101000 '
b101000 ,
b1101110 &
b1101110 +
b10001010010 *
#1453000
b1011011 #
b1011011 -
b1111110 '
b1111110 ,
b1011100 &
b1011100 +
b10001010011 *
#1454000
b1010011 #
1!
b11010011 -
b100 '
b100 ,
b1001110 &
b1001110 +
b101011010 )
#1455000
b1110000 #
b11110000 -
b111000 '
b111000 ,
b110111 &
b110111 +
b10001010100 *
#1456000
b110111 #
b10110111 -
b1111 '
b1111 ,
b100111 &
b100111 +
b10001010101 *
#1457000
b1110101 #
0!
b1110101 -
b1111111 '
b1111111 ,
b1110101 &
b1110101 +
b101011011 )
#1458000
b10 #
b10 -
b1110 '
b1110 ,
b1110011 &
b1110011 +
b101011100 )
#1459000
b100110 #
b100110 -
b1000011 '
b1000011 ,
b1100010 &
b1100010 +
b10001010110 *
#1460000
b1111111 #
1!
b11111111 -
b1011101 '
b1011101 ,
b100001 &
b100001 +
b10001010111 *
#1461000
b11111 #
0!
b11111 -
b110100 '
b110100 ,
b1101010 &
b1101010 +
b10001011000 *
#1462000
b1110100 #
1!
b11110100 -
b1001111 '
b1001111 ,
b100100 &
b100100 +
b10001011001 *
#1463000
b10100 #
b10010100 -
b100 '
b100 ,
b1111 &
b1111 +
b10001011010 *
#1464000
b1010000 #
0!
b1010000 -
b1100100 '
b1100100 ,
b1101011 &
b1101011 +
b101011101 )
#1465000
b111110 #
1!
b10111110 -
b1001 '
b1001 ,
b110100 &
b110100 +
b101011110 )
#1466000
b1110100 #
b11110100 -
b1000010 '
b1000010 ,
b110001 &
b110001 +
b101011111 )
#1467000
b10011 #
0!
b10011 -
b11111 '
b11111 ,
b1110011 &
b1110011 +
b10001011011 *
#1468000
b101010 #
b101010 -
b1111110 '
b1111110 ,
b101011 &
b101011 +
b10001011100 *
#1469000
b1011011 #
1!
b11011011 -
b1001100 '
b1001100 ,
b1110 &
b1110 +
b10001011101 *
#1470000
b1110 #
0!
b1110 -
b1101011 '
b1101011 ,
b100010 &
b100010 +
b10001011110 *
#1471000
b101111 #
b101111 -
b110001 '
b110001 ,
b1111101 &
b1111101 +
b10001011111 *
#1472000
b11100 #
b11100 -
b101100 '
b101100 ,
b1101111 &
b1101111 +
b10001100000 *
#1473000
b1110 #
b1110 -
b100110 '
b100110 ,
b1100111 &
b1100111 +
b10001100001 *
#1474000
b10110 #
1!
b10010110 -
b1110 '
b1110 ,
b111 &
b111 +
b10001100010 *
#1475000
b1110110 #
b11110110 -
b111011 '
b111011 ,
b111010 &
b111010 +
b101100000 )
#1476000
b1110001 #
b11110001 -
b100010 '
b100010 ,
b1001110 &
b1001110 +
b10001100011 *
#1477000
b111100 #
0!
b111100 -
b111111 '
b111111 ,
b1111100 &
b1111100 +
b10001100100 *
#1478000
b1010 #
b1010 -
b1011010 '
b1011010 ,
b101111 &
b101111 +
b10001100101 *
#1479000
b11011 #
b11011 -
b1001010 '
b1001010 ,
b1010000 &
b1010000 +
b10001100110 *
#1480000
b111111 #
b111111 -
b1011011 '
b1011011 ,
b1100011 &
b1100011 +
b10001100111 *
#1481000
b11110 #
b11110 -
b100101 '
b100101 ,
b1111000 &
b1111000 +
b10001101000 *
#1482000
b1000001 #
1!
b11000001 -
b10111 '
b10111 ,
b101001 &
b101001 +
b10001101001 *
#1483000
b1101010 #
b11101010 -
b1010100 '
b1010100 ,
b10101 &
b10101 +
b10001101010 *
#1484000
b110101 #
b10110101 -
b11000 '
b11000 ,
b11100 &
b11100 +
b10001101011 *
#1485000
b11010 #
0!
b11010 -
b1011111 '
b1011111 ,
b111010 &
b111010 +
b101100001 )
#1486000
b1101001 #
1!
b11101001 -
b1000100 '
b1000100 ,
b100100 &
b100100 +
b10001101100 *
#1487000
b1101 #
0!
b1101 -
b1001111 '
b1001111 ,
b111101 &
b111101 +
b10001101101 *
#1488000
b1001011 #
b1001011 -
b1011101 '
b1011101 ,
b1101101 &
b1101101 +
b10001101110 *
#1489000
b1110110 #
1!
b11110110 -
b1000111 '
b1000111 ,
b101110 &
b101110 +
b101100010 )
#1490000
b1010110 #
b11010110 -
b101100 '
b101100 ,
b101001 &
b101001 +
b10001101111 *
#1491000
b10100 #
0!
b10100 -
b1111010 '
b1111010 ,
b11001 &
b11001 +
b10001110000 *
#1492000
b101101 #
b101101 -
b1100100 '
b1100100 ,
b1001000 &
b1001000 +
b10001110001 *
#1493000
b1000110 #
1!
b11000110 -
b1100 '
b1100 ,
b111001 &
b111001 +
b10001110010 *
#1494000
b11011 #
0!
b11011 -
b1110111 '
b1110111 ,
b100011 &
b100011 +
b10001110011 *
#1495000
b1100111 #
b1100111 -
b1101011 '
b1101011 ,
b1111011 &
b1111011 +
b10001110100 *
#1496000
b10000 #
1!
b10010000 -
b1100 '
b1100 ,
b11 &
b11 +
b101100011 )
#1497000
b1000001 #
0!
b1000001 -
b1111001 '
b1111001 ,
b1000111 &
b1000111 +
b101100100 )
#1498000
b100 #
b100 -
b110101 '
b110101 ,
b1001110 &
b1001110 +
b101100101 )
#1499000
b1101011 #
1!
b11101011 -
b1000100 '
b1000100 ,
b100110 &
b100110 +
b10001110101 *
#1500000
b111010 #
b10111010 -
b111000 '
b111000 ,
b1 &
b1 +
b10001110110 *
#1501000
b1011000 #
0!
b1011000 -
b1101100 '
b1101100 ,
b1101011 &
b1101011 +
b101100110 )
#1502000
b1001000 #
b1001000 -
b1011000 '
b1011000 ,
b1101111 &
b1101111 +
b101100111 )
#1503000
b1011 #
b1011 -
b110000 '
b110000 ,
b1011010 &
b1011010 +
b101101000 )
#1504000
b1110010 #
1!
b11110010 -
b101110 '
b101110 ,
b1000011 &
b1000011 +
b10001110111 *
#1505000
b11101 #
b10011101 -
b1010 '
b1010 ,
b10010 &
b10010 +
b10001111000 *
#1506000
b100011 #
0!
b100011 -
b110011 '
b110011 ,
b1101111 &
b1101111 +
b101101001 )
#1507000
b1011 #
b1011 -
b1011 '
b1011 ,
b1111111 &
b1111111 +
b10001111001 *
#1508000
b110001 #
b110001 -
b1101000 '
b1101000 ,
b1001000 &
b1001000 +
b10001111010 *
#1509000
b11 #
b11 -
b100101 '
b100101 ,
b1011101 &
b1011101 +
b10001111011 *
#1510000
b100110 #
b100110 -
b1100000 '
b1100000 ,
b1000101 &
b1000101 +
b10001111100 *
#1511000
b100111 #
b100111 -
b1001101 '
b1001101 ,
b1011001 &
b1011001 +
b10001111101 *
#1512000
b101110 #
b101110 -
b1100100 '
b1100100 ,
b1001001 &
b1001001 +
b10001111110 *
#1513000
b1100111 #
1!
b11100111 -
b10 &
b10 +
b10001111111 *
#1514000
b1111000 #
b11111000 -
b110011 '
b110011 ,
b1000100 &
b1000100 +
b10010000000 *
#1515000
b111 #
0!
b111 -
b100001 '
b100001 ,
b1100101 &
b1100101 +
b10010000001 *
#1516000
b101111 #
b101111 -
b1100011 '
b1100011 ,
b1001011 &
b1001011 +
b10010000010 *
#1517000
b1100110 #
1!
b11100110 -
b10101 '
b10101 ,
b1010000 &
b1010000 +
b10010000011 *
#1518000
b1000101 #
b11000101 -
b10001 '
b10001 ,
b110011 &
b110011 +
b10010000100 *
#1519000
b101 #
0!
b101 -
b1000100 '
b1000100 ,
b1000000 &
b1000000 +
b10010000101 *
#1520000
b110101 #
1!
b10110101 -
b101010 '
b101010 ,
b1010 &
b1010 +
b10010000110 *
#1521000
b1101 #
0!
b1101 -
b1000100 '
b1000100 ,
b1001000 &
b1001000 +
b101101010 )
#1522000
b10010 #
b10010 -
b1001011 '
b1001011 ,
b1000110 &
b1000110 +
b10010000111 *
#1523000
b110111 #
1!
b10110111 -
b1001 '
b1001 ,
b101101 &
b101101 +
b10010001000 *
#1524000
b1101011 #
b11101011 -
b101111 '
b101111 ,
b111011 &
b111011 +
b101101011 )
#1525000
b1010010 #
b11010010 -
b101 '
b101 ,
b1001100 &
b1001100 +
b10010001001 *
#1526000
b1011110 #
0!
b1011110 -
b1101110 '
b1101110 ,
b1101111 &
b1101111 +
b10010001010 *
#1527000
b1011100 #
1!
b11011100 -
b100101 '
b100101 ,
b110110 &
b110110 +
b101101100 )
#1528000
b1110100 #
b11110100 -
b1001010 '
b1001010 ,
b101001 &
b101001 +
b10010001011 *
#1529000
b1011111 #
0!
b1011111 -
b1110011 '
b1110011 ,
b1101011 &
b1101011 +
b10010001100 *
#1530000
b1110 #
1!
b10001110 -
b1011 '
b1011 ,
b10 &
b10 +
b101101101 )
#1531000
b111 #
0!
b111 -
b101100 '
b101100 ,
b1011010 &
b1011010 +
b101101110 )
#1532000
b1111111 #
1!
b11111111 -
b1011010 '
b1011010 ,
b100100 &
b100100 +
b10010001101 *
#1533000
b101001 #
0!
b101001 -
b1101001 '
b1101001 ,
b111111 &
b111111 +
b10010001110 *
#1534000
b101010 #
b101010 -
b1110101 '
b1110101 ,
b110100 &
b110100 +
b10010001111 *
#1535000
b100101 #
b100101 -
b1000110 '
b1000110 ,
b1011110 &
b1011110 +
b10010010000 *
#1536000
b101010 #
b101010 -
b1011001 '
b1011001 ,
b1010000 &
b1010000 +
b10010010001 *
#1537000
b1011111 #
b1011111 -
b1111010 '
b1111010 ,
b1100100 &
b1100100 +
b10010010010 *
#1538000
b1101101 #
b1101101 -
b1110010 &
b1110010 +
b101101111 )
#1539000
b1001010 #
1!
b11001010 -
b11001 '
b11001 ,
b110000 &
b110000 +
b101110000 )
#1540000
b111111 #
0!
b111111 -
b1111000 '
b1111000 ,
b1000110 &
b1000110 +
b10010010011 *
#1541000
b100001 #
1!
b10100001 -
b10010 '
b10010 ,
b1110 &
b1110 +
b10010010100 *
#1542000
b101000 #
b10101000 -
b10101 '
b10101 ,
b10010 &
b10010 +
b101110001 )
#1543000
b1011111 #
0!
b1011111 -
b1110111 '
b1110111 ,
b1100111 &
b1100111 +
b101110010 )
#1544000
b110100 #
1!
b10110100 -
b101000 '
b101000 ,
b1011 &
b1011 +
b101110011 )
#1545000
b1111 #
0!
b1111 -
b1100000 '
b1100000 ,
b101110 &
b101110 +
b101110100 )
#1546000
b1100111 #
1!
b11100111 -
b10000 '
b10000 ,
b1010110 &
b1010110 +
b10010010101 *
#1547000
b111 #
0!
b111 -
b110100 '
b110100 ,
b1010010 &
b1010010 +
b10010010110 *
#1548000
b101 #
b101 -
b11010 '
b11010 ,
b1101010 &
b1101010 +
b10010010111 *
#1549000
b11110 #
b11110 -
b1101001 '
b1101001 ,
b110100 &
b110100 +
b10010011000 *
#1550000
b1110111 #
1!
b11110111 -
b101000 '
b101000 ,
b1001110 &
b1001110 +
b10010011001 *
#1551000
b1101100 #
b11101100 -
b1000000 '
b1000000 ,
b101011 &
b101011 +
b10010011010 *
#1552000
b1011101 #
b11011101 -
b1000010 '
b1000010 ,
b11010 &
b11010 +
b10010011011 *
#1553000
b1000011 #
0!
b1000011 -
b1011101 '
b1011101 ,
b1100101 &
b1100101 +
b10010011100 *
#1554000
b110011 #
1!
b10110011 -
b100110 '
b100110 ,
b1100 &
b1100 +
b101110101 )
#1555000
b1001011 #
0!
b1001011 -
b1110011 '
b1110011 ,
b1010111 &
b1010111 +
b101110110 )
#1556000
b101 #
b101 -
b1000011 '
b1000011 ,
b1000001 &
b1000001 +
b101110111 )
#1557000
b1110110 #
1!
b11110110 -
b100011 '
b100011 ,
b1010010 &
b1010010 +
b10010011101 *
#1558000
b11111 #
0!
b11111 -
b1101010 '
b1101010 ,
b110100 &
b110100 +
b10010011110 *
#1559000
b1011000 #
1!
b11011000 -
b10011 '
b10011 ,
b1000100 &
b1000100 +
b10010011111 *
#1560000
b110001 #
0!
b110001 -
b1100001 '
b1100001 ,
b1001111 &
b1001111 +
b10010100000 *
#1561000
b1110001 #
1!
b11110001 -
b10101 '
b10101 ,
b1011011 &
b1011011 +
b10010100001 *
#1562000
b1011100 #
0!
b1011100 -
b1110110 '
b1110110 ,
b1100101 &
b1100101 +
b10010100010 *
#1563000
b1110110 #
1!
b11110110 -
b10101 '
b10101 ,
b1100000 &
b1100000 +
b101111000 )
#1564000
b10110 #
0!
b10110 -
b1100010 '
b1100010 ,
b110011 &
b110011 +
b10010100011 *
#1565000
b1010000 #
b1010000 -
b1111111 '
b1111111 ,
b1010000 &
b1010000 +
b10010100100 *
#1566000
b1100010 #
b1100010 -
b1101110 '
b1101110 ,
b1110011 &
b1110011 +
b101111001 )
#1567000
b101111 #
1!
b10101111 -
b1010 '
b1010 ,
b100100 &
b100100 +
b101111010 )
#1568000
b1001101 #
0!
b1001101 -
b1101001 '
b1101001 ,
b1100011 &
b1100011 +
b101111011 )
#1569000
b1111100 #
1!
b11111100 -
b1001101 '
b1001101 ,
b101110 &
b101110 +
b101111100 )
#1570000
b10011 #
b10010011 -
b1111 '
b1111 ,
b11 &
b11 +
b10010100101 *
#1571000
b10001 #
0!
b10001 -
b1011001 '
b1011001 ,
b110111 &
b110111 +
b101111101 )
#1572000
b1010 #
b1010 -
b1001011 '
b1001011 ,
b111110 &
b111110 +
b10010100110 *
#1573000
b1100111 #
b1100111 -
b1111001 '
b1111001 ,
b1101101 &
b1101101 +
b10010100111 *
#1574000
b10001 #
b10001 -
b11101 '
b11101 ,
b1110011 &
b1110011 +
b101111110 )
#1575000
b1001000 #
1!
b11001000 -
b11010 '
b11010 ,
b101101 &
b101101 +
b10010101000 *
#1576000
b100111 #
0!
b100111 -
b1011011 '
b1011011 ,
b1001011 &
b1001011 +
b10010101001 *
#1577000
b10000 #
b10000 -
b101000 '
b101000 ,
b1100111 &
b1100111 +
b10010101010 *
#1578000
b1111000 #
1!
b11111000 -
b1001110 '
b1001110 ,
b101001 &
b101001 +
b10010101011 *
#1579000
b11000 #
0!
b11000 -
b111001 '
b111001 ,
b1011110 &
b1011110 +
b10010101100 *
#1580000
b1110111 #
1!
b11110111 -
b101101 '
b101101 ,
b1001001 &
b1001001 +
b10010101101 *
#1581000
b1100011 #
b11100011 -
b110 '
b110 ,
b1011100 &
b1011100 +
b10010101110 *
#1582000
b1010101 #
b11010101 -
b101000 '
b101000 ,
b101100 &
b101100 +
b10010101111 *
#1583000
b11000 #
0!
b11000 -
b1001100 '
b1001100 ,
b1001011 &
b1001011 +
b10010110000 *
#1584000
b1101011 #
1!
b11101011 -
b1010001 '
b1010001 ,
b11001 &
b11001 +
b10010110001 *
#1585000
b1100011 #
b11100011 -
b1011001 '
b1011001 ,
b1001 &
b1001 +
b10010110010 *
#1586000
b1110011 #
b11110011 -
b1010111 '
b1010111 ,
b11011 &
b11011 +
b10010110011 *
#1587000
b1001100 #
b11001100 -
b11110 '
b11110 ,
b101101 &
b101101 +
b10010110100 *
#1588000
b1101 #
b10001101 -
b1010 '
b1010 ,
b10 &
b10 +
b10010110101 *
#1589000
b100011 #
0!
b100011 -
b1001000 '
b1001000 ,
b1011010 &
b1011010 +
b101111111 )
#1590000
b1 #
1!
b10000001 -
b0 '
b0 ,
b0 &
b0 +
b10010110110 *
#1591000
0!
b1 -
b1110111 '
b1110111 ,
b1001 &
b1001 +
b110000000 )
#1592000
b1000001 #
b1000001 -
b1110110 '
b1110110 ,
b1001010 &
b1001010 +
b10010110111 *
#1593000
b10000 #
b10000 -
b1011111 '
b1011111 ,
b110000 &
b110000 +
b110000001 )
#1594000
b1111011 #
1!
b11111011 -
b1000 '
b1000 ,
b1110010 &
b1110010 +
b10010111000 *
#1595000
b100 #
0!
b100 -
b11010 '
b11010 ,
b1101001 &
b1101001 +
b10010111001 *
#1596000
b1100001 #
1!
b11100001 -
b110010 '
b110010 ,
b101110 &
b101110 +
b10010111010 *
#1597000
b1101 #
0!
b1101 -
b1000111 '
b1000111 ,
b1000101 &
b1000101 +
b10010111011 *
#1598000
b1101000 #
1!
b11101000 -
b1010011 '
b1010011 ,
b10100 &
b10100 +
b10010111100 *
#1599000
b100010 #
0!
b100010 -
b1110111 '
b1110111 ,
b101010 &
b101010 +
b10010111101 *
#1600000
b100000 #
b100000 -
b1111010 '
b1111010 ,
b100101 &
b100101 +
b10010111110 *
#1601000
b1100000 #
1!
b11100000 -
b111011 '
b111011 ,
b100100 &
b100100 +
b10010111111 *
#1602000
b1101110 #
0!
b1101110 -
b1111011 '
b1111011 ,
b1110010 &
b1110010 +
b10011000000 *
#1603000
b1111100 #
1!
b11111100 -
b100000 '
b100000 ,
b1011011 &
b1011011 +
b110000010 )
#1604000
b1000010 #
b11000010 -
b111000 '
b111000 ,
b1001 &
b1001 +
b10011000001 *
#1605000
b1100110 #
b11100110 -
b101101 '
b101101 ,
b111000 &
b111000 +
b10011000010 *
#1606000
b100101 #
0!
b100101 -
b1111111 '
b1111111 ,
b100101 &
b100101 +
b10011000011 *
#1607000
b101001 #
b101001 -
b1100110 '
b1100110 ,
b1000010 &
b1000010 +
b10011000100 *
#1608000
b100000 #
1!
b10100000 -
b10001 '
b10001 ,
b1110 &
b1110 +
b10011000101 *
#1609000
b100011 #
0!
b100011 -
b101011 '
b101011 ,
b1110111 &
b1110111 +
b110000011 )
#1610000
b1011000 #
b1011000 -
b1110001 '
b1110001 ,
b1100110 &
b1100110 +
b10011000110 *
#1611000
b100110 #
b100110 -
b111101 '
b111101 ,
b1101000 &
b1101000 +
b110000100 )
#1612000
b11 #
b11 -
b1101010 '
b1101010 ,
b11000 &
b11000 +
b10011000111 *
#1613000
b11000 #
b11000 -
b1111000 '
b1111000 ,
b11111 &
b11111 +
b10011001000 *
#1614000
b1101111 #
1!
b11101111 -
b1101 '
b1101 ,
b1100001 &
b1100001 +
b10011001001 *
#1615000
b11110 #
0!
b11110 -
b1010000 '
b1010000 ,
b1001101 &
b1001101 +
b10011001010 *
#1616000
b1000110 #
b1000110 -
b1100011 '
b1100011 ,
b1100010 &
b1100010 +
b10011001011 *
#1617000
b1110100 #
1!
b11110100 -
b1011110 '
b1011110 ,
b10101 &
b10101 +
b110000101 )
#1618000
b1001110 #
0!
b1001110 -
b1010111 '
b1010111 ,
b1110110 &
b1110110 +
b10011001100 *
#1619000
b1111000 #
1!
b11111000 -
b1001110 '
b1001110 ,
b101001 &
b101001 +
b110000110 )
#1620000
b1010000 #
b11010000 -
b1001011 '
b1001011 ,
b100 &
b100 +
b10011001101 *
#1621000
b1000 #
0!
b1000 -
b110111 '
b110111 ,
b1010000 &
b1010000 +
b10011001110 *
#1622000
b1101000 #
1!
b11101000 -
b100111 '
b100111 ,
b1000000 &
b1000000 +
b10011001111 *
#1623000
b111010 #
0!
b111010 -
b1110000 '
b1110000 ,
b1001001 &
b1001001 +
b10011010000 *
#1624000
b1011001 #
1!
b11011001 -
b1011 '
b1011 ,
b1001101 &
b1001101 +
b10011010001 *
#1625000
b10101 #
0!
b10101 -
b101111 '
b101111 ,
b1100101 &
b1100101 +
b10011010010 *
#1626000
b110110 #
1!
b10110110 -
b110100 '
b110100 ,
b1 &
b1 +
b10011010011 *
#1627000
b111110 #
b10111110 -
b111000 '
b111000 ,
b101 &
b101 +
b110000111 )
#1628000
b1111101 #
b11111101 -
b1001 '
b1001 ,
b1110011 &
b1110011 +
b110001000 )
#1629000
b1100011 #
b11100011 -
b111110 '
b111110 ,
b100100 &
b100100 +
b10011010100 *
#1630000
b1101110 #
b11101110 -
b10001 '
b10001 ,
b1011100 &
b1011100 +
b10011010101 *
#1631000
b110010 #
0!
b110010 -
b1100110 '
b1100110 ,
b1001011 &
b1001011 +
b10011010110 *
#1632000
b101101 #
1!
b10101101 -
b1001 '
b1001 ,
b100011 &
b100011 +
b10011010111 *
#1633000
b110011 #
0!
b110011 -
b1011010 '
b1011010 ,
b1011000 &
b1011000 +
b110001001 )
#1634000
b10111 #
b10111 -
b100110 '
b100110 ,
b1110000 &
b1110000 +
b10011011000 *
#1635000
b1101010 #
1!
b11101010 -
b100011 '
b100011 ,
b1000110 &
b1000110 +
b10011011001 *
#1636000
b1010101 #
0!
b1010101 -
b1110111 '
b1110111 ,
b1011101 &
b1011101 +
b10011011010 *
#1637000
b1110000 #
1!
b11110000 -
b1100001 '
b1100001 ,
b1110 &
b1110 +
b110001010 )
#1638000
b1101000 #
b11101000 -
b100001 '
b100001 ,
b1000110 &
b1000110 +
b10011011011 *
#1639000
b110 #
0!
b110 -
b1101101 '
b1101101 ,
b11000 &
b11000 +
b10011011100 *
#1640000
b1110101 #
1!
b11110101 -
b111110 '
b111110 ,
b110110 &
b110110 +
b10011011101 *
#1641000
b1000001 #
b11000001 -
b111000 '
b111000 ,
b1000 &
b1000 +
b10011011110 *
#1642000
b1110000 #
b11110000 -
b1011010 '
b1011010 ,
b10101 &
b10101 +
b10011011111 *
#1643000
b1100000 #
b11100000 -
b101110 '
b101110 ,
b110001 &
b110001 +
b10011100000 *
#1644000
b1101000 #
b11101000 -
b11 '
b11 ,
b1100100 &
b1100100 +
b10011100001 *
#1645000
b1011111 #
b11011111 -
b101010 '
b101010 ,
b110100 &
b110100 +
b10011100010 *
#1646000
b11100 #
0!
b11100 -
b110111 '
b110111 ,
b1100100 &
b1100100 +
b10011100011 *
#1647000
b1010100 #
1!
b11010100 -
b10110 '
b10110 ,
b111101 &
b111101 +
b10011100100 *
#1648000
b10101 #
0!
b10101 -
b1100100 '
b1100100 ,
b110000 &
b110000 +
b10011100101 *
#1649000
b1000001 #
b1000001 -
b1110100 '
b1110100 ,
b1001100 &
b1001100 +
b10011100110 *
#1650000
b0 #
1!
b0 -
b1 '
b1 ,
b1111110 &
b1111110 +
b110001011 )
#1651000
b1001110 #
b11001110 -
b101001 '
b101001 ,
b100100 &
b100100 +
b10011100111 *
#1652000
b1011111 #
b11011111 -
b101110 '
b101110 ,
b110000 &
b110000 +
b10011101000 *
#1653000
b11010 #
b10011010 -
b10100 '
b10100 ,
b101 &
b101 +
b10011101001 *
#1654000
b1111000 #
b11111000 -
b110101 '
b110101 ,
b1000010 &
b1000010 +
b110001100 )
#1655000
b101011 #
b10101011 -
b0 '
b0 ,
b101010 &
b101010 +
b10011101010 *
#1656000
b1110001 #
b11110001 -
b101 '
b101 ,
b1101011 &
b1101011 +
b110001101 )
#1657000
b11001 #
0!
b11001 -
b1000100 '
b1000100 ,
b1010100 &
b1010100 +
b10011101011 *
#1658000
b11000 #
b11000 -
b1001011 '
b1001011 ,
b1001100 &
b1001100 +
b10011101100 *
#1659000
b1110011 #
1!
b11110011 -
b1001110 '
b1001110 ,
b100100 &
b100100 +
b10011101101 *
#1660000
b1001100 #
b11001100 -
b1000 '
b1000 ,
b1000011 &
b1000011 +
b10011101110 *
#1661000
b10010 #
0!
b10010 -
b111101 '
b111101 ,
b1010100 &
b1010100 +
b10011101111 *
#1662000
b1100110 #
b1100110 -
b1110110 '
b1110110 ,
b1101111 &
b1101111 +
b10011110000 *
#1663000
b1010011 #
1!
b11010011 -
b1110 '
b1110 ,
b1000100 &
b1000100 +
b110001110 )
#1664000
b110111 #
0!
b110111 -
b1101111 '
b1101111 ,
b1000111 &
b1000111 +
b10011110001 *
#1665000
b1011101 #
1!
b11011101 -
b100001 '
b100001 ,
b111011 &
b111011 +
b10011110010 *
#1666000
b1101111 #
b11101111 -
b1011101 '
b1011101 ,
b10001 &
b10001 +
b10011110011 *
#1667000
b1110110 #
0!
b1110110 -
b1110111 '
b1110111 ,
b1111110 &
b1111110 +
b10011110100 *
#1668000
b1110011 #
1!
b11110011 -
b100000 '
b100000 ,
b1010010 &
b1010010 +
b110001111 )
#1669000
b10101 #
0!
b10101 -
b100111 '
b100111 ,
b1101101 &
b1101101 +
b10011110101 *
#1670000
b11101 #
b11101 -
b1001000 '
b1001000 ,
b1010100 &
b1010100 +
b10011110110 *
#1671000
b100011 #
1!
b10100011 -
b11110 '
b11110 ,
b100 &
b100 +
b10011110111 *
#1672000
b111101 #
b10111101 -
b110110 '
b110110 ,
b110 &
b110 +
b110010000 )
#1673000
b100011 #
0!
b100011 -
b1111110 '
b1111110 ,
b100100 &
b100100 +
b110010001 )
#1674000
b1101110 #
1!
b11101110 -
b1001011 '
b1001011 ,
b100010 &
b100010 +
b10011111000 *
#1675000
b110010 #
0!
b110010 -
b1010111 '
b1010111 ,
b1011010 &
b1011010 +
b10011111001 *
#1676000
b100110 #
1!
b10100110 -
b110 '
b110 ,
b11111 &
b11111 +
b10011111010 *
#1677000
b10111 #
0!
b10111 -
b1100110 '
b1100110 ,
b110000 &
b110000 +
b110010010 )
#1678000
b1101101 #
1!
b11101101 -
b1100011 '
b1100011 ,
b1001 &
b1001 +
b10011111011 *
#1679000
b1001111 #
b11001111 -
b1000111 '
b1000111 ,
b111 &
b111 +
b10011111100 *
#1680000
b111111 #
b10111111 -
b100000 '
b100000 ,
b11110 &
b11110 +
b10011111101 *
#1681000
b1010100 #
b11010100 -
b10 '
b10 ,
b1010001 &
b1010001 +
b110010011 )
#1682000
b10 #
0!
b10 -
b1110 '
b1110 ,
b1110011 &
b1110011 +
b10011111110 *
#1683000
b1001 #
b1001 -
b110011 '
b110011 ,
b1010101 &
b1010101 +
b10011111111 *
#1684000
b111011 '
b111011 ,
b1001101 &
b1001101 +
b10100000000 *
#1685000
b111 #
b111 -
b1100000 '
b1100000 ,
b100110 &
b100110 +
b10100000001 *
#1686000
b10010 #
b10010 -
b1011111 '
b1011111 ,
b110010 &
b110010 +
b10100000010 *
#1687000
b111000 #
1!
b10111000 -
b1000 '
b1000 ,
b101111 &
b101111 +
b10100000011 *
#1688000
b111111 #
b10111111 -
b100111 '
b100111 ,
b10111 &
b10111 +
b110010100 )
#1689000
b1110111 #
b11110111 -
b111110 '
b111110 ,
b111000 &
b111000 +
b110010101 )
#1690000
b1101011 #
0!
b1101011 -
b1111110 '
b1111110 ,
b1101100 &
b1101100 +
b10100000100 *
#1691000
b101111 #
1!
b10101111 -
b10111 '
b10111 ,
b10111 &
b10111 +
b110010110 )
#1692000
b1101010 #
b11101010 -
b101101 '
b101101 ,
b111100 &
b111100 +
b110010111 )
#1693000
b11100 #
b10011100 -
b1 '
b1 ,
b11010 &
b11010 +
b10100000101 *
#1694000
b101 #
0!
b101 -
b110000 '
b110000 ,
b1010100 &
b1010100 +
b110011000 )
#1695000
b111100 #
1!
b10111100 -
b1001 '
b1001 ,
b110010 &
b110010 +
b10100000110 *
#1696000
b1001010 #
0!
b1001010 -
b1101011 '
b1101011 ,
b1011110 &
b1011110 +
b110011001 )
#1697000
b1001 #
b1001 -
b1100111 '
b1100111 ,
b100001 &
b100001 +
b110011010 )
#1698000
b1011 #
b1011 -
b1000111 '
b1000111 ,
b1000011 &
b1000011 +
b10100000111 *
#1699000
b1111111 #
1!
b11111111 -
b10000 '
b10000 ,
b1101110 &
b1101110 +
b10100001000 *
#1700000
b1100 #
0!
b1100 -
b101011 '
b101011 ,
b1100000 &
b1100000 +
b10100001001 *
#1701000
b101000 #
b101000 -
b1110011 '
b1110011 ,
b110100 &
b110100 +
b10100001010 *
#1702000
b1000110 #
1!
b11000110 -
b11010 '
b11010 ,
b101011 &
b101011 +
b10100001011 *
#1703000
b111 #
0!
b111 -
b1001100 '
b1001100 ,
b111010 &
b111010 +
b10100001100 *
#1704000
b1010000 #
1!
b11010000 -
b101100 '
b101100 ,
b100011 &
b100011 +
b10100001101 *
#1705000
b1000011 #
b11000011 -
b1011 '
b1011 ,
b110111 &
b110111 +
b10100001110 *
#1706000
b111010 #
0!
b111010 -
b1100101 '
b1100101 ,
b1010100 &
b1010100 +
b10100001111 *
#1707000
b1001011 #
b1001011 -
b1100111 '
b1100111 ,
b1100011 &
b1100011 +
b10100010000 *
#1708000
b1111101 #
1!
b11111101 -
b1100101 '
b1100101 ,
b10111 &
b10111 +
b110011011 )
#1709000
b1100010 #
b11100010 -
b1010111 '
b1010111 ,
b1010 &
b1010 +
b10100010001 *
#1710000
b110101 #
b10110101 -
b101110 '
b101110 ,
b110 &
b110 +
b10100010010 *
#1711000
b1100011 #
0!
b1100011 -
b1101010 '
b1101010 ,
b1111000 &
b1111000 +
b110011100 )
#1712000
b1101100 #
1!
b11101100 -
b1000010 '
b1000010 ,
b101001 &
b101001 +
b110011101 )
#1713000
b1110100 #
b11110100 -
b1001110 '
b1001110 ,
b100101 &
b100101 +
b10100010011 *
#1714000
b10010 #
0!
b10010 -
b11001 '
b11001 ,
b1111000 &
b1111000 +
b10100010100 *
#1715000
b100111 #
b100111 -
b1010001 '
b1010001 ,
b1010101 &
b1010101 +
b10100010101 *
#1716000
b1011101 #
1!
b11011101 -
b1011010 '
b1011010 ,
b10 &
b10 +
b10100010110 *
#1717000
b1000010 #
b11000010 -
b0 '
b0 ,
b1000001 &
b1000001 +
b10100010111 *
#1718000
b1011011 #
b11011011 -
b111011 '
b111011 ,
b11111 &
b11111 +
b10100011000 *
#1719000
b101 #
0!
b101 -
b1001000 '
b1001000 ,
b111100 &
b111100 +
b10100011001 *
#1720000
b111100 #
1!
b10111100 -
b10110 '
b10110 ,
b100101 &
b100101 +
b10100011010 *
#1721000
b1001000 #
b11001000 -
b11011 '
b11011 ,
b101100 &
b101100 +
b110011110 )
#1722000
b111100 #
0!
b111100 -
b1100000 '
b1100000 ,
b1011011 &
b1011011 +
b10100011011 *
#1723000
b111111 #
1!
b10111111 -
b110000 '
b110000 ,
b1110 &
b1110 +
b10100011100 *
#1724000
b111000 #
0!
b111000 -
b1011000 '
b1011000 ,
b1011111 &
b1011111 +
b110011111 )
#1725000
b1000001 #
1!
b11000001 -
b100010 '
b100010 ,
b11110 &
b11110 +
b10100011101 *
#1726000
b111100 #
0!
b111100 -
b1001100 '
b1001100 ,
b1101111 &
b1101111 +
b10100011110 *
#1727000
b1100010 #
1!
b11100010 -
b1010000 '
b1010000 ,
b10001 &
b10001 +
b10100011111 *
#1728000
b101011 #
b10101011 -
b10111 '
b10111 ,
b10011 &
b10011 +
b10100100000 *
#1729000
b11110 #
0!
b11110 -
b1100010 '
b1100010 ,
b111011 &
b111011 +
b110100000 )
#1730000
b1001011 #
b1001011 -
b1110000 '
b1110000 ,
b1011010 &
b1011010 +
b10100100001 *
#1731000
b100010 #
b100010 -
b1000101 '
b1000101 ,
b1011100 &
b1011100 +
b110100001 )
#1732000
b1001111 #
b1001111 -
b1110000 '
b1110000 ,
b1011110 &
b1011110 +
b10100100010 *
#1733000
b110111 #
1!
b10110111 -
b10110 '
b10110 ,
b100000 &
b100000 +
b110100010 )
#1734000
b101000 #
b10101000 -
b11110 '
b11110 ,
b1001 &
b1001 +
b110100011 )
#1735000
b1111000 #
b11111000 -
b100111 '
b100111 ,
b1010000 &
b1010000 +
b110100100 )
#1736000
b1000101 #
b11000101 -
b110101 '
b110101 ,
b1111 &
b1111 +
b10100100011 *
#1737000
b1011001 #
b11011001 -
b1001111 '
b1001111 ,
b1001 &
b1001 +
b10100100100 *
#1738000
b11 #
0!
b11 -
b101100 '
b101100 ,
b1010110 &
b1010110 +
b10100100101 *
#1739000
b10110 #
b10110 -
b1101001 '
b1101001 ,
b101100 &
b101100 +
b10100100110 *
#1740000
b1101010 #
b1101010 -
b1101110 '
b1101110 ,
b1111011 &
b1111011 +
b10100100111 *
#1741000
b100011 #
1!
b10100011 -
b1001 '
b1001 ,
b11001 &
b11001 +
b110100101 )
#1742000
b1001 #
0!
b1001 -
b10111 '
b10111 ,
b1110001 &
b1110001 +
b110100110 )
#1743000
b100111 #
b100111 -
b1101010 '
b1101010 ,
b111100 &
b111100 +
b10100101000 *
#1744000
b10 #
b10 -
b1010111 '
b1010111 ,
b101010 &
b101010 +
b10100101001 *
#1745000
b101001 #
b101001 -
b1111110 '
b1111110 ,
b10100101010 *
#1746000
b101000 #
1!
b10101000 -
b11010 '
b11010 ,
b1101 &
b1101 +
b10100101011 *
#1747000
b1100101 #
b11100101 -
b1001000 '
b1001000 ,
b11100 &
b11100 +
b110100111 )
#1748000
b101010 #
0!
b101010 -
b1010011 '
b1010011 ,
b1010110 &
b1010110 +
b10100101100 *
#1749000
b1111100 #
1!
b11111100 -
b110101 '
b110101 ,
b1000110 &
b1000110 +
b10100101101 *
#1750000
b110110 #
0!
b110110 -
b111111 '
b111111 ,
b1110110 &
b1110110 +
b10100101110 *
#1751000
b1111010 #
1!
b11111010 -
b1100010 '
b1100010 ,
b10111 &
b10111 +
b10100101111 *
#1752000
b11111 #
0!
b11111 -
b1010110 '
b1010110 ,
b1001000 &
b1001000 +
b10100110000 *
#1753000
b1100011 #
1!
b11100011 -
b111001 '
b111001 ,
b101001 &
b101001 +
b10100110001 *
#1754000
b1010110 #
0!
b1010110 -
b1100011 '
b1100011 ,
b1110010 &
b1110010 +
b10100110010 *
#1755000
b110000 #
1!
b10110000 -
b10110 '
b10110 ,
b11001 &
b11001 +
b110101000 )
#1756000
b1010101 #
b11010101 -
b1001011 '
b1001011 ,
b1001 &
b1001 +
b110101001 )
#1757000
b100 #
0!
b100 -
b11110 '
b11110 ,
b1100101 &
b1100101 +
b10100110011 *
#1758000
b1000000 #
1!
b11000000 -
b111001 '
b111001 ,
b110 &
b110 +
b10100110100 *
#1759000
b1111001 #
b11111001 -
b111011 '
b111011 ,
b111101 &
b111101 +
b10100110101 *
#1760000
b1100001 #
0!
b1100001 -
b1101111 '
b1101111 ,
b1110001 &
b1110001 +
b10100110110 *
#1761000
b1001000 #
1!
b11001000 -
b101010 '
b101010 ,
b11101 &
b11101 +
b110101010 )
#1762000
b1001001 #
b11001001 -
b1000001 '
b1000001 ,
b111 &
b111 +
b10100110111 *
#1763000
b111011 #
0!
b111011 -
b1001000 '
b1001000 ,
b1110010 &
b1110010 +
b10100111000 *
#1764000
b101010 #
1!
b10101010 -
b100110 '
b100110 ,
b11 &
b11 +
b10100111001 *
#1765000
b10111 #
0!
b10111 -
b1000110 '
b1000110 ,
b1010000 &
b1010000 +
b110101011 )
#1766000
b1000100 #
1!
b11000100 -
b111000 '
b111000 ,
b1011 &
b1011 +
b10100111010 *
#1767000
b1111010 #
b11111010 -
b1000000 '
b1000000 ,
b111001 &
b111001 +
b10100111011 *
#1768000
b1110010 #
b11110010 -
b1000100 '
b1000100 ,
b101101 &
b101101 +
b10100111100 *
#1769000
b1100000 #
b11100000 -
b11000 '
b11000 ,
b1000111 &
b1000111 +
b10100111101 *
#1770000
b110001 #
0!
b110001 -
b1111111 '
b1111111 ,
b110001 &
b110001 +
b10100111110 *
#1771000
b1000001 #
b1000001 -
b1001011 '
b1001011 ,
b1110101 &
b1110101 +
b10100111111 *
#1772000
b101111 #
b101111 -
b1010010 '
b1010010 ,
b1011100 &
b1011100 +
b110101100 )
#1773000
b1111000 #
1!
b11111000 -
b1100101 '
b1100101 ,
b10010 &
b10010 +
b10101000000 *
#1774000
b111010 #
0!
b111010 -
b1111011 '
b1111011 ,
b111110 &
b111110 +
b10101000001 *
#1775000
b1101111 #
1!
b11101111 -
b1111 '
b1111 ,
b1011111 &
b1011111 +
b10101000010 *
#1776000
b101010 #
0!
b101010 -
b1001010 '
b1001010 ,
b10101000011 *
#1777000
b1000001 #
1!
b11000001 -
b11011 '
b11011 ,
b100101 &
b100101 +
b10101000100 *
#1778000
b10 #
0!
b10 -
b1101101 '
b1101101 ,
b10100 &
b10100 +
b10101000101 *
#1779000
b1000010 #
1!
b11000010 -
b111110 '
b111110 ,
b11 &
b11 +
b10101000110 *
#1780000
b1111111 #
b11111111 -
b1001101 '
b1001101 ,
b110001 &
b110001 +
b10101000111 *
#1781000
b100110 #
b10100110 -
b100011 '
b100011 ,
b10 &
b10 +
b10101001000 *
#1782000
b1000101 #
b11000101 -
b1000001 '
b1000001 ,
b11 &
b11 +
b110101101 )
#1783000
b111010 #
0!
b111010 -
b1010110 '
b1010110 ,
b1100011 &
b1100011 +
b10101001001 *
#1784000
b1011101 #
1!
b11011101 -
b1001001 '
b1001001 ,
b10011 &
b10011 +
b10101001010 *
#1785000
b1100010 #
b11100010 -
b1011000 '
b1011000 ,
b1001 &
b1001 +
b10101001011 *
#1786000
b1000100 #
0!
b1000100 -
b1101011 &
b1101011 +
b10101001100 *
#1787000
b1010001 #
1!
b11010001 -
b100111 '
b100111 ,
b101001 &
b101001 +
b110101110 )
#1788000
b100000 #
0!
b100000 -
b100100 '
b100100 ,
b1111011 &
b1111011 +
b10101001101 *
#1789000
b100101 #
b100101 -
b1001110 '
b1001110 ,
b1010110 &
b1010110 +
b10101001110 *
#1790000
b11 #
b11 -
b1000100 '
b1000100 ,
b111110 &
b111110 +
b10101001111 *
#1791000
b1110111 #
1!
b11110111 -
b100 '
b100 ,
b1110010 &
b1110010 +
b10101010000 *
#1792000
b110100 #
0!
b110100 -
b1010000 '
b1010000 ,
b1100011 &
b1100011 +
b10101010001 *
#1793000
b1101111 #
1!
b11101111 -
b110110 '
b110110 ,
b111000 &
b111000 +
b10101010010 *
#1794000
b1011111 #
b11011111 -
b100 '
b100 ,
b1011010 &
b1011010 +
b10101010011 *
#1795000
b1101001 #
b11101001 -
b110000 '
b110000 ,
b111000 &
b111000 +
b10101010100 *
#1796000
b1001101 #
0!
b1001101 -
b1100110 '
b1100110 ,
b1100110 &
b1100110 +
b10101010101 *
#1797000
b1010111 #
1!
b11010111 -
b10011 '
b10011 ,
b1000011 &
b1000011 +
b110101111 )
#1798000
b1100000 #
b11100000 -
b110000 '
b110000 ,
b101111 &
b101111 +
b10101010110 *
#1799000
b1010001 #
b11010001 -
b111 '
b111 ,
b1001001 &
b1001001 +
b10101010111 *
#1800000
b1110001 #
b11110001 -
b101101 '
b101101 ,
b1000011 &
b1000011 +
b10101011000 *
#1801000
b10000 #
0!
b10000 -
b10101 '
b10101 ,
b1111010 &
b1111010 +
b10101011001 *
#1802000
b1110000 #
1!
b11110000 -
b100010 '
b100010 ,
b1001101 &
b1001101 +
b10101011010 *
#1803000
b111011 #
0!
b111011 -
b1011010 '
b1011010 ,
b1100000 &
b1100000 +
b10101011011 *
#1804000
b1001001 #
1!
b11001001 -
b100000 '
b100000 ,
b101000 &
b101000 +
b10101011100 *
#1805000
b1000101 #
b11000101 -
b110111 '
b110111 ,
b1101 &
b1101 +
b10101011101 *
#1806000
b1011101 #
b11011101 -
b11001 '
b11001 ,
b1000011 &
b1000011 +
b10101011110 *
#1807000
b1010001 #
b11010001 -
b10 '
b10 ,
b1001110 &
b1001110 +
b10101011111 *
#1808000
b1001001 #
0!
b1001001 -
b1100111 '
b1100111 ,
b1100001 &
b1100001 +
b10101100000 *
#1809000
b1000001 #
1!
b11000001 -
b1011 '
b1011 ,
b110101 &
b110101 +
b110110000 )
#1810000
b11011 #
0!
b11011 -
b1001011 '
b1001011 ,
b1001111 &
b1001111 +
b10101100001 *
#1811000
b1111000 #
1!
b11111000 -
b110101 '
b110101 ,
b1000010 &
b1000010 +
b10101100010 *
#1812000
b101100 #
0!
b101100 -
b1010000 '
b1010000 ,
b1011011 &
b1011011 +
b10101100011 *
#1813000
b1110000 #
1!
b11110000 -
b1001100 '
b1001100 ,
b100011 &
b100011 +
b10101100100 *
#1814000
b1101101 #
0!
b1101101 -
b1110111 '
b1110111 ,
b1110101 &
b1110101 +
b10101100101 *
#1815000
b101011 #
1!
b10101011 -
b101 '
b101 ,
b100101 &
b100101 +
b110110001 )
#1816000
b110001 #
0!
b110001 -
b110101 '
b110101 ,
b1111011 &
b1111011 +
b110110010 )
#1817000
b100001 #
1!
b10100001 -
b10111 '
b10111 ,
b1001 &
b1001 +
b10101100110 *
#1818000
b1010001 #
0!
b1010001 -
b1110010 '
b1110010 ,
b1011110 &
b1011110 +
b110110011 )
#1819000
b101110 #
1!
b10101110 -
b11111 '
b11111 ,
b1110 &
b1110 +
b110110100 )
#1820000
b111001 #
0!
b111001 -
b1100011 '
b1100011 ,
b1010101 &
b1010101 +
b110110101 )
#1821000
b100101 #
b100101 -
b1101100 '
b1101100 ,
b111000 &
b111000 +
b10101100111 *
#1822000
b111011 #
1!
b10111011 -
b11100 '
b11100 ,
b11110 &
b11110 +
b10101101000 *
#1823000
b10010 #
0!
b10010 -
b1000011 '
b1000011 ,
b1001110 &
b1001110 +
b110110110 )
#1824000
b101010 #
b101010 -
b1110101 '
b1110101 ,
b110100 &
b110100 +
b10101101001 *
#1825000
b111100 #
b111100 -
b1011100 '
b1011100 ,
b1011111 &
b1011111 +
b10101101010 *
#1826000
b101001 #
b101001 -
b1100011 '
b1100011 ,
b1000101 &
b1000101 +
b10101101011 *
#1827000
b1000 #
b1000 -
b1110001 '
b1110001 ,
b10110 &
b10110 +
b10101101100 *
#1828000
b100111 #
b100111 -
b100111 '
b100111 ,
b1111111 &
b1111111 +
b10101101101 *
#1829000
b1001001 #
b1001001 -
b1110001 '
b1110001 ,
b1010111 &
b1010111 +
b10101101110 *
#1830000
b1111101 #
1!
b11111101 -
b101010 '
b101010 ,
b1010010 &
b1010010 +
b110110111 )
#1831000
b101 #
0!
b101 -
b1001110 '
b1001110 ,
b110110 &
b110110 +
b10101101111 *
#1832000
b10111 #
b10111 -
b100101 '
b100101 ,
b1110001 &
b1110001 +
b10101110000 *
#1833000
b1100011 #
1!
b11100011 -
b1010110 '
b1010110 ,
b1100 &
b1100 +
b10101110001 *
#1834000
b101110 #
0!
b101110 -
b110111 '
b110111 ,
b1110110 &
b1110110 +
b10101110010 *
#1835000
b101111 #
b101111 -
b1000010 '
b1000010 ,
b1101100 &
b1101100 +
b10101110011 *
#1836000
b1110111 #
1!
b11110111 -
b1001000 '
b1001000 ,
b101110 &
b101110 +
b10101110100 *
#1837000
b101001 #
0!
b101001 -
b101001 '
b101001 ,
b1111111 &
b1111111 +
b10101110101 *
#1838000
b1000101 #
1!
b11000101 -
b1110 '
b1110 ,
b110110 &
b110110 +
b10101110110 *
#1839000
b100010 #
0!
b100010 -
b1001100 '
b1001100 ,
b1010101 &
b1010101 +
b10101110111 *
#1840000
b1001 #
b1001 -
b1011011 '
b1011011 ,
b101101 &
b101101 +
b10101111000 *
#1841000
b1110101 #
1!
b11110101 -
b10101 '
b10101 ,
b1011111 &
b1011111 +
b10101111001 *
#1842000
b101101 #
0!
b101101 -
b1001101 '
b1001101 ,
b10101111010 *
#1843000
b111 #
b111 -
b10101 '
b10101 ,
b1110001 &
b1110001 +
b10101111011 *
#1844000
b1000000 #
b1000000 -
b1000101 '
b1000101 ,
b1111010 &
b1111010 +
b10101111100 *
#1845000
b1001110 #
1!
b11001110 -
b10100 '
b10100 ,
b111001 &
b111001 +
b110111000 )
#1846000
b1010000 #
0!
b1010000 -
b1110111 '
b1110111 ,
b1011000 &
b1011000 +
b10101111101 *
#1847000
b1110010 #
1!
b11110010 -
b110000 '
b110000 ,
b1000001 &
b1000001 +
b110111001 )
#1848000
b1111 #
0!
b1111 -
b111101 '
b111101 ,
b1010001 &
b1010001 +
b10101111110 *
#1849000
b110111 #
b110111 -
b1110101 '
b1110101 ,
b1000001 &
b1000001 +
b10101111111 *
#1850000
b111 #
b111 -
b1000001 '
b1000001 ,
b1000101 &
b1000101 +
b10110000000 *
#1851000
b10011 #
b10011 -
b11010 '
b11010 ,
b1111000 &
b1111000 +
b10110000001 *
#1852000
b1111111 #
1!
b11111111 -
b1101001 '
b1101001 ,
b10101 &
b10101 +
b10110000010 *
#1853000
b1000111 #
b11000111 -
b10110 '
b10110 ,
b110000 &
b110000 +
b10110000011 *
#1854000
b1011000 #
b11011000 -
b1001110 '
b1001110 ,
b1001 &
b1001 +
b10110000100 *
#1855000
b111110 #
0!
b111110 -
b1110010 '
b1110010 ,
b1001011 &
b1001011 +
b10110000101 *
#1856000
b1100 #
b1100 -
b1111010 '
b1111010 ,
b10001 &
b10001 +
b10110000110 *
#1857000
b11001 #
b11001 -
b1010011 '
b1010011 ,
b1000101 &
b1000101 +
b10110000111 *
#1858000
b1 #
b1 -
b1100111 '
b1100111 ,
b11001 &
b11001 +
b10110001000 *
#1859000
b110111 #
b110111 -
b1100001 '
b1100001 ,
b1010101 &
b1010101 +
b10110001001 *
#1860000
b1101001 #
1!
b11101001 -
b1000010 '
b1000010 ,
b100110 &
b100110 +
b10110001010 *
#1861000
b1111110 #
b11111110 -
b110011 '
b110011 ,
b1001010 &
b1001010 +
b10110001011 *
#1862000
b1011111 #
b11011111 -
b101101 '
b101101 ,
b110001 &
b110001 +
b10110001100 *
#1863000
b1011010 #
b11011010 -
b1000110 '
b1000110 ,
b10011 &
b10011 +
b10110001101 *
#1864000
b1111100 #
b11111100 -
b111110 '
b111110 ,
b111101 &
b111101 +
b10110001110 *
#1865000
b10001 #
0!
b10001 -
b1001000 '
b1001000 ,
b1001000 &
b1001000 +
b10110001111 *
#1866000
b10010 #
b10010 -
b111110 '
b111110 ,
b1010011 &
b1010011 +
b10110010000 *
#1867000
b1010 #
b1010 -
b10000 '
b10000 ,
b1111001 &
b1111001 +
b10110010001 *
#1868000
b111011 #
1!
b10111011 -
b11011 '
b11011 ,
b11111 &
b11111 +
b10110010010 *
#1869000
b1000 #
0!
b1000 -
b1001000 '
b1001000 ,
b111111 &
b111111 +
b110111010 )
#1870000
b100 #
b100 -
b1011000 '
b1011000 ,
b101011 &
b101011 +
b10110010011 *
#1871000
b1110111 #
1!
b11110111 -
b1010110 '
b1010110 ,
b100000 &
b100000 +
b10110010100 *
#1872000
b1001110 #
b11001110 -
b110000 '
b110000 ,
b11101 &
b11101 +
b10110010101 *
#1873000
b1100101 #
b11100101 -
b1011111 '
b1011111 ,
b101 &
b101 +
b10110010110 *
#1874000
b110100 #
0!
b110100 -
b1101110 '
b1101110 ,
b1000101 &
b1000101 +
b10110010111 *
#1875000
b101100 #
1!
b10101100 -
b100001 '
b100001 ,
b1010 &
b1010 +
b10110011000 *
#1876000
b1001 #
0!
b1001 -
b1110011 '
b1110011 ,
b10101 &
b10101 +
b110111011 )
#1877000
b1110000 #
1!
b11110000 -
b111101 '
b111101 ,
b110010 &
b110010 +
b10110011001 *
#1878000
b1010011 #
b11010011 -
b110111 '
b110111 ,
b11011 &
b11011 +
b10110011010 *
#1879000
b1110101 #
0!
b1110101 -
b1111000 '
b1111000 ,
b1111100 &
b1111100 +
b10110011011 *
#1880000
b110001 #
b110001 -
b1100101 '
b1100101 ,
b1001011 &
b1001011 +
b110111100 )
#1881000
b1111100 #
1!
b11111100 -
b1010000 '
b1010000 ,
b101011 &
b101011 +
b10110011100 *
#1882000
b110100 #
0!
b110100 -
b111001 '
b111001 ,
b1111010 &
b1111010 +
b10110011101 *
#1883000
b10001 #
b10001 -
b10111 '
b10111 ,
b1111001 &
b1111001 +
b10110011110 *
#1884000
b1111 #
b1111 -
b1110100 '
b1110100 ,
b11010 &
b11010 +
b10110011111 *
#1885000
b1011 #
b1011 -
b1000100 '
b1000100 ,
b1000110 &
b1000110 +
b10110100000 *
#1886000
b1111 #
b1111 -
b1001000 '
b1001000 ,
b10110100001 *
#1887000
b110001 #
b110001 -
b1101000 '
b1101000 ,
b1001000 &
b1001000 +
b10110100010 *
#1888000
b1011111 #
1!
b11011111 -
b1011010 '
b1011010 ,
b100 &
b100 +
b10110100011 *
#1889000
b101110 #
0!
b101110 -
b110010 '
b110010 ,
b1111011 &
b1111011 +
b10110100100 *
#1890000
b101 #
b101 -
b1111011 '
b1111011 ,
b1001 &
b1001 +
b10110100101 *
#1891000
b1010001 #
1!
b11010001 -
b110011 '
b110011 ,
b11101 &
b11101 +
b10110100110 *
#1892000
b1111111 #
b11111111 -
b1101101 '
b1101101 ,
b10001 &
b10001 +
b10110100111 *
#1893000
b1001000 #
b11001000 -
b1100 '
b1100 ,
b111011 &
b111011 +
b10110101000 *
#1894000
b1001 #
0!
b1001 -
b11110 '
b11110 ,
b1101010 &
b1101010 +
b10110101001 *
#1895000
b1010100 #
b1010100 -
b1111110 '
b1111110 ,
b1010101 &
b1010101 +
b10110101010 *
#1896000
b1110111 #
1!
b11110111 -
b1101101 '
b1101101 ,
b1001 &
b1001 +
b110111101 )
#1897000
b10101 #
0!
b10101 -
b111011 '
b111011 ,
b1011001 &
b1011001 +
b10110101011 *
#1898000
b1010 #
b1010 -
b11011 '
b11011 ,
b1101110 &
b1101110 +
b10110101100 *
#1899000
b1111011 #
1!
b11111011 -
b110001 '
b110001 ,
b1001001 &
b1001001 +
b10110101101 *
#1900000
b1010010 #
b11010010 -
b1001000 '
b1001000 ,
b1001 &
b1001 +
b10110101110 *
#1901000
b1 #
0!
b1 -
b1111100 '
b1111100 ,
b100 &
b100 +
b10110101111 *
#1902000
b1101111 #
1!
b11101111 -
b1010110 '
b1010110 ,
b11000 &
b11000 +
b10110110000 *
#1903000
b100101 #
0!
b100101 -
b1101000 '
b1101000 ,
b111100 &
b111100 +
b10110110001 *
#1904000
b1000010 #
b1000010 -
b1010011 '
b1010011 ,
b1101110 &
b1101110 +
b10110110010 *
#1905000
b1011010 #
b1011010 -
b1110001 '
b1110001 ,
b1101000 &
b1101000 +
b110111110 )
#1906000
b1101011 #
1!
b11101011 -
b111 '
b111 ,
b1100011 &
b1100011 +
b110111111 )
#1907000
b1100011 #
0!
b1100011 -
b1111111 '
b1111111 ,
b10110110011 *
#1908000
b11001 #
1!
b10011001 -
b10 '
b10 ,
b10110 &
b10110 +
b111000000 )
#1909000
b1000110 #
0!
b1000110 -
b1101010 '
b1101010 ,
b1011011 &
b1011011 +
b111000001 )
#1910000
b10110 #
1!
b10010110 -
b1011 '
b1011 ,
b1010 &
b1010 +
b111000010 )
#1911000
b1011001 #
0!
b1011001 -
b1011110 '
b1011110 ,
b1111010 &
b1111010 +
b111000011 )
#1912000
b1100 #
b1100 -
b10001 '
b10001 ,
b111000100 )
#1913000
b1100111 '
b1100111 ,
b100100 &
b100100 +
b10110110100 *
#1914000
b1100010 #
1!
b11100010 -
b101011 '
b101011 ,
b110110 &
b110110 +
b10110110101 *
#1915000
b1110001 #
0!
b1110001 -
b1110001 '
b1110001 ,
b1111111 &
b1111111 +
b10110110110 *
#1916000
b1001100 #
1!
b11001100 -
b100110 '
b100110 ,
b100101 &
b100101 +
b111000101 )
#1917000
b110010 #
0!
b110010 -
b1010010 '
b1010010 ,
b1011111 &
b1011111 +
b10110110111 *
#1918000
b1010010 #
b1010010 -
b1011000 '
b1011000 ,
b1111001 &
b1111001 +
b10110111000 *
#1919000
b1100000 #
b1100000 -
b1100000 '
b1100000 ,
b1111111 &
b1111111 +
b111000110 )
#1920000
b1101110 #
b1101110 -
b1110011 '
b1110011 ,
b1111010 &
b1111010 +
b111000111 )
#1921000
b1100101 #
b1100101 -
b1110000 '
b1110000 ,
b1110100 &
b1110100 +
b111001000 )
#1922000
b1110 #
b1110 -
b1101000 '
b1101000 ,
b100101 &
b100101 +
b111001001 )
#1923000
b1110100 #
b1110100 -
b1111101 '
b1111101 ,
b1110110 &
b1110110 +
b10110111001 *
#1924000
b11011 #
b11011 -
b1000010 '
b1000010 ,
b1011000 &
b1011000 +
b111001010 )
#1925000
b110111 #
1!
b10110111 -
b1110 '
b1110 ,
b101000 &
b101000 +
b10110111010 *
#1926000
b1000000 #
0!
b1000000 -
b1000100 '
b1000100 ,
b1111011 &
b1111011 +
b111001011 )
#1927000
b111001 #
b111001 -
b1101001 '
b1101001 ,
b1001111 &
b1001111 +
b111001100 )
#1928000
b11111 #
1!
b10011111 -
b110 '
b110 ,
b11000 &
b11000 +
b10110111011 *
#1929000
b100111 #
0!
b100111 -
b1011110 '
b1011110 ,
b1001000 &
b1001000 +
b111001101 )
#1930000
b1000000 #
1!
b11000000 -
b1110 '
b1110 ,
b110001 &
b110001 +
b10110111100 *
#1931000
b1101111 #
0!
b1101111 -
b1110011 '
b1110011 ,
b1111011 &
b1111011 +
b10110111101 *
#1932000
b111100 #
b111100 -
b1011111 '
b1011111 ,
b1011100 &
b1011100 +
b111001110 )
#1933000
b1110110 #
1!
b11110110 -
b10010 '
b10010 ,
b1100011 &
b1100011 +
b10110111110 *
#1934000
b11000 #
0!
b11000 -
b1000100 '
b1000100 ,
b1010011 &
b1010011 +
b10110111111 *
#1935000
b1000010 #
1!
b11000010 -
b101011 '
b101011 ,
b10110 &
b10110 +
b10111000000 *
#1936000
b1001100 #
b11001100 -
b10000 '
b10000 ,
b111011 &
b111011 +
b10111000001 *
#1937000
b1011110 #
b11011110 -
b110001 '
b110001 ,
b101100 &
b101100 +
b10111000010 *
#1938000
b1001101 #
0!
b1001101 -
b1010011 '
b1010011 ,
b1111001 &
b1111001 +
b10111000011 *
#1939000
b1101010 #
1!
b11101010 -
b110011 '
b110011 ,
b110110 &
b110110 +
b111001111 )
#1940000
b111101 #
0!
b111101 -
b1111010 '
b1111010 ,
b1000010 &
b1000010 +
b10111000100 *
#1941000
b10 #
b10 -
b11110 '
b11110 ,
b1100011 &
b1100011 +
b10111000101 *
#1942000
b0 #
1!
b0 -
b101100 '
b101100 ,
b1010011 &
b1010011 +
b10111000110 *
#1943000
b10 #
0!
b10 -
b1000010 '
b1000010 ,
b111111 &
b111111 +
b10111000111 *
#1944000
b1011000 #
1!
b11011000 -
b100 '
b100 ,
b1010011 &
b1010011 +
b10111001000 *
#1945000
b111110 #
0!
b111110 -
b1011001 '
b1011001 ,
b1100100 &
b1100100 +
b10111001001 *
#1946000
b1011011 #
1!
b11011011 -
b1001000 '
b1001000 ,
b10010 &
b10010 +
b10111001010 *
#1947000
b1000011 #
0!
b1000011 -
b1100101 '
b1100101 ,
b1011101 &
b1011101 +
b10111001011 *
#1948000
b1010011 #
b1010011 -
b1111110 '
b1111110 ,
b1010100 &
b1010100 +
b111010000 )
#1949000
b111101 #
b111101 -
b1111010 '
b1111010 ,
b1000010 &
b1000010 +
b111010001 )
#1950000
b1010110 #
1!
b11010110 -
b101100 '
b101100 ,
b101001 &
b101001 +
b10111001100 *
#1951000
b0 #
b0 -
b1110001 '
b1110001 ,
b1110 &
b1110 +
b10111001101 *
#1952000
b111100 #
0!
b111100 -
b1111111 '
b1111111 ,
b111100 &
b111100 +
b10111001110 *
#1953000
b1100111 #
1!
b11100111 -
b1100100 '
b1100100 ,
b10 &
b10 +
b10111001111 *
#1954000
b111000 #
0!
b111000 -
b1011001 '
b1011001 ,
b1011110 &
b1011110 +
b10111010000 *
#1955000
b1111110 #
1!
b11111110 -
b110100 '
b110100 ,
b1001001 &
b1001001 +
b10111010001 *
#1956000
b101011 #
0!
b101011 -
b110111 '
b110111 ,
b1110011 &
b1110011 +
b10111010010 *
#1957000
b11110 #
b11110 -
b101101 '
b101101 ,
b1110000 &
b1110000 +
b10111010011 *
#1958000
b100 #
b100 -
b1000100 '
b1000100 ,
b111111 &
b111111 +
b10111010100 *
#1959000
b10000 #
b10000 -
b1010111 '
b1010111 ,
b111000 &
b111000 +
b10111010101 *
#1960000
b1001101 #
1!
b11001101 -
b111101 '
b111101 ,
b1111 &
b1111 +
b10111010110 *
#1961000
b111111 #
0!
b111111 -
b111111 '
b111111 ,
b1111111 &
b1111111 +
b10111010111 *
#1962000
b100000 #
b100000 -
b111010 '
b111010 ,
b1100101 &
b1100101 +
b10111011000 *
#1963000
b10001 #
1!
b10010001 -
b1 '
b1 ,
b1111 &
b1111 +
b10111011001 *
#1964000
b111000 #
0!
b111000 -
b1001111 '
b1001111 ,
b1101000 &
b1101000 +
b111010010 )
#1965000
b1000 #
b1000 -
b110100 '
b110100 ,
b1010011 &
b1010011 +
b10111011010 *
#1966000
b1010010 #
1!
b11010010 -
b1000000 '
b1000000 ,
b10001 &
b10001 +
b10111011011 *
#1967000
b100011 #
0!
b100011 -
b101001 '
b101001 ,
b1111001 &
b1111001 +
b10111011100 *
#1968000
b10001 #
b10001 -
b10010 '
b10010 ,
b1111110 &
b1111110 +
b10111011101 *
#1969000
b111010 #
b111010 -
b1100111 '
b1100111 ,
b1010010 &
b1010010 +
b10111011110 *
#1970000
b10110 #
b10110 -
b1101011 '
b1101011 ,
b101010 &
b101010 +
b10111011111 *
#1971000
b111110 #
1!
b10111110 -
b100010 '
b100010 ,
b11011 &
b11011 +
b10111100000 *
#1972000
b101 #
0!
b101 -
b1000011 '
b1000011 ,
b1000001 &
b1000001 +
b111010011 )
#1973000
b10110 #
b10110 -
b111100 '
b111100 ,
b1011001 &
b1011001 +
b10111100001 *
#1974000
b110001 #
1!
b10110001 -
b101101 '
b101101 ,
b11 &
b11 +
b10111100010 *
#1975000
b10111 #
0!
b10111 -
b1100110 '
b1100110 ,
b110000 &
b110000 +
b111010100 )
#1976000
b1101 #
b1101 -
b1100011 '
b1100011 ,
b101001 &
b101001 +
b10111100011 *
#1977000
b101100 #
1!
b10101100 -
b100101 '
b100101 ,
b110 &
b110 +
b10111100100 *
#1978000
b101101 #
b10101101 -
b100100 '
b100100 ,
b1000 &
b1000 +
b111010101 )
#1979000
b1010011 #
b11010011 -
b10001 '
b10001 ,
b1000001 &
b1000001 +
b111010110 )
#1980000
b100 #
0!
b100 -
b1011011 '
b1011011 ,
b101000 &
b101000 +
b10111100101 *
#1981000
b1101111 #
1!
b11101111 -
b1011001 '
b1011001 ,
b10101 &
b10101 +
b10111100110 *
#1982000
b1100 #
0!
b1100 -
b1010001 '
b1010001 ,
b111010 &
b111010 +
b10111100111 *
#1983000
b111 #
b111 -
b10101 '
b10101 ,
b1110001 &
b1110001 +
b10111101000 *
#1984000
b10010 #
b10010 -
b11010 '
b11010 ,
b1110111 &
b1110111 +
b10111101001 *
#1985000
b11111 #
b11111 -
b1000101 '
b1000101 ,
b1011001 &
b1011001 +
b10111101010 *
#1986000
b1011110 #
1!
b11011110 -
b1010110 '
b1010110 ,
b111 &
b111 +
b10111101011 *
#1987000
b1011 #
0!
b1011 -
b101100 '
b101100 ,
b1011110 &
b1011110 +
b10111101100 *
#1988000
b1011110 #
1!
b11011110 -
b100101 '
b100101 ,
b111000 &
b111000 +
b10111101101 *
#1989000
b1100 #
0!
b1100 -
b111011 '
b111011 ,
b1010000 &
b1010000 +
b10111101110 *
#1990000
b11011 #
b11011 -
b100100 '
b100100 ,
b1110110 &
b1110110 +
b10111101111 *
#1991000
b11100 #
b11100 -
b1111001 '
b1111001 ,
b100010 &
b100010 +
b10111110000 *
#1992000
b10110 #
b10110 -
b100101 '
b100101 ,
b1110000 &
b1110000 +
b10111110001 *
#1993000
b11010 #
b11010 -
b1001110 '
b1001110 ,
b1001011 &
b1001011 +
b10111110010 *
#1994000
b1010101 #
1!
b11010101 -
b100001 '
b100001 ,
b110011 &
b110011 +
b10111110011 *
#1995000
b1010010 #
0!
b1010010 -
b1101010 '
b1101010 ,
b1100111 &
b1100111 +
b10111110100 *
#1996000
b1000101 #
b1000101 -
b1101001 '
b1101001 ,
b1011011 &
b1011011 +
b111010111 )
#1997000
b11000 #
b11000 -
b1101101 '
b1101101 ,
b101010 &
b101010 +
b111011000 )
#1998000
b110011 #
b110011 -
b1001010 '
b1001010 ,
b1101000 &
b1101000 +
b10111110101 *
#1999000
b1011101 #
1!
b11011101 -
b1001001 '
b1001001 ,
b10011 &
b10011 +
b10111110110 *
#2000000
b1111011 #
b11111011 -
b1100110 '
b1100110 ,
b10100 &
b10100 +
b10111110111 *
#2001000
b1110111 #
b11110111 -
b111001 '
b111001 ,
b111101 &
b111101 +
b10111111000 *
#2002000
b1000001 #
0!
b1000001 -
b1001001 '
b1001001 ,
b1110111 &
b1110111 +
b10111111001 *
#2003000
b11100 #
1!
b10011100 -
b10001 '
b10001 ,
b1010 &
b1010 +
b111011001 )
#2004000
b1000000 #
b11000000 -
b100100 '
b100100 ,
b11011 &
b11011 +
b111011010 )
#2005000
b110011 #
b10110011 -
b111 '
b111 ,
b101011 &
b101011 +
b10111111010 *
#2006000
b1111 #
b10001111 -
b110 '
b110 ,
b1000 &
b1000 +
b111011011 )
#2007000
b1111100 #
b11111100 -
b1101010 '
b1101010 ,
b10001 &
b10001 +
b111011100 )
#2008000
b1100000 #
b11100000 -
b110001 '
b110001 ,
b101110 &
b101110 +
b10111111011 *
#2009000
b110000 #
b10110000 -
b101010 '
b101010 ,
b101 &
b101 +
b10111111100 *
#2010000
b100001 #
0!
b100001 -
b101111 '
b101111 ,
b1110001 &
b1110001 +
b111011101 )
#2011000
b101111 #
b101111 -
b1110001 '
b1110001 ,
b111101 &
b111101 +
b10111111101 *
#2012000
b1111101 #
b1111101 -
b1111110 '
b1111110 ,
b1111110 &
b1111110 +
b10111111110 *
#2013000
b1000110 #
b1000110 -
b1100111 '
b1100111 ,
b1011110 &
b1011110 +
b111011110 )
#2014000
b101010 #
b101010 -
b110110 '
b110110 ,
b1110011 &
b1110011 +
b111011111 )
#2015000
1!
b10101010 -
b100101 '
b100101 ,
b100 &
b100 +
b10111111111 *
#2016000
b1111000 #
b11111000 -
b1000001 '
b1000001 ,
b110110 &
b110110 +
b111100000 )
#2017000
b110100 #
b10110100 -
b101010 '
b101010 ,
b1001 &
b1001 +
b11000000000 *
#2018000
b11100 #
0!
b11100 -
b1001011 '
b1001011 ,
b1010000 &
b1010000 +
b111100001 )
#2019000
b1111001 #
1!
b11111001 -
b11011 '
b11011 ,
b1011101 &
b1011101 +
b11000000001 *
#2020000
b100101 #
0!
b100101 -
b1000100 '
b1000100 ,
b1100000 &
b1100000 +
b11000000010 *
#2021000
b1010101 #
b1010101 -
b1101100 '
b1101100 ,
b1101000 &
b1101000 +
b11000000011 *
#2022000
b1001 #
b1001 -
b1001011 '
b1001011 ,
b111101 &
b111101 +
b111100010 )
#2023000
b1100100 #
1!
b11100100 -
b1100000 '
b1100000 ,
b11 &
b11 +
b11000000100 *
#2024000
b1010011 #
b11010011 -
b110010 '
b110010 ,
b100000 &
b100000 +
b11000000101 *
#2025000
b101110 #
0!
b101110 -
b1011001 '
b1011001 ,
b1010100 &
b1010100 +
b11000000110 *
#2026000
b1001011 #
1!
b11001011 -
b100101 '
b100101 ,
b100101 &
b100101 +
b11000000111 *
#2027000
b1011101 #
b11011101 -
b11001 '
b11001 ,
b1000011 &
b1000011 +
b11000001000 *
#2028000
b100011 #
0!
b100011 -
b1011101 '
b1011101 ,
b1000101 &
b1000101 +
b11000001001 *
#2029000
b1001010 #
1!
b11001010 -
b101001 '
b101001 ,
b100000 &
b100000 +
b11000001010 *
#2030000
b1011 #
0!
b1011 -
b111110 '
b111110 ,
b1001100 &
b1001100 +
b11000001011 *
#2031000
b1000101 #
b1000101 -
b1010110 '
b1010110 ,
b1101110 &
b1101110 +
b11000001100 *
#2032000
b101111 #
b101111 -
b1110111 '
b1110111 ,
b110111 &
b110111 +
b111100011 )
#2033000
b1011110 #
1!
b11011110 -
b101110 '
b101110 ,
b101111 &
b101111 +
b11000001101 *
#2034000
b1000 #
0!
b1000 -
b1000111 '
b1000111 ,
b1000000 &
b1000000 +
b11000001110 *
#2035000
b10 #
b10 -
b100101 '
b100101 ,
b1011100 &
b1011100 +
b11000001111 *
#2036000
b1111101 #
1!
b11111101 -
b1000110 '
b1000110 ,
b110110 &
b110110 +
b11000010000 *
#2037000
b1001011 #
b11001011 -
b100010 '
b100010 ,
b101000 &
b101000 +
b11000010001 *
#2038000
b111011 #
b10111011 -
b1011 '
b1011 ,
b101111 &
b101111 +
b11000010010 *
#2039000
b1010111 #
b11010111 -
b1010000 '
b1010000 ,
b110 &
b110 +
b111100100 )
#2040000
b1001011 #
0!
b1001011 -
b1010010 '
b1010010 ,
b1111000 &
b1111000 +
b11000010011 *
#2041000
b1100011 #
1!
b11100011 -
b100111 '
b100111 ,
b111011 &
b111011 +
b111100101 )
#2042000
b1000011 #
b11000011 -
b111011 '
b111011 ,
b111 &
b111 +
b11000010100 *
#2043000
b100011 #
0!
b100011 -
b1100010 '
b1100010 ,
b1000000 &
b1000000 +
b11000010101 *
#2044000
b100000 #
1!
b10100000 -
b111 '
b111 ,
b11000 &
b11000 +
b11000010110 *
#2045000
b111 #
b10000111 -
b1 '
b1 ,
b101 &
b101 +
b111100110 )
#2046000
b100001 #
0!
b100001 -
b101000 '
b101000 ,
b1111000 &
b1111000 +
b111100111 )
#2047000
b1011101 #
1!
b11011101 -
b1011001 '
b1011001 ,
b11 &
b11 +
b11000010111 *
#2048000
b110100 #
0!
b110100 -
b1001111 '
b1001111 ,
b1100100 &
b1100100 +
b11000011000 *
#2049000
b1111 #
1!
b10001111 -
b1000 '
b1000 ,
b110 &
b110 +
b11000011001 *
#2050000
b1001101 #
b11001101 -
b1 '
b1 ,
b1001011 &
b1001011 +
b111101000 )
#2051000
b1100101 #
b11100101 -
b10101 '
b10101 ,
b1001111 &
b1001111 +
b11000011010 *
#2052000
b101101 #
b10101101 -
b101011 '
b101011 ,
b1 &
b1 +
b11000011011 *
#2053000
b111 #
0!
b111 -
b1010001 '
b1010001 ,
b110101 &
b110101 +
b111101001 )
#2054000
b1110 #
b1110 -
b1111101 '
b1111101 ,
b10000 &
b10000 +
b11000011100 *
#2055000
b101100 #
b101100 -
b101110 &
b101110 +
b11000011101 *
#2056000
b11010 #
b11010 -
b111001 '
b111001 ,
b1100000 &
b1100000 +
b11000011110 *
#2057000
b110101 #
1!
b10110101 -
b1111 '
b1111 ,
b100101 &
b100101 +
b11000011111 *
#2058000
b101100 #
b10101100 -
b111 '
b111 ,
b100100 &
b100100 +
b111101010 )
#2059000
b11111 #
0!
b11111 -
b1011011 '
b1011011 ,
b1000011 &
b1000011 +
b111101011 )
#2060000
b1010000 #
1!
b11010000 -
b111010 '
b111010 ,
b10101 &
b10101 +
b11000100000 *
#2061000
b1111010 #
b11111010 -
b110000 '
b110000 ,
b1001001 &
b1001001 +
b11000100001 *
#2062000
b1101101 #
b11101101 -
b1011010 '
b1011010 ,
b10010 &
b10010 +
b11000100010 *
#2063000
b1110010 #
0!
b1110010 -
b1111000 '
b1111000 ,
b1111001 &
b1111001 +
b11000100011 *
#2064000
b10101 #
1!
b10010101 -
b10001 '
b10001 ,
b11 &
b11 +
b111101100 )
#2065000
b1111000 #
b11111000 -
b101100 '
b101100 ,
b1001011 &
b1001011 +
b111101101 )
#2066000
b1101000 #
b11101000 -
b11111 '
b11111 ,
b1001000 &
b1001000 +
b11000100100 *
#2067000
b101011 #
0!
b101011 -
b1100010 '
b1100010 ,
b11000100101 *
#2068000
b1101 #
b1101 -
b110001 '
b110001 ,
b1011011 &
b1011011 +
b11000100110 *
#2069000
b1111 '
b1111 ,
b1111101 &
b1111101 +
b11000100111 *
#2070000
b11010 #
b11010 -
b1110100 '
b1110100 ,
b100101 &
b100101 +
b11000101000 *
#2071000
b1101 #
b1101 -
b1111000 '
b1111000 ,
b10100 &
b10100 +
b11000101001 *
#2072000
b100 #
b100 -
b1011 '
b1011 ,
b1111000 &
b1111000 +
b11000101010 *
#2073000
b11110 #
b11110 -
b111011 '
b111011 ,
b1100010 &
b1100010 +
b11000101011 *
#2074000
b1011110 #
b1011110 -
b1111011 '
b1111011 ,
b11000101100 *
#2075000
b111110 #
1!
b10111110 -
b100001 '
b100001 ,
b11100 &
b11100 +
b111101110 )
#2076000
b1001 #
0!
b1001 -
b1110101 '
b1110101 ,
b10011 &
b10011 +
b111101111 )
#2077000
b110010 #
b110010 -
b1100010 '
b1100010 ,
b1001111 &
b1001111 +
b11000101101 *
#2078000
b100101 #
b100101 -
b1010110 '
b1010110 ,
b1001110 &
b1001110 +
b11000101110 *
#2079000
b1010111 #
1!
b11010111 -
b1001011 '
b1001011 ,
b1011 &
b1011 +
b11000101111 *
#2080000
b1010000 #
b11010000 -
b1 '
b1 ,
b1001110 &
b1001110 +
b11000110000 *
#2081000
b1011100 #
b11011100 -
b111001 '
b111001 ,
b100010 &
b100010 +
b11000110001 *
#2082000
b1011 #
0!
b1011 -
b100010 '
b100010 ,
b1101000 &
b1101000 +
b11000110010 *
#2083000
b101110 #
1!
b10101110 -
b10000 '
b10000 ,
b11101 &
b11101 +
b11000110011 *
#2084000
b1100111 #
b11100111 -
b1010011 '
b1010011 ,
b10011 &
b10011 +
b111110000 )
#2085000
b1110101 #
b11110101 -
b1011110 '
b1011110 ,
b10110 &
b10110 +
b11000110100 *
#2086000
b101111 #
0!
b101111 -
b1100001 '
b1100001 ,
b1001101 &
b1001101 +
b11000110101 *
#2087000
b1111001 #
1!
b11111001 -
b100000 '
b100000 ,
b1011000 &
b1011000 +
b11000110110 *
#2088000
b1000010 #
0!
b1000010 -
b1101100 '
b1101100 ,
b1010101 &
b1010101 +
b11000110111 *
#2089000
b101010 #
1!
b10101010 -
b0 '
b0 ,
b101001 &
b101001 +
b111110001 )
#2090000
b1100100 #
0!
b1100100 -
b1101001 '
b1101001 ,
b1111010 &
b1111010 +
b111110010 )
#2091000
b1000101 #
b1000101 -
b1011110 '
b1011110 ,
b1100110 &
b1100110 +
b111110011 )
#2092000
b1110 #
b1110 -
b1110001 '
b1110001 ,
b11100 &
b11100 +
b111110100 )
#2093000
b1001110 #
1!
b11001110 -
b110000 '
b110000 ,
b11101 &
b11101 +
b11000111000 *
#2094000
b110000 #
0!
b110000 -
b111101 '
b111101 ,
b1110010 &
b1110010 +
b11000111001 *
#2095000
b110111 #
b110111 -
b111000 '
b111000 ,
b1111110 &
b1111110 +
b11000111010 *
#2096000
b1010101 #
b1010101 -
b1100000 '
b1100000 ,
b1110100 &
b1110100 +
b11000111011 *
#2097000
b10000 #
b10000 -
b1111100 '
b1111100 ,
b10011 &
b10011 +
b111110101 )
#2098000
b11011 #
b11011 -
b1101010 '
b1101010 ,
b110000 &
b110000 +
b11000111100 *
#2099000
b11001 #
b11001 -
b101111 '
b101111 ,
b1101001 &
b1101001 +
b11000111101 *
#2100000
b1111100 #
1!
b11111100 -
b1001011 '
b1001011 ,
b110000 &
b110000 +
b11000111110 *
#2101000
b1101100 #
b11101100 -
b110001 '
b110001 ,
b111010 &
b111010 +
b11000111111 *
#2102000
b1001110 #
0!
b1001110 -
b1010101 '
b1010101 ,
b1111000 &
b1111000 +
b11001000000 *
#2103000
b1000011 #
1!
b11000011 -
b100010 '
b100010 ,
b100000 &
b100000 +
b111110110 )
#2104000
b10 #
0!
b10 -
b1111111 '
b1111111 ,
b10 &
b10 +
b11001000001 *
#2105000
b1111010 #
1!
b11111010 -
b1100100 '
b1100100 ,
b10101 &
b10101 +
b11001000010 *
#2106000
b1111101 #
b11111101 -
b0 '
b0 ,
b1111100 &
b1111100 +
b11001000011 *
#2107000
b1001100 #
b11001100 -
b1001011 '
b1001011 ,
b0 &
b0 +
b11001000100 *
#2108000
b11001 #
0!
b11001 -
b101000 '
b101000 ,
b1110000 &
b1110000 +
b11001000101 *
#2109000
b110 #
b110 -
b100011 '
b100011 ,
b1100010 &
b1100010 +
b11001000110 *
#2110000
b101010 #
b101010 -
b1001101 '
b1001101 ,
b1011100 &
b1011100 +
b11001000111 *
#2111000
b1101 #
b1101 -
b1110011 '
b1110011 ,
b11001 &
b11001 +
b11001001000 *
#2112000
b1111 #
b1111 -
b1110001 '
b1110001 ,
b11101 &
b11101 +
b11001001001 *
#2113000
b1 #
b1 -
b1111 &
b1111 +
b11001001010 *
#2114000
b110011 #
b110011 -
b110111 '
b110111 ,
b1111011 &
b1111011 +
b11001001011 *
#2115000
b1101110 #
1!
b11101110 -
b1011111 '
b1011111 ,
b1110 &
b1110 +
b11001001100 *
#2116000
b1 #
0!
b1 -
b10010 '
b10010 ,
b1101110 &
b1101110 +
b11001001101 *
#2117000
b110001 #
b110001 -
b1100111 '
b1100111 ,
b1001001 &
b1001001 +
b11001001110 *
#2118000
b101111 #
b101111 -
b1111101 '
b1111101 ,
b110001 &
b110001 +
b11001001111 *
#2119000
b10001 #
b10001 -
b1111010 '
b1111010 ,
b10110 &
b10110 +
b11001010000 *
#2120000
b1100100 #
1!
b11100100 -
b1100001 '
b1100001 ,
b10 &
b10 +
b11001010001 *
#2121000
b1000011 #
b11000011 -
b11001 '
b11001 ,
b101001 &
b101001 +
b11001010010 *
#2122000
b11101 #
0!
b11101 -
b1001101 '
b1001101 ,
b1001111 &
b1001111 +
b11001010011 *
#2123000
b111111 #
1!
b10111111 -
b101111 '
b101111 ,
b1111 &
b1111 +
b11001010100 *
#2124000
b1011001 #
b11011001 -
b1010001 '
b1010001 ,
b111 &
b111 +
b111110111 )
#2125000
b100101 #
0!
b100101 -
b110010 '
b110010 ,
b1110010 &
b1110010 +
b11001010101 *
#2126000
b1100100 #
b1100100 -
b1100100 '
b1100100 ,
b1111111 &
b1111111 +
b11001010110 *
#2127000
b101010 #
b101010 -
b1111110 '
b1111110 ,
b101011 &
b101011 +
b111111000 )
#2128000
b1010111 #
b1010111 -
b1110001 '
b1110001 ,
b1100101 &
b1100101 +
b11001010111 *
#2129000
b101110 #
b101110 -
b1000011 '
b1000011 ,
b1101010 &
b1101010 +
b111111001 )
#2130000
b11110 #
b11110 -
b100100 '
b100100 ,
b1111001 &
b1111001 +
b11001011000 *
#2131000
b101 #
b101 -
b1001111 '
b1001111 ,
b110101 &
b110101 +
b11001011001 *
#2132000
b11100 #
b11100 -
b1011110 '
b1011110 ,
b111101 &
b111101 +
b11001011010 *
#2133000
b11001 #
b11001 -
b1001100 '
b1001100 ,
b1001100 &
b1001100 +
b11001011011 *
#2134000
b111010 #
1!
b10111010 -
b100100 '
b100100 ,
b10101 &
b10101 +
b11001011100 *
#2135000
b1011111 #
0!
b1011111 -
b1110001 '
b1110001 ,
b1101101 &
b1101101 +
b111111010 )
#2136000
b1111100 #
1!
b11111100 -
b110001 '
b110001 ,
b1001010 &
b1001010 +
b111111011 )
#2137000
b1010000 #
b11010000 -
b1 '
b1 ,
b1001110 &
b1001110 +
b11001011101 *
#2138000
b1101100 #
b11101100 -
b111100 '
b111100 ,
b101111 &
b101111 +
b11001011110 *
#2139000
b1011011 #
0!
b1011011 -
b1011101 '
b1011101 ,
b1111101 &
b1111101 +
b11001011111 *
#2140000
b1101111 #
1!
b11101111 -
b1100000 '
b1100000 ,
b1110 &
b1110 +
b111111100 )
#2141000
b1000 #
0!
b1000 -
b1000001 '
b1000001 ,
b1000110 &
b1000110 +
b11001100000 *
#2142000
b1100010 #
b1100010 -
b1111011 '
b1111011 ,
b1100110 &
b1100110 +
b11001100001 *
#2143000
b110011 #
1!
b10110011 -
b101010 '
b101010 ,
b1000 &
b1000 +
b111111101 )
#2144000
b1111011 #
b11111011 -
b11100 '
b11100 ,
b1011110 &
b1011110 +
b111111110 )
#2145000
b101010 #
0!
b101010 -
b1001001 '
b1001001 ,
b1100000 &
b1100000 +
b11001100010 *
#2146000
b1011111 #
1!
b11011111 -
b101011 '
b101011 ,
b110011 &
b110011 +
b11001100011 *
#2147000
b101 #
0!
b101 -
b111001 '
b111001 ,
b1001011 &
b1001011 +
b11001100100 *
#2148000
b1101011 #
1!
b11101011 -
b100010 '
b100010 ,
b1001000 &
b1001000 +
b11001100101 *
#2149000
b1011 #
0!
b1011 -
b11101 '
b11101 ,
b1101101 &
b1101101 +
b11001100110 *
#2150000
b10001 #
b10001 -
b110110 '
b110110 ,
b1011010 &
b1011010 +
b11001100111 *
#2151000
b1111010 #
1!
b11111010 -
b11101 '
b11101 ,
b1011100 &
b1011100 +
b11001101000 *
#2152000
b1010110 #
b11010110 -
b1011 '
b1011 ,
b1001010 &
b1001010 +
b11001101001 *
#2153000
b1111100 #
b11111100 -
b101010 '
b101010 ,
b1010001 &
b1010001 +
b11001101010 *
#2154000
b1000100 #
b11000100 -
b10101 '
b10101 ,
b101110 &
b101110 +
b11001101011 *
#2155000
b110111 #
0!
b110111 -
b111001 '
b111001 ,
b1111101 &
b1111101 +
b11001101100 *
#2156000
b1110010 #
1!
b11110010 -
b1010 '
b1010 ,
b1100111 &
b1100111 +
b11001101101 *
#2157000
b100001 #
0!
b100001 -
b100010 '
b100010 ,
b1111110 &
b1111110 +
b11001101110 *
#2158000
b1011100 #
1!
b11011100 -
b101100 '
b101100 ,
b101111 &
b101111 +
b11001101111 *
#2159000
b100001 #
b10100001 -
b10100 '
b10100 ,
b1100 &
b1100 +
b11001110000 *
#2160000
b1000000 #
b11000000 -
b101110 '
b101110 ,
b10001 &
b10001 +
b111111111 )
#2161000
b11100 #
b10011100 -
b1001 '
b1001 ,
b10010 &
b10010 +
b11001110001 *
#2162000
b101010 #
b10101010 -
b100100 '
b100100 ,
b101 &
b101 +
b1000000000 )
#2163000
b1101101 #
b11101101 -
b1100111 '
b1100111 ,
b1000000001 )
#2164000
b1111100 #
b11111100 -
b10001 '
b10001 ,
b1101010 &
b1101010 +
b11001110010 *
#2165000
b100 #
b10000100 -
b10 '
b10 ,
b1 &
b1 +
b11001110011 *
#2166000
0!
b100 -
b111001 '
b111001 ,
b1001010 &
b1001010 +
b1000000010 )
#2167000
b101 #
b101 -
b1100100 '
b1100100 ,
b100000 &
b100000 +
b11001110100 *
#2168000
b1101011 #
1!
b11101011 -
b111 '
b111 ,
b1100011 &
b1100011 +
b11001110101 *
#2169000
b111010 #
0!
b111010 -
b1010010 '
b1010010 ,
b1100111 &
b1100111 +
b11001110110 *
#2170000
b110101 #
1!
b10110101 -
b0 '
b0 ,
b110100 &
b110100 +
b11001110111 *
#2171000
b111001 #
b10111001 -
b110100 '
b110100 ,
b100 &
b100 +
b1000000011 )
#2172000
b1101011 #
b11101011 -
b111110 '
b111110 ,
b101100 &
b101100 +
b1000000100 )
#2173000
b1110110 #
b11110110 -
b10101 '
b10101 ,
b1100000 &
b1100000 +
b11001111000 *
#2174000
b1000000 #
b11000000 -
b101110 '
b101110 ,
b10001 &
b10001 +
b11001111001 *
#2175000
b101001 '
b101001 ,
b10110 &
b10110 +
b11001111010 *
#2176000
b1011010 #
0!
b1011010 -
b1011110 '
b1011110 ,
b1111011 &
b1111011 +
b11001111011 *
#2177000
b111110 #
1!
b10111110 -
b110110 '
b110110 ,
b111 &
b111 +
b1000000101 )
#2178000
b1101011 #
b11101011 -
b1000111 '
b1000111 ,
b100011 &
b100011 +
b1000000110 )
#2179000
b1111 #
0!
b1111 -
b110001 '
b110001 ,
b1011101 &
b1011101 +
b11001111100 *
#2180000
b1010100 #
1!
b11010100 -
b11010 '
b11010 ,
b111001 &
b111001 +
b11001111101 *
#2181000
b10100 #
b10010100 -
b10011 '
b10011 ,
b0 &
b0 +
b11001111110 *
#2182000
b11001 #
0!
b11001 -
b1010010 '
b1010010 ,
b1000110 &
b1000110 +
b1000000111 )
#2183000
b1110111 #
b1110111 -
b1111001 '
b1111001 ,
b1111101 &
b1111101 +
b11001111111 *
#2184000
b101111 #
b101111 -
b111101 '
b111101 ,
b1110001 &
b1110001 +
b1000001000 )
#2185000
b1110 #
b1110 -
b1100010 '
b1100010 ,
b101011 &
b101011 +
b11010000000 *
#2186000
b11 #
b11 -
b11 '
b11 ,
b1111111 &
b1111111 +
b11010000001 *
#2187000
b11100 #
b11100 -
b1001011 '
b1001011 ,
b1010000 &
b1010000 +
b11010000010 *
#2188000
b1011000 #
1!
b11011000 -
b101100 '
b101100 ,
b101011 &
b101011 +
b11010000011 *
#2189000
b100011 #
0!
b100011 -
b1001010 '
b1001010 ,
b1011000 &
b1011000 +
b11010000100 *
#2190000
b101110 #
b101110 -
b1010101 '
b1010101 ,
b11010000101 *
#2191000
b110000 #
1!
b10110000 -
b100010 '
b100010 ,
b1101 &
b1101 +
b11010000110 *
#2192000
b1110111 #
b11110111 -
b1100011 '
b1100011 ,
b10011 &
b10011 +
b1000001001 )
#2193000
b1100001 #
b11100001 -
b110100 '
b110100 ,
b101100 &
b101100 +
b11010000111 *
#2194000
b111101 #
b10111101 -
b100111 '
b100111 ,
b10101 &
b10101 +
b11010001000 *
#2195000
b10000 #
0!
b10000 -
b1111101 '
b1111101 ,
b10010 &
b10010 +
b1000001010 )
#2196000
b1101011 #
b1101011 -
b1101100 '
b1101100 ,
b1111110 &
b1111110 +
b11010001001 *
#2197000
b1100000 #
1!
b11100000 -
b1010110 '
b1010110 ,
b1001 &
b1001 +
b1000001011 )
#2198000
b1100 #
0!
b1100 -
b1000111 '
b1000111 ,
b1000100 &
b1000100 +
b11010001010 *
#2199000
b11011 #
b11011 -
b1011101 '
b1011101 ,
b111101 &
b111101 +
b11010001011 *
#2200000
b101 #
b101 -
b1000011 '
b1000011 ,
b1000001 &
b1000001 +
b11010001100 *
#2201000
b10000 #
b10000 -
b1110100 '
b1110100 ,
b11011 &
b11011 +
b11010001101 *
#2202000
b100101 #
1!
b10100101 -
b0 '
b0 ,
b100100 &
b100100 +
b11010001110 *
#2203000
b1110001 #
b11110001 -
b1100 '
b1100 ,
b1100100 &
b1100100 +
b1000001100 )
#2204000
b101010 #
0!
b101010 -
b1000000 '
b1000000 ,
b1101001 &
b1101001 +
b11010001111 *
#2205000
b1010101 #
b1010101 -
b1011100 '
b1011100 ,
b1111000 &
b1111000 +
b11010010000 *
#2206000
b1111010 #
1!
b11111010 -
b10100 '
b10100 ,
b1100101 &
b1100101 +
b1000001101 )
#2207000
b1101000 #
b11101000 -
b1001 '
b1001 ,
b1011110 &
b1011110 +
b11010010001 *
#2208000
b110100 #
0!
b110100 -
b1110010 '
b1110010 ,
b1000001 &
b1000001 +
b11010010010 *
#2209000
b1101000 #
1!
b11101000 -
b10001 '
b10001 ,
b1010110 &
b1010110 +
b11010010011 *
#2210000
b1110001 #
b11110001 -
b110101 '
b110101 ,
b111011 &
b111011 +
b11010010100 *
#2211000
b1101001 #
b11101001 -
b111101 '
b111101 ,
b101011 &
b101011 +
b11010010101 *
#2212000
b101011 #
0!
b101011 -
b1110010 '
b1110010 ,
b111000 &
b111000 +
b11010010110 *
#2213000
b11111 #
b11111 -
b111101 '
b111101 ,
b1100001 &
b1100001 +
b11010010111 *
#2214000
b1001010 #
b1001010 -
b1111000 '
b1111000 ,
b1010001 &
b1010001 +
b11010011000 *
#2215000
b10000 #
b10000 -
b1100000 '
b1100000 ,
b101111 &
b101111 +
b1000001110 )
#2216000
b1000111 #
1!
b11000111 -
b101100 '
b101100 ,
b11010 &
b11010 +
b11010011001 *
#2217000
b1110001 #
b11110001 -
b1010000 '
b1010000 ,
b100000 &
b100000 +
b11010011010 *
#2218000
b1000110 #
b11000110 -
b111001 '
b111001 ,
b1100 &
b1100 +
b11010011011 *
#2219000
b11010 #
b10011010 -
b10000 '
b10000 ,
b1001 &
b1001 +
b11010011100 *
#2220000
b1001001 #
b11001001 -
b100110 '
b100110 ,
b100010 &
b100010 +
b1000001111 )
#2221000
b1001100 #
0!
b1001100 -
b1010101 '
b1010101 ,
b1110110 &
b1110110 +
b11010011101 *
#2222000
b101011 #
b101011 -
b1111011 '
b1111011 ,
b101111 &
b101111 +
b1000010000 )
#2223000
b101110 #
b101110 -
b110010 '
b110010 ,
b1111011 &
b1111011 +
b11010011110 *
#2224000
b100110 #
b100110 -
b111110 '
b111110 ,
b1100111 &
b1100111 +
b11010011111 *
#2225000
b1001001 #
1!
b11001001 -
b1011 '
b1011 ,
b111101 &
b111101 +
b11010100000 *
#2226000
b1111 #
0!
b1111 -
b1000100 '
b1000100 ,
b1001010 &
b1001010 +
b11010100001 *
#2227000
b1101010 #
b1101010 -
b1110101 '
b1110101 ,
b1110100 &
b1110100 +
b11010100010 *
#2228000
b1110110 #
1!
b11110110 -
b1010110 '
b1010110 ,
b11111 &
b11111 +
b1000010001 )
#2229000
b11110 #
0!
b11110 -
b101011 '
b101011 ,
b1110010 &
b1110010 +
b11010100011 *
#2230000
b1110110 #
1!
b11110110 -
b1100110 '
b1100110 ,
b1111 &
b1111 +
b11010100100 *
#2231000
b1000111 #
b11000111 -
b11101 '
b11101 ,
b101001 &
b101001 +
b11010100101 *
#2232000
b1000000 #
b11000000 -
b1001 '
b1001 ,
b110110 &
b110110 +
b11010100110 *
#2233000
b1101110 #
b11101110 -
b1101000 '
b1101000 ,
b101 &
b101 +
b11010100111 *
#2234000
b1000111 #
0!
b1000111 -
b1001101 '
b1001101 ,
b1111001 &
b1111001 +
b11010101000 *
#2235000
b1010001 #
1!
b11010001 -
b10 '
b10 ,
b1001110 &
b1001110 +
b1000010010 )
#2236000
b1101 #
0!
b1101 -
b1000111 '
b1000111 ,
b1000101 &
b1000101 +
b11010101001 *
#2237000
b1100001 #
1!
b11100001 -
b101110 '
b101110 ,
b110010 &
b110010 +
b11010101010 *
#2238000
b1111111 #
b11111111 -
b111010 '
b111010 ,
b1000100 &
b1000100 +
b11010101011 *
#2239000
b11111 #
0!
b11111 -
b1000010 '
b1000010 ,
b1011100 &
b1011100 +
b11010101100 *
#2240000
b1010010 #
b1010010 -
b1110110 '
b1110110 ,
b1011011 &
b1011011 +
b11010101101 *
#2241000
b10000 #
1!
b10010000 -
b1111 '
b1111 ,
b0 &
b0 +
b1000010011 )
#2242000
b1001110 #
b11001110 -
b0 '
b0 ,
b1001101 &
b1001101 +
b1000010100 )
#2243000
b110001 #
0!
b110001 -
b110010 '
b110010 ,
b1111110 &
b1111110 +
b11010101110 *
#2244000
b100000 #
1!
b10100000 -
b1 '
b1 ,
b11110 &
b11110 +
b11010101111 *
#2245000
b111100 #
0!
b111100 -
b1101110 '
b1101110 ,
b1001101 &
b1001101 +
b1000010101 )
#2246000
b1100111 #
1!
b11100111 -
b101101 '
b101101 ,
b111001 &
b111001 +
b11010110000 *
#2247000
b1000 #
b10001000 -
b1 '
b1 ,
b110 &
b110 +
b11010110001 *
#2248000
b110100 #
0!
b110100 -
b1101011 '
b1101011 ,
b1001000 &
b1001000 +
b1000010110 )
#2249000
b1011110 #
b1011110 -
b1100001 '
b1100001 ,
b1111100 &
b1111100 +
b11010110010 *
#2250000
b111001 #
b111001 -
b111001 '
b111001 ,
b1111111 &
b1111111 +
b1000010111 )
#2251000
b100000 #
1!
b10100000 -
b10111 '
b10111 ,
b1000 &
b1000 +
b11010110011 *
#2252000
b1000110 #
0!
b1000110 -
b1001010 '
b1001010 ,
b1111011 &
b1111011 +
b1000011000 )
#2253000
b1111101 #
1!
b11111101 -
b1001110 '
b1001110 ,
b101110 &
b101110 +
b1000011001 )
#2254000
b1101000 #
b11101000 -
b11110 '
b11110 ,
b1001001 &
b1001001 +
b11010110100 *
#2255000
b101111 #
b10101111 -
b101100 '
b101100 ,
b10 &
b10 +
b11010110101 *
#2256000
b110010 #
0!
b110010 -
b1001000 '
b1001000 ,
b1101001 &
b1101001 +
b1000011010 )
#2257000
b1011100 #
1!
b11011100 -
b110110 '
b110110 ,
b100101 &
b100101 +
b11010110110 *
#2258000
b11100 #
0!
b11100 -
b1110110 '
b1110110 ,
b11010110111 *
#2259000
b110111 #
1!
b10110111 -
b10011 '
b10011 ,
b100011 &
b100011 +
b11010111000 *
#2260000
b1110000 #
b11110000 -
b11001 '
b11001 ,
b1010110 &
b1010110 +
b1000011011 )
#2261000
b1101110 #
b11101110 -
b1000011 '
b1000011 ,
b101010 &
b101010 +
b11010111001 *
#2262000
b100111 #
b10100111 -
b1011 '
b1011 ,
b11011 &
b11011 +
b11010111010 *
#2263000
b1101101 #
b11101101 -
b1000100 '
b1000100 ,
b101000 &
b101000 +
b1000011100 )
#2264000
b1010110 #
0!
b1010110 -
b1011110 '
b1011110 ,
b1110111 &
b1110111 +
b11010111011 *
#2265000
b101010 #
1!
b10101010 -
b1100 '
b1100 ,
b11101 &
b11101 +
b1000011101 )
#2266000
b1100101 #
b11100101 -
b1011000 '
b1011000 ,
b1100 &
b1100 +
b1000011110 )
#2267000
b1100111 #
b11100111 -
b10100 '
b10100 ,
b1010010 &
b1010010 +
b11010111100 *
#2268000
b110100 #
b10110100 -
b10011 '
b10011 ,
b100000 &
b100000 +
b11010111101 *
#2269000
b100000 #
b10100000 -
b1001 '
b1001 ,
b10110 &
b10110 +
b1000011111 )
#2270000
b110 #
0!
b110 -
b1111 '
b1111 ,
b1110110 &
b1110110 +
b1000100000 )
#2271000
b11101 #
b11101 -
b101110 '
b101110 ,
b1101110 &
b1101110 +
b11010111110 *
#2272000
b110111 #
b110111 -
b1100011 '
b1100011 ,
b1010011 &
b1010011 +
b11010111111 *
#2273000
b1100000 #
1!
b11100000 -
b1001000 '
b1001000 ,
b10111 &
b10111 +
b11011000000 *
#2274000
b11100 #
b10011100 -
b10001 '
b10001 ,
b1010 &
b1010 +
b11011000001 *
#2275000
b1000100 #
0!
b1000100 -
b1000100 '
b1000100 ,
b1111111 &
b1111111 +
b1000100001 )
#2276000
b100001 #
1!
b10100001 -
b0 '
b0 ,
b100000 &
b100000 +
b1000100010 )
#2277000
b111100 #
0!
b111100 -
b1010111 '
b1010111 ,
b1100100 &
b1100100 +
b1000100011 )
#2278000
b1110100 #
1!
b11110100 -
b1011000 '
b1011000 ,
b11011 &
b11011 +
b11011000010 *
#2279000
b1100110 #
0!
b1100110 -
b1101110 '
b1101110 ,
b1110111 &
b1110111 +
b11011000011 *
#2280000
b1001110 #
b1001110 -
b1011111 &
b1011111 +
b1000100100 )
#2281000
b1010000 #
b1010000 -
b1100111 '
b1100111 ,
b1101000 &
b1101000 +
b1000100101 )
#2282000
b1000101 #
b1000101 -
b1100100 '
b1100100 ,
b1100000 &
b1100000 +
b1000100110 )
#2283000
b1011010 #
1!
b11011010 -
b1001011 '
b1001011 ,
b1110 &
b1110 +
b1000100111 )
#2284000
b1110 #
0!
b1110 -
b1000110 '
b1000110 ,
b1000111 &
b1000111 +
b11011000100 *
#2285000
b1011001 #
1!
b11011001 -
b100000 '
b100000 ,
b111000 &
b111000 +
b11011000101 *
#2286000
b110101 #
b10110101 -
b11001 '
b11001 ,
b11011 &
b11011 +
b11011000110 *
#2287000
b1000 #
0!
b1000 -
b1011001 '
b1011001 ,
b101110 &
b101110 +
b1000101000 )
#2288000
b1000011 #
b1000011 -
b1101111 '
b1101111 ,
b1010011 &
b1010011 +
b11011000111 *
#2289000
b1100010 #
1!
b11100010 -
b111010 '
b111010 ,
b100111 &
b100111 +
b1000101001 )
#2290000
b100010 #
b10100010 -
b11000 '
b11000 ,
b1001 &
b1001 +
b11011001000 *
#2291000
b1110110 #
0!
b1110110 -
b1111110 '
b1111110 ,
b1110111 &
b1110111 +
b1000101010 )
#2292000
b1100101 #
1!
b11100101 -
b1011010 '
b1011010 ,
b1010 &
b1010 +
b1000101011 )
#2293000
b1000011 #
0!
b1000011 -
b1000011 '
b1000011 ,
b1111111 &
b1111111 +
b11011001001 *
#2294000
b1000000 #
1!
b11000000 -
b1100 '
b1100 ,
b110011 &
b110011 +
b1000101100 )
#2295000
b110011 #
0!
b110011 -
b1010011 '
b1010011 ,
b1011111 &
b1011111 +
b11011001010 *
#2296000
b111100 #
1!
b10111100 -
b100101 '
b100101 ,
b10110 &
b10110 +
b11011001011 *
#2297000
b1011111 #
b11011111 -
b11110 '
b11110 ,
b1000000 &
b1000000 +
b1000101101 )
#2298000
b1010 #
0!
b1010 -
b1110011 '
b1110011 ,
b10110 &
b10110 +
b11011001100 *
#2299000
b1111111 #
1!
b11111111 -
b11101 '
b11101 ,
b1100001 &
b1100001 +
b11011001101 *
#2300000
b1111101 #
b11111101 -
b1000011 '
b1000011 ,
b111001 &
b111001 +
b11011001110 *
#2301000
b1010000 #
b11010000 -
b1000101 '
b1000101 ,
b1010 &
b1010 +
b11011001111 *
#2302000
b1 #
0!
b1 -
b1100001 '
b1100001 ,
b11111 &
b11111 +
b11011010000 *
#2303000
b1010111 #
1!
b11010111 -
b110 '
b110 ,
b1010000 &
b1010000 +
b11011010001 *
#2304000
b101110 #
b10101110 -
b10111 '
b10111 ,
b10110 &
b10110 +
b11011010010 *
#2305000
b1000001 #
b11000001 -
b110010 '
b110010 ,
b1110 &
b1110 +
b1000101110 )
#2306000
b111000 #
b10111000 -
b101 &
b101 +
b11011010011 *
#2307000
b1000000 #
b11000000 -
b1001 '
b1001 ,
b110110 &
b110110 +
b1000101111 )
#2308000
b1011111 #
b11011111 -
b111 '
b111 ,
b1010111 &
b1010111 +
b11011010100 *
#2309000
b110001 #
b10110001 -
b1101 '
b1101 ,
b100011 &
b100011 +
b11011010101 *
#2310000
b110011 #
0!
b110011 -
b111101 '
b111101 ,
b1110101 &
b1110101 +
b1000110000 )
#2311000
b1101101 #
1!
b11101101 -
b10111 '
b10111 ,
b1010101 &
b1010101 +
b11011010110 *
#2312000
b101110 #
b10101110 -
b1010 '
b1010 ,
b100011 &
b100011 +
b11011010111 *
#2313000
b1111111 #
b11111111 -
b1110 '
b1110 ,
b1110000 &
b1110000 +
b1000110001 )
#2314000
b10111 #
0!
b10111 -
b1111100 '
b1111100 ,
b11010 &
b11010 +
b11011011000 *
#2315000
b110100 #
b110100 -
b1111001 '
b1111001 ,
b111010 &
b111010 +
b11011011001 *
#2316000
b11111 #
b11111 -
b101010 '
b101010 ,
b1110100 &
b1110100 +
b11011011010 *
#2317000
b111111 #
1!
b10111111 -
b10110 '
b10110 ,
b101000 &
b101000 +
b11011011011 *
#2318000
b101001 #
0!
b101001 -
b101100 '
b101100 ,
b1111100 &
b1111100 +
b1000110010 )
#2319000
b1001110 #
b1001110 -
b1100001 '
b1100001 ,
b1101100 &
b1101100 +
b11011011100 *
#2320000
b1000001 #
b1000001 -
b1111111 '
b1111111 ,
b1000001 &
b1000001 +
b1000110011 )
#2321000
b1101000 #
1!
b11101000 -
b0 '
b0 ,
b1100111 &
b1100111 +
b1000110100 )
#2322000
b11010 #
0!
b11010 -
b1100010 '
b1100010 ,
b110111 &
b110111 +
b11011011101 *
#2323000
b1100101 #
1!
b11100101 -
b111010 '
b111010 ,
b101010 &
b101010 +
b11011011110 *
#2324000
b100111 #
b10100111 -
b100100 '
b100100 ,
b10 &
b10 +
b11011011111 *
#2325000
b1001100 #
b11001100 -
b101011 '
b101011 ,
b100000 &
b100000 +
b1000110101 )
#2326000
b100101 #
b10100101 -
b11110 '
b11110 ,
b110 &
b110 +
b11011100000 *
#2327000
b1111110 #
b11111110 -
b101011 '
b101011 ,
b1010010 &
b1010010 +
b1000110110 )
#2328000
b101011 #
b10101011 -
b100011 '
b100011 ,
b111 &
b111 +
b11011100001 *
#2329000
b1100111 #
b11100111 -
b111111 '
b111111 ,
b100111 &
b100111 +
b1000110111 )
#2330000
b11 #
0!
b11 -
b1010001 '
b1010001 ,
b110001 &
b110001 +
b11011100010 *
#2331000
b101001 #
b101001 -
b1011100 '
b1011100 ,
b1001100 &
b1001100 +
b11011100011 *
#2332000
b111 #
b111 -
b1011000 '
b1011000 ,
b101110 &
b101110 +
b11011100100 *
#2333000
b1110100 #
1!
b11110100 -
b11111 '
b11111 ,
b1010100 &
b1010100 +
b11011100101 *
#2334000
b100011 #
0!
b100011 -
b1011101 '
b1011101 ,
b1000101 &
b1000101 +
b11011100110 *
#2335000
b0 #
1!
b0 -
b1100010 '
b1100010 ,
b11101 &
b11101 +
b11011100111 *
#2336000
b111100 #
0!
b111100 -
b1001100 '
b1001100 ,
b1101111 &
b1101111 +
b11011101000 *
#2337000
b1011011 #
1!
b11011011 -
b100100 '
b100100 ,
b110110 &
b110110 +
b11011101001 *
#2338000
b111010 #
b10111010 -
b1100 '
b1100 ,
b101101 &
b101101 +
b11011101010 *
#2339000
b0 #
b0 -
b1110100 '
b1110100 ,
b1011 &
b1011 +
b1000111000 )
#2340000
b1001000 #
b11001000 -
b1101 '
b1101 ,
b111010 &
b111010 +
b11011101011 *
#2341000
b1101100 #
b11101100 -
b10 '
b10 ,
b1101001 &
b1101001 +
b11011101100 *
#2342000
b100111 #
b10100111 -
b100100 &
b100100 +
b11011101101 *
#2343000
b100101 #
0!
b100101 -
b1001111 '
b1001111 ,
b1010101 &
b1010101 +
b1000111001 )
#2344000
b101001 #
b101001 -
b1110010 '
b1110010 ,
b110110 &
b110110 +
b11011101110 *
#2345000
b1100101 #
b1100101 -
b1100111 '
b1100111 ,
b1111101 &
b1111101 +
b11011101111 *
#2346000
b11010 #
b11010 -
b100100 '
b100100 ,
b1110101 &
b1110101 +
b1000111010 )
#2347000
b1011111 #
1!
b11011111 -
b1010000 '
b1010000 ,
b1110 &
b1110 +
b11011110000 *
#2348000
b111010 #
0!
b111010 -
b1100111 '
b1100111 ,
b1010010 &
b1010010 +
b11011110001 *
#2349000
b1010010 #
b1010010 -
b1011011 '
b1011011 ,
b1110110 &
b1110110 +
b11011110010 *
#2350000
b10101 #
b10101 -
b1110100 '
b1110100 ,
b100000 &
b100000 +
b1000111011 )
#2351000
b1011000 #
1!
b11011000 -
b1001111 '
b1001111 ,
b1000 &
b1000 +
b11011110011 *
#2352000
b1010010 #
b11010010 -
b100010 '
b100010 ,
b101111 &
b101111 +
b11011110100 *
#2353000
b110011 #
0!
b110011 -
b1001101 '
b1001101 ,
b1100101 &
b1100101 +
b11011110101 *
#2354000
b111111 #
b111111 -
b1101111 '
b1101111 ,
b1001111 &
b1001111 +
b11011110110 *
#2355000
b1111111 #
1!
b11111111 -
b101011 '
b101011 ,
b1010011 &
b1010011 +
b11011110111 *
#2356000
b1000011 #
0!
b1000011 -
b1011100 '
b1011100 ,
b1100110 &
b1100110 +
b11011111000 *
#2357000
b1111101 #
1!
b11111101 -
b1100001 '
b1100001 ,
b11011 &
b11011 +
b1000111100 )
#2358000
b1111011 #
b11111011 -
b1011001 '
b1011001 ,
b100001 &
b100001 +
b11011111001 *
#2359000
b1110011 #
b11110011 -
b1110 '
b1110 ,
b1100100 &
b1100100 +
b11011111010 *
#2360000
b11000 #
0!
b11000 -
b1111010 '
b1111010 ,
b11101 &
b11101 +
b11011111011 *
#2361000
b1011001 #
b1011001 -
b1101011 '
b1101011 ,
b1101101 &
b1101101 +
b11011111100 *
#2362000
b1011010 #
1!
b11011010 -
b11 '
b11 ,
b1010110 &
b1010110 +
b1000111101 )
#2363000
b110000 #
0!
b110000 -
b1101101 '
b1101101 ,
b1000010 &
b1000010 +
b11011111101 *
#2364000
b110001 #
1!
b10110001 -
b110000 '
b110000 ,
b0 &
b0 +
b11011111110 *
#2365000
b1001101 #
b11001101 -
b110001 '
b110001 ,
b11011 &
b11011 +
b1000111110 )
#2366000
b1011111 #
b11011111 -
b10001 '
b10001 ,
b1001101 &
b1001101 +
b11011111111 *
#2367000
b1111 #
0!
b1111 -
b111011 '
b111011 ,
b1010011 &
b1010011 +
b11100000000 *
#2368000
b101010 #
1!
b10101010 -
b100000 '
b100000 ,
b1001 &
b1001 +
b11100000001 *
#2369000
b11010 #
0!
b11010 -
b1010110 '
b1010110 ,
b1000011 &
b1000011 +
b1000111111 )
#2370000
b0 #
1!
b0 -
b101010 '
b101010 ,
b1010101 &
b1010101 +
b11100000010 *
#2371000
b100011 #
0!
b100011 -
b1011100 '
b1011100 ,
b1000110 &
b1000110 +
b11100000011 *
#2372000
b1011 #
b1011 -
b1101010 '
b1101010 ,
b100000 &
b100000 +
b11100000100 *
#2373000
b1111110 #
1!
b11111110 -
b1000 '
b1000 ,
b1110101 &
b1110101 +
b11100000101 *
#2374000
b10101 #
0!
b10101 -
b101111 '
b101111 ,
b1100101 &
b1100101 +
b11100000110 *
#2375000
b1010000 #
1!
b11010000 -
b1000100 '
b1000100 ,
b1011 &
b1011 +
b11100000111 *
#2376000
b1010111 #
b11010111 -
b111010 '
b111010 ,
b11100 &
b11100 +
b11100001000 *
#2377000
b111010 #
0!
b111010 -
b1011111 '
b1011111 ,
b1011010 &
b1011010 +
b11100001001 *
#2378000
b1111001 #
1!
b11111001 -
b1011101 '
b1011101 ,
b11011 &
b11011 +
b11100001010 *
#2379000
b1000101 #
0!
b1000101 -
b1011010 '
b1011010 ,
b1101010 &
b1101010 +
b11100001011 *
#2380000
b1011101 #
1!
b11011101 -
b1001100 '
b1001100 ,
b10000 &
b10000 +
b1001000000 )
#2381000
b1110001 #
0!
b1110001 -
b1111001 '
b1111001 ,
b1110111 &
b1110111 +
b11100001100 *
#2382000
b1101 #
b1101 -
b1101111 '
b1101111 ,
b11101 &
b11101 +
b1001000001 )
#2383000
b111001 #
1!
b10111001 -
b1010 '
b1010 ,
b101110 &
b101110 +
b11100001101 *
#2384000
b1011110 #
0!
b1011110 -
b1100101 '
b1100101 ,
b1111000 &
b1111000 +
b1001000010 )
#2385000
b1001111 #
1!
b11001111 -
b1001001 '
b1001001 ,
b101 &
b101 +
b1001000011 )
#2386000
b1101 #
0!
b1101 -
b111001 '
b111001 ,
b1010011 &
b1010011 +
b11100001110 *
#2387000
b11 #
b11 -
b10111 '
b10111 ,
b1101011 &
b1101011 +
b11100001111 *
#2388000
b1001 #
b1001 -
b1001100 '
b1001100 ,
b111100 &
b111100 +
b11100010000 *
#2389000
b100 #
b100 -
b100101 '
b100101 ,
b1011110 &
b1011110 +
b11100010001 *
#2390000
b100010 #
b100010 -
b110001 '
b110001 ,
b1110000 &
b1110000 +
b11100010010 *
#2391000
b1111000 #
1!
b11111000 -
b11011 '
b11011 ,
b1011100 &
b1011100 +
b11100010011 *
#2392000
b111100 #
b10111100 -
b101111 '
b101111 ,
b1100 &
b1100 +
b11100010100 *
#2393000
b10000 #
b10010000 -
b11 '
b11 ,
b1001000100 )
#2394000
b1011011 #
0!
b1011011 -
b1111011 '
b1111011 ,
b1011111 &
b1011111 +
b1001000101 )
#2395000
b100000 #
b100000 -
b1001100 '
b1001100 ,
b1010011 &
b1010011 +
b1001000110 )
#2396000
b11100 #
1!
b10011100 -
b1101 '
b1101 ,
b1110 &
b1110 +
b11100010101 *
#2397000
b1011100 #
0!
b1011100 -
b1110110 '
b1110110 ,
b1100101 &
b1100101 +
b1001000111 )
#2398000
b1101000 #
b1101000 -
b1101011 '
b1101011 ,
b1111100 &
b1111100 +
b1001001000 )
#2399000
b111001 #
b111001 -
b1001101 &
b1001101 +
b1001001001 )
#2400000
b1111110 #
1!
b11111110 -
b1110 '
b1110 ,
b1101111 &
b1101111 +
b11100010110 *
#2401000
b100101 #
0!
b100101 -
b1011110 '
b1011110 ,
b1000110 &
b1000110 +
b11100010111 *
#2402000
b1110110 '
b1110110 ,
b101110 &
b101110 +
b11100011000 *
#2403000
b111 #
b111 -
b1110101 '
b1110101 ,
b10001 &
b10001 +
b11100011001 *
#2404000
b11000 #
b11000 -
b1010110 '
b1010110 ,
b1000001 &
b1000001 +
b11100011010 *
#2405000
b111000 #
b111000 -
b1010011 '
b1010011 ,
b1100100 &
b1100100 +
b11100011011 *
#2406000
b0 #
1!
b0 -
b101000 '
b101000 ,
b1010111 &
b1010111 +
b11100011100 *
#2407000
b1110111 #
b11110111 -
b1001 '
b1001 ,
b1101101 &
b1101101 +
b11100011101 *
#2408000
b10000 #
0!
b10000 -
b1010110 '
b1010110 ,
b111001 &
b111001 +
b11100011110 *
#2409000
b1111000 #
1!
b11111000 -
b1000110 '
b1000110 ,
b110001 &
b110001 +
b11100011111 *
#2410000
b11111 #
b10011111 -
b1001 '
b1001 ,
b10101 &
b10101 +
b11100100000 *
#2411000
b10100 #
b10010100 -
b101 '
b101 ,
b1110 &
b1110 +
b1001001010 )
#2412000
b1000111 #
b11000111 -
b1001 '
b1001 ,
b111101 &
b111101 +
b1001001011 )
#2413000
b1000000 #
0!
b1000000 -
b1011011 '
b1011011 ,
b1100100 &
b1100100 +
b11100100001 *
#2414000
b1100101 #
b1100101 -
b1111100 '
b1111100 ,
b1101000 &
b1101000 +
b1001001100 )
#2415000
b1001000 #
b1001000 -
b1011100 '
b1011100 ,
b1101011 &
b1101011 +
b1001001101 )
#2416000
b1100 #
b1100 -
b110100 '
b110100 ,
b1010111 &
b1010111 +
b1001001110 )
#2417000
b101 #
b101 -
b1111011 '
b1111011 ,
b1001 &
b1001 +
b11100100010 *
#2418000
b111111 #
1!
b10111111 -
b11001 '
b11001 ,
b100101 &
b100101 +
b11100100011 *
#2419000
b1101101 #
b11101101 -
b100010 '
b100010 ,
b1001010 &
b1001010 +
b1001001111 )
#2420000
b1001 #
0!
b1001 -
b11011 '
b11011 ,
b1101101 &
b1101101 +
b11100100100 *
#2421000
b1010101 #
1!
b11010101 -
b11100 '
b11100 ,
b111000 &
b111000 +
b11100100101 *
#2422000
b1000000 #
0!
b1000000 -
b1111100 '
b1111100 ,
b1000011 &
b1000011 +
b11100100110 *
#2423000
b110001 #
b110001 -
b1010100 '
b1010100 ,
b1011100 &
b1011100 +
b1001010000 )
#2424000
b1110 #
b1110 -
b100110 '
b100110 ,
b1100111 &
b1100111 +
b11100100111 *
#2425000
b100100 #
b100100 -
b1000101 '
b1000101 ,
b1011110 &
b1011110 +
b11100101000 *
#2426000
b10010 #
1!
b10010010 -
b1100 '
b1100 ,
b101 &
b101 +
b11100101001 *
#2427000
b1001001 #
0!
b1001001 -
b1010111 '
b1010111 ,
b1110001 &
b1110001 +
b1001010001 )
#2428000
b100110 #
1!
b10100110 -
b1110 '
b1110 ,
b10111 &
b10111 +
b1001010010 )
#2429000
b1100011 #
b11100011 -
b1001001 '
b1001001 ,
b11001 &
b11001 +
b1001010011 )
#2430000
b110010 #
0!
b110010 -
b111001 '
b111001 ,
b1111000 &
b1111000 +
b11100101010 *
#2431000
b1110011 #
1!
b11110011 -
b101001 '
b101001 ,
b1001001 &
b1001001 +
b11100101011 *
#2432000
b1111111 #
b11111111 -
b1110001 '
b1110001 ,
b1101 &
b1101 +
b11100101100 *
#2433000
b1100111 #
b11100111 -
b110011 '
b110011 ,
b110011 &
b110011 +
b11100101101 *
#2434000
b100 #
0!
b100 -
b111001 '
b111001 ,
b1001010 &
b1001010 +
b11100101110 *
#2435000
b1001000 #
b1001000 -
b1010100 '
b1010100 ,
b1110011 &
b1110011 +
b11100101111 *
#2436000
b11110 #
b11110 -
b1101001 '
b1101001 ,
b110100 &
b110100 +
b1001010100 )
#2437000
b101100 #
b101100 -
b1110110 '
b1110110 ,
b110101 &
b110101 +
b11100110000 *
#2438000
b101001 #
b101001 -
b110011 '
b110011 ,
b1110101 &
b1110101 +
b11100110001 *
#2439000
b1011101 #
1!
b11011101 -
b1111 '
b1111 ,
b1001101 &
b1001101 +
b11100110010 *
#2440000
b1101001 #
b11101001 -
b11001 '
b11001 ,
b1001111 &
b1001111 +
b11100110011 *
#2441000
b1011001 #
b11011001 -
b1001011 '
b1001011 ,
b1101 &
b1101 +
b11100110100 *
#2442000
b110111 #
0!
b110111 -
b1101001 '
b1101001 ,
b1001101 &
b1001101 +
b11100110101 *
#2443000
b111010 #
1!
b10111010 -
b11111 '
b11111 ,
b11010 &
b11010 +
b11100110110 *
#2444000
b1111001 #
b11111001 -
b101110 '
b101110 ,
b1001010 &
b1001010 +
b1001010101 )
#2445000
b11110 #
0!
b11110 -
b1001101 '
b1001101 ,
b1010000 &
b1010000 +
b11100110111 *
#2446000
b101111 #
b101111 -
b1010111 '
b1010111 ,
b1010111 &
b1010111 +
b11100111000 *
#2447000
b11010 #
b11010 -
b1101101 '
b1101101 ,
b101100 &
b101100 +
b11100111001 *
#2448000
b1000011 #
b1000011 -
b1011011 '
b1011011 ,
b1100111 &
b1100111 +
b11100111010 *
#2449000
b1011100 #
1!
b11011100 -
b1001001 '
b1001001 ,
b10010 &
b10010 +
b1001010110 )
#2450000
b1010001 #
b11010001 -
b1001010 '
b1001010 ,
b110 &
b110 +
b11100111011 *
#2451000
b1111011 #
b11111011 -
b1010001 '
b1010001 ,
b101001 &
b101001 +
b11100111100 *
#2452000
b10001 #
0!
b10001 -
b1010000 '
b1010000 ,
b1000000 &
b1000000 +
b11100111101 *
#2453000
b100000 #
b100000 -
b1000111 '
b1000111 ,
b1011000 &
b1011000 +
b11100111110 *
#2454000
b110111 #
b110111 -
b1110001 '
b1110001 ,
b1000101 &
b1000101 +
b11100111111 *
#2455000
b101 #
b101 -
b11010 '
b11010 ,
b1101010 &
b1101010 +
b11101000000 *
#2456000
b1000101 #
1!
b11000101 -
b100011 '
b100011 ,
b100001 &
b100001 +
b11101000001 *
#2457000
b1110000 #
b11110000 -
b1010001 '
b1010001 ,
b11110 &
b11110 +
b11101000010 *
#2458000
b1001000 #
0!
b1001000 -
b1100110 '
b1100110 ,
b1100001 &
b1100001 +
b11101000011 *
#2459000
b110111 #
b110111 -
b1001010 '
b1001010 ,
b1101100 &
b1101100 +
b1001010111 )
#2460000
b1101111 #
1!
b11101111 -
b110011 '
b110011 ,
b111011 &
b111011 +
b11101000100 *
#2461000
b1100010 #
0!
b1100010 -
b1100101 '
b1100101 ,
b1111100 &
b1111100 +
b11101000101 *
#2462000
b1110001 #
1!
b11110001 -
b101001 '
b101001 ,
b1000111 &
b1000111 +
b1001011000 )
#2463000
b1110010 #
b11110010 -
b1111 '
b1111 ,
b1100010 &
b1100010 +
b11101000110 *
#2464000
b110110 #
b10110110 -
b110 '
b110 ,
b101111 &
b101111 +
b11101000111 *
#2465000
b1000 #
0!
b1000 -
b101100 '
b101100 ,
b1011011 &
b1011011 +
b1001011001 )
#2466000
b110111 #
1!
b10110111 -
b11110 '
b11110 ,
b11000 &
b11000 +
b11101001000 *
#2467000
b1000010 #
0!
b1000010 -
b1101101 '
b1101101 ,
b1010100 &
b1010100 +
b1001011010 )
#2468000
b1110 #
b1110 -
b11100 '
b11100 ,
b1110001 &
b1110001 +
b1001011011 )
#2469000
b101011 #
b101011 -
b1100011 '
b1100011 ,
b1000111 &
b1000111 +
b11101001001 *
#2470000
b10110 #
b10110 -
b1110111 '
b1110111 ,
b11110 &
b11110 +
b11101001010 *
#2471000
b111 #
b111 -
b100101 '
b100101 ,
b1100001 &
b1100001 +
b11101001011 *
#2472000
b111011 #
1!
b10111011 -
b111000 '
b111000 ,
b10 &
b10 +
b11101001100 *
#2473000
b1010110 #
0!
b1010110 -
b1111101 '
b1111101 ,
b1011000 &
b1011000 +
b1001011100 )
#2474000
b101101 #
1!
b10101101 -
b100001 '
b100001 ,
b1011 &
b1011 +
b1001011101 )
#2475000
b1100100 #
b11100100 -
b1010100 '
b1010100 ,
b1111 &
b1111 +
b1001011110 )
#2476000
b101111 #
b10101111 -
b101010 '
b101010 ,
b100 &
b100 +
b11101001101 *
#2477000
b101110 #
0!
b101110 -
b1111001 '
b1111001 ,
b110100 &
b110100 +
b1001011111 )
#2478000
b111110 #
1!
b10111110 -
b11111 '
b11111 ,
b11110 &
b11110 +
b11101001110 *
#2479000
b100 #
0!
b100 -
b1000111 '
b1000111 ,
b111100 &
b111100 +
b1001100000 )
#2480000
b101010 #
1!
b10101010 -
b101 '
b101 ,
b100100 &
b100100 +
b11101001111 *
#2481000
b100000 #
0!
b100000 -
b1111010 '
b1111010 ,
b100101 &
b100101 +
b1001100001 )
#2482000
b1111101 #
1!
b11111101 -
b1100101 '
b1100101 ,
b10111 &
b10111 +
b11101010000 *
#2483000
b101011 #
b10101011 -
b1010 '
b1010 ,
b100000 &
b100000 +
b11101010001 *
#2484000
b110010 #
0!
b110010 -
b1010101 '
b1010101 ,
b1011100 &
b1011100 +
b1001100010 )
#2485000
b1010111 #
1!
b11010111 -
b1011 '
b1011 ,
b1001011 &
b1001011 +
b11101010010 *
#2486000
b101010 #
b10101010 -
b100101 '
b100101 ,
b100 &
b100 +
b11101010011 *
#2487000
b10111 #
0!
b10111 -
b101101 '
b101101 ,
b1101001 &
b1101001 +
b1001100011 )
#2488000
b1011001 #
1!
b11011001 -
b1001010 '
b1001010 ,
b1110 &
b1110 +
b11101010100 *
#2489000
b1100 #
0!
b1100 -
b100100 '
b100100 ,
b1100111 &
b1100111 +
b11101010101 *
#2490000
b1001 #
b1001 -
b11011 '
b11011 ,
b1101101 &
b1101101 +
b11101010110 *
#2491000
b111000 #
b111000 -
b1000011 '
b1000011 ,
b1110100 &
b1110100 +
b11101010111 *
#2492000
b1010101 #
b1010101 -
b1011100 '
b1011100 ,
b1111000 &
b1111000 +
b11101011000 *
#2493000
b11011 #
b11011 -
b1100100 '
b1100100 ,
b110110 &
b110110 +
b1001100100 )
#2494000
b10110 #
b10110 -
b1001000 '
b1001000 ,
b1001101 &
b1001101 +
b11101011001 *
#2495000
b101011 #
1!
b10101011 -
b10110 '
b10110 ,
b10100 &
b10100 +
b11101011010 *
#2496000
b1101001 #
0!
b1101001 -
b1101001 '
b1101001 ,
b1111111 &
b1111111 +
b1001100101 )
#2497000
b1110000 #
b1110000 -
b1111111 '
b1111111 ,
b1110000 &
b1110000 +
b1001100110 )
#2498000
b11010 #
b11010 -
b101101 '
b101101 ,
b1101100 &
b1101100 +
b1001100111 )
#2499000
b10101 #
b10101 -
b10110 '
b10110 ,
b1111110 &
b1111110 +
b11101011011 *
#2500000
b10011 #
b10011 -
b1000100 '
b1000100 ,
b1001110 &
b1001110 +
b11101011100 *
#2501000
b1000110 #
b1000110 -
b1101110 '
b1101110 ,
b1010111 &
b1010111 +
b11101011101 *
#2502000
b1001 #
b1001 -
b1111001 '
b1111001 ,
b1111 &
b1111 +
b1001101000 )
#2503000
b111011 #
b111011 -
b1111101 '
b1111101 ,
b111101 &
b111101 +
b11101011110 *
#2504000
b11110 #
b11110 -
b1000111 '
b1000111 ,
b1010110 &
b1010110 +
b11101011111 *
#2505000
b100111 #
b100111 -
b1001010 '
b1001010 ,
b1011100 &
b1011100 +
b11101100000 *
#2506000
b101101 #
b101101 -
b110001 '
b110001 ,
b1111011 &
b1111011 +
b11101100001 *
#2507000
b1111111 #
1!
b11111111 -
b110000 '
b110000 ,
b1001110 &
b1001110 +
b11101100010 *
#2508000
b1101101 #
b11101101 -
b1001111 '
b1001111 ,
b11101 &
b11101 +
b11101100011 *
#2509000
b1010000 #
0!
b1010000 -
b1101010 '
b1101010 ,
b1100101 &
b1100101 +
b11101100100 *
#2510000
b100111 #
b100111 -
b1010010 '
b1010010 ,
b1010100 &
b1010100 +
b1001101001 )
#2511000
b11011 #
b11011 -
b1010001 '
b1010001 ,
b1001001 &
b1001001 +
b11101100101 *
#2512000
b101010 #
b101010 -
b111111 '
b111111 ,
b1101010 &
b1101010 +
b11101100110 *
#2513000
b1011000 #
1!
b11011000 -
b110101 '
b110101 ,
b100010 &
b100010 +
b11101100111 *
#2514000
b111111 #
0!
b111111 -
b1100100 '
b1100100 ,
b1011010 &
b1011010 +
b11101101000 *
#2515000
b111000 #
1!
b10111000 -
b10000 '
b10000 ,
b100111 &
b100111 +
b11101101001 *
#2516000
b111001 #
0!
b111001 -
b1110000 '
b1110000 ,
b1001000 &
b1001000 +
b1001101010 )
#2517000
b101011 #
1!
b10101011 -
b101001 '
b101001 ,
b1 &
b1 +
b11101101010 *
#2518000
b1111101 #
b11111101 -
b1110 '
b1110 ,
b1101110 &
b1101110 +
b1001101011 )
#2519000
b1001110 #
b11001110 -
b101111 '
b101111 ,
b11110 &
b11110 +
b11101101011 *
#2520000
b1111111 #
b11111111 -
b11101 '
b11101 ,
b1100001 &
b1100001 +
b11101101100 *
#2521000
b1010000 #
b11010000 -
b11110 '
b11110 ,
b110001 &
b110001 +
b11101101101 *
#2522000
b100000 #
b10100000 -
b1 &
b1 +
b11101101110 *
#2523000
b1011000 #
b11011000 -
b111110 '
b111110 ,
b11001 &
b11001 +
b1001101100 )
#2524000
b1111000 #
b11111000 -
b1001000 '
b1001000 ,
b101111 &
b101111 +
b11101101111 *
#2525000
b1110 #
0!
b1110 -
b1000001 '
b1000001 ,
b1001100 &
b1001100 +
b11101110000 *
#2526000
b1010101 #
1!
b11010101 -
b101 '
b101 ,
b1001111 &
b1001111 +
b11101110001 *
#2527000
b10111 '
b10111 ,
b111101 &
b111101 +
b11101110010 *
#2528000
b11111 #
b10011111 -
b10101 '
b10101 ,
b1001 &
b1001 +
b11101110011 *
#2529000
b1001011 #
b11001011 -
b1000100 '
b1000100 ,
b110 &
b110 +
b1001101101 )
#2530000
b1001001 #
0!
b1001001 -
b1010010 '
b1010010 ,
b1110110 &
b1110110 +
b11101110100 *
#2531000
b11101 #
1!
b10011101 -
b100 '
b100 ,
b11000 &
b11000 +
b1001101110 )
#2532000
b100000 #
b10100000 -
b11100 '
b11100 ,
b11 &
b11 +
b1001101111 )
#2533000
b1001111 #
b11001111 -
b1001001 '
b1001001 ,
b101 &
b101 +
b1001110000 )
#2534000
b101 #
0!
b101 -
b11111 '
b11111 ,
b1100101 &
b1100101 +
b11101110101 *
#2535000
b1111110 #
1!
b11111110 -
b101000 '
b101000 ,
b1010101 &
b1010101 +
b11101110110 *
#2536000
b1100111 #
b11100111 -
b111001 '
b111001 ,
b101101 &
b101101 +
b11101110111 *
#2537000
b1000110 #
b11000110 -
b1 '
b1 ,
b1000100 &
b1000100 +
b11101111000 *
#2538000
b100000 #
0!
b100000 -
b1111100 '
b1111100 ,
b100011 &
b100011 +
b11101111001 *
#2539000
b111000 #
1!
b10111000 -
b100001 '
b100001 ,
b10110 &
b10110 +
b11101111010 *
#2540000
b1101110 #
b11101110 -
b1001011 '
b1001011 ,
b100010 &
b100010 +
b1001110001 )
#2541000
b100110 #
b10100110 -
b1011 '
b1011 ,
b11010 &
b11010 +
b11101111011 *
#2542000
b111100 #
0!
b111100 -
b1001101 '
b1001101 ,
b1101110 &
b1101110 +
b1001110010 )
#2543000
b110100 #
b110100 -
b1010110 '
b1010110 ,
b1011101 &
b1011101 +
b11101111100 *
#2544000
b1101000 #
b1101000 -
b1110100 '
b1110100 ,
b1110011 &
b1110011 +
b11101111101 *
#2545000
b1010000 #
1!
b11010000 -
b10 '
b10 ,
b1001101 &
b1001101 +
b1001110011 )
#2546000
b1010010 #
b11010010 -
b100001 '
b100001 ,
b110000 &
b110000 +
b11101111110 *
#2547000
b100001 #
b10100001 -
b1010 '
b1010 ,
b10110 &
b10110 +
b11101111111 *
#2548000
b110111 #
0!
b110111 -
b1001010 '
b1001010 ,
b1101100 &
b1101100 +
b1001110100 )
#2549000
b1100 #
b1100 -
b1000101 '
b1000101 ,
b1000110 &
b1000110 +
b11110000000 *
#2550000
b1010100 #
1!
b11010100 -
b11 '
b11 ,
b1010000 &
b1010000 +
b11110000001 *
#2551000
b1001111 #
b11001111 -
b100000 '
b100000 ,
b101110 &
b101110 +
b11110000010 *
#2552000
b110001 #
b10110001 -
b10 '
b10 ,
b11110000011 *
#2553000
b1011001 #
0!
b1011001 -
b1111111 '
b1111111 ,
b1011001 &
b1011001 +
b1001110101 )
#2554000
b11011 #
b11011 -
b1000001 '
b1000001 ,
b1001110110 )
#2555000
b1100101 #
1!
b11100101 -
b11001 '
b11001 ,
b1001011 &
b1001011 +
b11110000100 *
#2556000
b111000 #
b10111000 -
b11000 '
b11000 ,
b11111 &
b11111 +
b11110000101 *
#2557000
b1111111 #
b11111111 -
b1011001 '
b1011001 ,
b100101 &
b100101 +
b1001110111 )
#2558000
b100100 #
0!
b100100 -
b101110 '
b101110 ,
b1110101 &
b1110101 +
b11110000110 *
#2559000
b1100100 #
1!
b11100100 -
b1001010 '
b1001010 ,
b11001 &
b11001 +
b11110000111 *
#2560000
b11111 #
0!
b11111 -
b1100110 '
b1100110 ,
b111000 &
b111000 +
b11110001000 *
#2561000
b10 #
b10 -
b1110010 '
b1110010 ,
b1111 &
b1111 +
b11110001001 *
#2562000
b11111 #
b11111 -
b1010110 '
b1010110 ,
b1001000 &
b1001000 +
b11110001010 *
#2563000
b1110110 #
1!
b11110110 -
b1001010 '
b1001010 ,
b101011 &
b101011 +
b11110001011 *
#2564000
b1100011 #
b11100011 -
b111010 '
b111010 ,
b101000 &
b101000 +
b11110001100 *
#2565000
b1010110 #
b11010110 -
b111 '
b111 ,
b1001110 &
b1001110 +
b11110001101 *
#2566000
b1001110 #
b11001110 -
b101111 '
b101111 ,
b11110 &
b11110 +
b11110001110 *
#2567000
b10110 #
0!
b10110 -
b10111 '
b10111 ,
b1111110 &
b1111110 +
b11110001111 *
#2568000
b101111 #
b101111 -
b1100010 '
b1100010 ,
b1001100 &
b1001100 +
b11110010000 *
#2569000
b1101101 #
1!
b11101101 -
b1010010 '
b1010010 ,
b11010 &
b11010 +
b11110010001 *
#2570000
b110011 #
0!
b110011 -
b1000011 '
b1000011 ,
b1101111 &
b1101111 +
b11110010010 *
#2571000
b1111100 #
1!
b11111100 -
b1110100 '
b1110100 ,
b111 &
b111 +
b11110010011 *
#2572000
b110011 #
b10110011 -
b101110 '
b101110 ,
b100 &
b100 +
b11110010100 *
#2573000
b10001 #
0!
b10001 -
b100111 '
b100111 ,
b1101001 &
b1101001 +
b1001111000 )
#2574000
b1111 #
b1111 -
b1001110 '
b1001110 ,
b1000000 &
b1000000 +
b11110010101 *
#2575000
b1100110 #
b1100110 -
b1111110 '
b1111110 ,
b1100111 &
b1100111 +
b11110010110 *
#2576000
b1001101 #
b1001101 -
b1110000 '
b1110000 ,
b1011100 &
b1011100 +
b1001111001 )
#2577000
b1111 #
b1111 -
b1000110 '
b1000110 ,
b1001000 &
b1001000 +
b1001111010 )
#2578000
b110000 #
b110000 -
b1010101 '
b1010101 ,
b1011010 &
b1011010 +
b11110010111 *
#2579000
b100011 #
b100011 -
b1111011 '
b1111011 ,
b100111 &
b100111 +
b11110011000 *
#2580000
b1111011 #
1!
b11111011 -
b1101010 '
b1101010 ,
b10000 &
b10000 +
b11110011001 *
#2581000
b101110 #
0!
b101110 -
b1100010 '
b1100010 ,
b1001011 &
b1001011 +
b11110011010 *
#2582000
b10000 #
b10000 -
b111000 '
b111000 ,
b1010111 &
b1010111 +
b11110011011 *
#2583000
b1111111 #
1!
b11111111 -
b1100001 '
b1100001 ,
b11101 &
b11101 +
b11110011100 *
#2584000
b100100 #
0!
b100100 -
b111100 '
b111100 ,
b1100111 &
b1100111 +
b11110011101 *
#2585000
b1111100 #
1!
b11111100 -
b1100011 '
b1100011 ,
b11000 &
b11000 +
b11110011110 *
#2586000
b1000010 #
b11000010 -
b110101 '
b110101 ,
b1100 &
b1100 +
b11110011111 *
#2587000
b1101100 #
b11101100 -
b1111 '
b1111 ,
b1011100 &
b1011100 +
b11110100000 *
#2588000
b110010 #
0!
b110010 -
b1001011 '
b1001011 ,
b1100110 &
b1100110 +
b11110100001 *
#2589000
b1101101 #
1!
b11101101 -
b1100100 '
b1100100 ,
b1000 &
b1000 +
b11110100010 *
#2590000
b110011 #
0!
b110011 -
b1110000 '
b1110000 ,
b1000010 &
b1000010 +
b11110100011 *
#2591000
b1101 #
b1101 -
b1001001 '
b1001001 ,
b1000011 &
b1000011 +
b11110100100 *
#2592000
b1110001 #
1!
b11110001 -
b11000 '
b11000 ,
b1011000 &
b1011000 +
b11110100101 *
#2593000
b111100 #
0!
b111100 -
b1011111 '
b1011111 ,
b1011100 &
b1011100 +
b11110100110 *
#2594000
b110111 #
b110111 -
b1100010 '
b1100010 ,
b1010100 &
b1010100 +
b11110100111 *
#2595000
b1111111 #
1!
b11111111 -
b1011111 '
b1011111 ,
b11111 &
b11111 +
b11110101000 *
#2596000
b1001011 #
b11001011 -
b10110 '
b10110 ,
b110100 &
b110100 +
b11110101001 *
#2597000
b101100 #
b10101100 -
b11010 '
b11010 ,
b10001 &
b10001 +
b11110101010 *
#2598000
b1100110 #
b11100110 -
b1001110 '
b1001110 ,
b10111 &
b10111 +
b1001111011 )
#2599000
b1000 #
0!
b1000 -
b11011 '
b11011 ,
b1101100 &
b1101100 +
b11110101011 *
#2600000
b1001100 #
b1001100 -
b1110110 '
b1110110 ,
b1010101 &
b1010101 +
b11110101100 *
#2601000
b10100 #
b10100 -
b1001010 '
b1001010 ,
b1001001 &
b1001001 +
b1001111100 )
#2602000
b1010010 #
1!
b11010010 -
b101001 '
b101001 ,
b101000 &
b101000 +
b11110101101 *
#2603000
b1111010 #
b11111010 -
b1010101 '
b1010101 ,
b100100 &
b100100 +
b11110101110 *
#2604000
b1111011 #
b11111011 -
b1101001 '
b1101001 ,
b10001 &
b10001 +
b11110101111 *
#2605000
b110011 #
0!
b110011 -
b1001001 &
b1001001 +
b11110110000 *
#2606000
b1110110 #
1!
b11110110 -
b1110100 '
b1110100 ,
b1 &
b1 +
b11110110001 *
#2607000
b11 #
0!
b11 -
b1010001 '
b1010001 ,
b110001 &
b110001 +
b11110110010 *
#2608000
b1111111 #
1!
b11111111 -
b1100000 '
b1100000 ,
b11110 &
b11110 +
b11110110011 *
#2609000
b1011110 #
b11011110 -
b1001001 '
b1001001 ,
b10100 &
b10100 +
b11110110100 *
#2610000
b10111 #
0!
b10111 -
b11100 '
b11100 ,
b1111010 &
b1111010 +
b11110110101 *
#2611000
b111011 #
b111011 -
b1001001 '
b1001001 ,
b1110001 &
b1110001 +
b11110110110 *
#2612000
b10011 #
b10011 -
b111000 '
b111000 ,
b1011010 &
b1011010 +
b11110110111 *
#2613000
b1111111 #
1!
b11111111 -
b1100010 '
b1100010 ,
b11100 &
b11100 +
b11110111000 *
#2614000
b1010101 #
b11010101 -
b1000011 '
b1000011 ,
b10001 &
b10001 +
b11110111001 *
#2615000
b11 #
0!
b11 -
b110011 '
b110011 ,
b1001111 &
b1001111 +
b11110111010 *
#2616000
b1010001 #
b1010001 -
b1101111 '
b1101111 ,
b1100001 &
b1100001 +
b11110111011 *
#2617000
b1010101 #
1!
b11010101 -
b1001011 '
b1001011 ,
b1001 &
b1001 +
b1001111101 )
#2618000
b100001 #
b10100001 -
b1100 '
b1100 ,
b10100 &
b10100 +
b11110111100 *
#2619000
b111011 #
0!
b111011 -
b111110 '
b111110 ,
b1111100 &
b1111100 +
b1001111110 )
#2620000
b1001000 #
1!
b11001000 -
b1000010 '
b1000010 ,
b101 &
b101 +
b11110111101 *
#2621000
b11001 #
0!
b11001 -
b1111110 '
b1111110 ,
b11010 &
b11010 +
b11110111110 *
#2622000
b1110110 #
1!
b11110110 -
b1011001 '
b1011001 ,
b11100 &
b11100 +
b11110111111 *
#2623000
b1000101 #
b11000101 -
b1011 '
b1011 ,
b111001 &
b111001 +
b11111000000 *
#2624000
b1011100 #
b11011100 -
b1000111 '
b1000111 ,
b10100 &
b10100 +
b11111000001 *
#2625000
b1100011 #
b11100011 -
b1000010 '
b1000010 ,
b100000 &
b100000 +
b11111000010 *
#2626000
b1101011 #
b11101011 -
b1 '
b1 ,
b1101001 &
b1101001 +
b11111000011 *
#2627000
b1010101 #
b11010101 -
b10111 '
b10111 ,
b111101 &
b111101 +
b11111000100 *
#2628000
b111 #
0!
b111 -
b1000 '
b1000 ,
b1111110 &
b1111110 +
b11111000101 *
#2629000
b1100101 #
1!
b11100101 -
b1010111 '
b1010111 ,
b1101 &
b1101 +
b11111000110 *
#2630000
b10011 #
b10010011 -
b100 '
b100 ,
b1110 &
b1110 +
b11111000111 *
#2631000
b11000 #
0!
b11000 -
b1100100 '
b1100100 ,
b110011 &
b110011 +
b1001111111 )
#2632000
b1010111 #
1!
b11010111 -
b1001 '
b1001 ,
b1001101 &
b1001101 +
b11111001000 *
#2633000
b1110101 #
b11110101 -
b1011010 '
b1011010 ,
b11010 &
b11010 +
b11111001001 *
#2634000
b100101 #
0!
b100101 -
b101110 '
b101110 ,
b1110110 &
b1110110 +
b11111001010 *
#2635000
b11100 #
b11100 -
b1010001 '
b1010001 ,
b1001010 &
b1001010 +
b11111001011 *
#2636000
b1000110 #
b1000110 -
b1001011 '
b1001011 ,
b1111010 &
b1111010 +
b11111001100 *
#2637000
b1101011 #
1!
b11101011 -
b1011011 '
b1011011 ,
b1111 &
b1111 +
b1010000000 )
#2638000
b11 #
0!
b11 -
b111100 '
b111100 ,
b1000110 &
b1000110 +
b11111001101 *
#2639000
b100011 #
b100011 -
b111001 '
b111001 ,
b1101001 &
b1101001 +
b11111001110 *
#2640000
b1100110 #
1!
b11100110 -
b1001110 '
b1001110 ,
b10111 &
b10111 +
b11111001111 *
#2641000
b1001000 #
b11001000 -
b110010 '
b110010 ,
b10101 &
b10101 +
b11111010000 *
#2642000
b1 #
0!
b1 -
b1101110 '
b1101110 ,
b10010 &
b10010 +
b11111010001 *
#2643000
b100110 #
b100110 -
b111000 '
b111000 ,
b1101101 &
b1101101 +
b11111010010 *
#2644000
b1010000 #
b1010000 -
b1111101 '
b1111101 ,
b1010010 &
b1010010 +
b11111010011 *
#2645000
b110010 #
1!
b10110010 -
b1000 '
b1000 ,
b101001 &
b101001 +
b1010000001 )
#2646000
b1001 #
0!
b1001 -
b11100 '
b11100 ,
b1101100 &
b1101100 +
b1010000010 )
#2647000
b1000001 #
1!
b11000001 -
b110111 '
b110111 ,
b1001 &
b1001 +
b11111010100 *
#2648000
b1110000 #
b11110000 -
b100000 '
b100000 ,
b1001111 &
b1001111 +
b11111010101 *
#2649000
b111101 #
b10111101 -
b10110 '
b10110 ,
b100110 &
b100110 +
b11111010110 *
#2650000
b100 #
0!
b100 -
b111001 '
b111001 ,
b1001010 &
b1001010 +
b1010000011 )
#2651000
b1011110 #
1!
b11011110 -
b100011 '
b100011 ,
b111010 &
b111010 +
b11111010111 *
#2652000
b10111 #
0!
b10111 -
b111011 '
b111011 ,
b1011011 &
b1011011 +
b11111011000 *
#2653000
b111 #
b111 -
b100011 '
b100011 ,
b1100011 &
b1100011 +
b11111011001 *
#2654000
b100001 #
b100001 -
b1010111 '
b1010111 ,
b1001001 &
b1001001 +
b11111011010 *
#2655000
b1000010 #
b1000010 -
b1101011 '
b1101011 ,
b1010110 &
b1010110 +
b11111011011 *
#2656000
b1101000 #
b1101000 -
b1101111 '
b1101111 ,
b1111000 &
b1111000 +
b1010000100 )
#2657000
b100001 #
b100001 -
b110010 '
b110010 ,
b1101110 &
b1101110 +
b1010000101 )
#2658000
b1011001 #
1!
b11011001 -
b11101 '
b11101 ,
b111011 &
b111011 +
b11111011100 *
#2659000
b1010110 #
b11010110 -
b101000 '
b101000 ,
b101101 &
b101101 +
b11111011101 *
#2660000
b1000 #
0!
b1000 -
b1001001 '
b1001001 ,
b111110 &
b111110 +
b11111011110 *
#2661000
b1001111 #
b1001111 -
b1101111 '
b1101111 ,
b1011111 &
b1011111 +
b11111011111 *
#2662000
b1010101 #
1!
b11010101 -
b110101 '
b110101 ,
b11111 &
b11111 +
b1010000110 )
#2663000
b1001100 #
b11001100 -
b11 '
b11 ,
b1001000 &
b1001000 +
b11111100000 *
#2664000
b100101 #
b10100101 -
b1111 '
b1111 ,
b10101 &
b10101 +
b11111100001 *
#2665000
b1001 #
0!
b1001 -
b1001111 '
b1001111 ,
b111001 &
b111001 +
b1010000111 )
#2666000
b11011 #
b11011 -
b110110 '
b110110 ,
b1100100 &
b1100100 +
b11111100010 *
#2667000
b10011 #
b10011 -
b1010110 '
b1010110 ,
b111100 &
b111100 +
b11111100011 *
#2668000
b1010010 #
1!
b11010010 -
b100 '
b100 ,
b1001101 &
b1001101 +
b11111100100 *
#2669000
b1011100 #
0!
b1011100 -
b1101000 '
b1101000 ,
b1110011 &
b1110011 +
b11111100101 *
#2670000
b1001 #
1!
b10001001 -
b100 '
b100 ,
b100 &
b100 +
b1010001000 )
#2671000
b11011 #
0!
b11011 -
b1111111 '
b1111111 ,
b11011 &
b11011 +
b1010001001 )
#2672000
b101001 #
1!
b10101001 -
b100111 '
b100111 ,
b1 &
b1 +
b11111100110 *
#2673000
b10110 #
b10010110 -
b1000 '
b1000 ,
b1101 &
b1101 +
b1010001010 )
#2674000
b101001 #
b10101001 -
b100110 '
b100110 ,
b10 &
b10 +
b1010001011 )
#2675000
b1100010 #
0!
b1100010 -
b1101110 '
b1101110 ,
b1110011 &
b1110011 +
b1010001100 )
#2676000
b111111 #
b111111 -
b1011111 '
b1011111 ,
b1011111 &
b1011111 +
b1010001101 )
#2677000
b111000 #
b111000 -
b1110111 '
b1110111 ,
b1000000 &
b1000000 +
b11111100111 *
#2678000
b1001010 #
1!
b11001010 -
b10110 '
b10110 ,
b110011 &
b110011 +
b11111101000 *
#2679000
b1011100 #
0!
b1011100 -
b1101101 '
b1101101 ,
b1101110 &
b1101110 +
b11111101001 *
#2680000
b1110100 #
1!
b11110100 -
b110000 '
b110000 ,
b1000011 &
b1000011 +
b1010001110 )
#2681000
b1001100 #
b11001100 -
b10 '
b10 ,
b1001001 &
b1001001 +
b11111101010 *
#2682000
b1110110 #
b11110110 -
b1100 '
b1100 ,
b1101001 &
b1101001 +
b11111101011 *
#2683000
b100100 #
b10100100 -
b11011 '
b11011 ,
b1000 &
b1000 +
b11111101100 *
#2684000
b0 #
b0 -
b1011000 '
b1011000 ,
b100111 &
b100111 +
b1010001111 )
#2685000
b1110100 #
b11110100 -
b101100 '
b101100 ,
b1000111 &
b1000111 +
b11111101101 *
#2686000
b100110 #
0!
b100110 -
b111000 '
b111000 ,
b1101101 &
b1101101 +
b11111101110 *
#2687000
b1111010 #
1!
b11111010 -
b100001 '
b100001 ,
b1011000 &
b1011000 +
b11111101111 *
#2688000
b1011100 #
0!
b1011100 -
b1101100 '
b1101100 ,
b1101111 &
b1101111 +
b11111110000 *
#2689000
b1100000 #
1!
b11100000 -
b100110 '
b100110 ,
b111001 &
b111001 +
b1010010000 )
#2690000
b1011010 #
0!
b1011010 -
b1111111 '
b1111111 ,
b1011010 &
b1011010 +
b11111110001 *
#2691000
b11101 #
b11101 -
b100101 '
b100101 ,
b1110111 &
b1110111 +
b1010010001 )
#2692000
b1111100 #
1!
b11111100 -
b1110000 '
b1110000 ,
b1011 &
b1011 +
b11111110010 *
#2693000
b1111101 #
b11111101 -
b1110110 '
b1110110 ,
b110 &
b110 +
b11111110011 *
#2694000
b1110001 #
b11110001 -
b100111 '
b100111 ,
b1001001 &
b1001001 +
b11111110100 *
#2695000
b1101001 #
0!
b1101001 -
b1101001 '
b1101001 ,
b1111111 &
b1111111 +
b11111110101 *
#2696000
b1010000 #
b1010000 -
b1011100 '
b1011100 ,
b1110011 &
b1110011 +
b1010010010 )
#2697000
b1001 #
b1001 -
b1011001 '
b1011001 ,
b101111 &
b101111 +
b1010010011 )
#2698000
b1011100 #
1!
b11011100 -
b1 '
b1 ,
b1011010 &
b1011010 +
b11111110110 *
#2699000
b1001011 #
b11001011 -
b110000 '
b110000 ,
b11010 &
b11010 +
b11111110111 *
#2700000
b100000 #
0!
b100000 -
b100101 '
b100101 ,
b1111010 &
b1111010 +
b11111111000 *
#2701000
b1101000 #
1!
b11101000 -
b1011100 '
b1011100 ,
b1011 &
b1011 +
b11111111001 *
#2702000
b11010 #
b10011010 -
b1001 '
b1001 ,
b10000 &
b10000 +
b11111111010 *
#2703000
b1111111 #
b11111111 -
b1001011 '
b1001011 ,
b110011 &
b110011 +
b1010010100 )
#2704000
b101111 #
0!
b101111 -
b110111 '
b110111 ,
b1110111 &
b1110111 +
b11111111011 *
#2705000
b1001111 #
1!
b11001111 -
b110000 '
b110000 ,
b11110 &
b11110 +
b11111111100 *
#2706000
b1010 #
0!
b1010 -
b1111101 '
b1111101 ,
b1100 &
b1100 +
b11111111101 *
#2707000
b101100 #
b101100 -
b1110000 '
b1110000 ,
b111011 &
b111011 +
b11111111110 *
#2708000
b110010 #
b110010 -
b1101000 '
b1101000 ,
b1001001 &
b1001001 +
b11111111111 *
#2709000
b1000011 #
1!
b11000011 -
b110011 '
b110011 ,
b1111 &
b1111 +
b100000000000 *
#2710000
b1 #
0!
b1 -
b1101010 '
b1101010 ,
b10110 &
b10110 +
b100000000001 *
#2711000
b111101 #
1!
b10111101 -
b111000 '
b111000 ,
b100 &
b100 +
b100000000010 *
#2712000
b11001 #
0!
b11001 -
b1100110 '
b1100110 ,
b110010 &
b110010 +
b1010010101 )
#2713000
b1011100 #
1!
b11011100 -
b101110 '
b101110 ,
b101101 &
b101101 +
b100000000011 *
#2714000
b1000010 #
b11000010 -
b111000 '
b111000 ,
b1001 &
b1001 +
b100000000100 *
#2715000
b11000 #
0!
b11000 -
b1100010 '
b1100010 ,
b110101 &
b110101 +
b100000000101 *
#2716000
b100001 #
1!
b10100001 -
b10111 '
b10111 ,
b1001 &
b1001 +
b100000000110 *
#2717000
b1100101 #
b11100101 -
b1010101 '
b1010101 ,
b1111 &
b1111 +
b1010010110 )
#2718000
b111010 #
b10111010 -
b101010 '
b101010 ,
b100000000111 *
#2719000
b100000 #
0!
b100000 -
b1000101 '
b1000101 ,
b1011010 &
b1011010 +
b1010010111 )
#2720000
b111111 #
b111111 -
b1111010 '
b1111010 ,
b1000100 &
b1000100 +
b100000001000 *
#2721000
b1001000 #
b1001000 -
b1110110 '
b1110110 ,
b1010001 &
b1010001 +
b100000001001 *
#2722000
b1001 #
b1001 -
b1010001 '
b1010001 ,
b110111 &
b110111 +
b1010011000 )
#2723000
b1000 #
1!
b10001000 -
b11 '
b11 ,
b100 &
b100 +
b100000001010 *
#2724000
b1010001 #
0!
b1010001 -
b1110100 '
b1110100 ,
b1011100 &
b1011100 +
b1010011001 )
#2725000
b1000001 #
b1000001 -
b1011111 '
b1011111 ,
b1100001 &
b1100001 +
b1010011010 )
#2726000
b1101001 #
1!
b11101001 -
b0 '
b0 ,
b1101000 &
b1101000 +
b1010011011 )
#2727000
b1110110 #
b11110110 -
b1101000 '
b1101000 ,
b1101 &
b1101 +
b100000001011 *
#2728000
b101100 #
b10101100 -
b100011 '
b100011 ,
b1000 &
b1000 +
b100000001100 *
#2729000
b1110000 #
b11110000 -
b111 '
b111 ,
b1101000 &
b1101000 +
b1010011100 )
#2730000
b1010101 #
b11010101 -
b110010 '
b110010 ,
b100010 &
b100010 +
b100000001101 *
#2731000
b1101111 #
b11101111 -
b1011 '
b1011 ,
b1100011 &
b1100011 +
b100000001110 *
#2732000
b1101100 #
b11101100 -
b11011 '
b11011 ,
b1010000 &
b1010000 +
b100000001111 *
#2733000
b101110 #
0!
b101110 -
b1100001 '
b1100001 ,
b1001100 &
b1001100 +
b100000010000 *
#2734000
b1101 #
b1101 -
b1101011 '
b1101011 ,
b100001 &
b100001 +
b100000010001 *
#2735000
b100101 #
b100101 -
b100110 '
b100110 ,
b1111110 &
b1111110 +
b100000010010 *
#2736000
b11111 #
b11111 -
b101001 '
b101001 ,
b1110101 &
b1110101 +
b100000010011 *
#2737000
b1000000 #
b1000000 -
b1110100 '
b1110100 ,
b1001011 &
b1001011 +
b100000010100 *
#2738000
b1011111 #
1!
b11011111 -
b1101 '
b1101 ,
b1010001 &
b1010001 +
b1010011101 )
#2739000
b1 #
0!
b1 -
b100001 '
b100001 ,
b1011111 &
b1011111 +
b100000010101 *
#2740000
b110111 #
b110111 -
b1111110 '
b1111110 ,
b111000 &
b111000 +
b100000010110 *
#2741000
b1000011 #
1!
b11000011 -
b11101 '
b11101 ,
b100101 &
b100101 +
b100000010111 *
#2742000
b1001101 #
b11001101 -
b101011 '
b101011 ,
b100001 &
b100001 +
b100000011000 *
#2743000
b110 #
0!
b110 -
b1010110 '
b1010110 ,
b101111 &
b101111 +
b100000011001 *
#2744000
b1010100 #
b1010100 -
b1100100 '
b1100100 ,
b1101111 &
b1101111 +
b100000011010 *
#2745000
b110 #
b110 -
b11001 '
b11001 ,
b1101100 &
b1101100 +
b1010011110 )
#2746000
b1110100 #
1!
b11110100 -
b1001111 '
b1001111 ,
b100100 &
b100100 +
b100000011011 *
#2747000
b1000 #
0!
b1000 -
b10101 '
b10101 ,
b1110010 &
b1110010 +
b100000011100 *
#2748000
b1011011 #
1!
b11011011 -
b1011010 '
b1011010 ,
b0 &
b0 +
b100000011101 *
#2749000
b11010 #
0!
b11010 -
b111001 '
b111001 ,
b1100000 &
b1100000 +
b100000011110 *
#2750000
b1001111 #
1!
b11001111 -
b111011 '
b111011 ,
b10011 &
b10011 +
b100000011111 *
#2751000
b101011 #
0!
b101011 -
b1010010 '
b1010010 ,
b1011000 &
b1011000 +
b100000100000 *
#2752000
b1010111 #
1!
b11010111 -
b110100 '
b110100 ,
b100010 &
b100010 +
b100000100001 *
#2753000
b1000010 #
0!
b1000010 -
b1010110 '
b1010110 ,
b1101011 &
b1101011 +
b100000100010 *
#2754000
b1000100 #
1!
b11000100 -
b11110 '
b11110 ,
b100101 &
b100101 +
b1010011111 )
#2755000
b110110 #
b10110110 -
b11000 '
b11000 ,
b11101 &
b11101 +
b100000100011 *
#2756000
b111000 #
b10111000 -
b101110 '
b101110 ,
b1001 &
b1001 +
b1010100000 )
#2757000
b101010 #
0!
b101010 -
b1111100 '
b1111100 ,
b101101 &
b101101 +
b1010100001 )
#2758000
b10 #
b10 -
b1000111 '
b1000111 ,
b111010 &
b111010 +
b100000100100 *
#2759000
b110101 #
1!
b10110101 -
b101111 '
b101111 ,
b101 &
b101 +
b100000100101 *
#2760000
b1010011 #
0!
b1010011 -
b1111001 '
b1111001 ,
b1011001 &
b1011001 +
b1010100010 )
#2761000
b1110100 #
1!
b11110100 -
b1000111 '
b1000111 ,
b101100 &
b101100 +
b1010100011 )
#2762000
b110001 #
0!
b110001 -
b1001011 '
b1001011 ,
b1100101 &
b1100101 +
b100000100110 *
#2763000
b1101111 #
b1101111 -
b1110110 '
b1110110 ,
b1111000 &
b1111000 +
b100000100111 *
#2764000
b111001 #
b111001 -
b111001 '
b111001 ,
b1111111 &
b1111111 +
b1010100100 )
#2765000
b10001 #
1!
b10010001 -
b10 '
b10 ,
b1110 &
b1110 +
b100000101000 *
#2766000
b1110001 #
b11110001 -
b100110 '
b100110 ,
b1001010 &
b1001010 +
b1010100101 )
#2767000
b100011 #
0!
b100011 -
b1111010 '
b1111010 ,
b101000 &
b101000 +
b100000101001 *
#2768000
b1100010 #
1!
b11100010 -
b1010 '
b1010 ,
b1010111 &
b1010111 +
b100000101010 *
#2769000
b1101111 #
0!
b1101111 -
b1111000 '
b1111000 ,
b1110110 &
b1110110 +
b100000101011 *
#2770000
b100100 #
b100100 -
b1010000 '
b1010000 ,
b1010011 &
b1010011 +
b1010100110 )
#2771000
b11110 #
b11110 -
b1000111 '
b1000111 ,
b1010110 &
b1010110 +
b100000101100 *
#2772000
b11100 #
b11100 -
b1101010 '
b1101010 ,
b110001 &
b110001 +
b100000101101 *
#2773000
b1101010 #
b1101010 -
b1111001 '
b1111001 ,
b1110000 &
b1110000 +
b100000101110 *
#2774000
b10011 #
b10011 -
b1010000 '
b1010000 ,
b1000010 &
b1000010 +
b1010100111 )
#2775000
b11110 #
b11110 -
b1101011 '
b1101011 ,
b110010 &
b110010 +
b100000101111 *
#2776000
b1011100 #
1!
b11011100 -
b101110 '
b101110 ,
b101101 &
b101101 +
b100000110000 *
#2777000
b100100 #
b10100100 -
b100010 '
b100010 ,
b1 &
b1 +
b100000110001 *
#2778000
b1010110 #
b11010110 -
b1000011 '
b1000011 ,
b10010 &
b10010 +
b1010101000 )
#2779000
b11 #
0!
b11 -
b110010 '
b110010 ,
b1010000 &
b1010000 +
b100000110010 *
#2780000
b1001011 #
b1001011 -
b1011111 '
b1011111 ,
b1101011 &
b1101011 +
b100000110011 *
#2781000
b10100 #
b10100 -
b1010010 '
b1010010 ,
b1000001 &
b1000001 +
b1010101001 )
#2782000
b11000 #
b11000 -
b1011000 '
b1011000 ,
b111111 &
b111111 +
b100000110100 *
#2783000
b1010000 #
1!
b11010000 -
b11111 '
b11111 ,
b110000 &
b110000 +
b100000110101 *
#2784000
b101101 #
b10101101 -
b10110 '
b10110 ,
b10110 &
b10110 +
b100000110110 *
#2785000
b1111000 #
b11111000 -
b1100000 '
b1100000 ,
b10111 &
b10111 +
b1010101010 )
#2786000
b100011 #
0!
b100011 -
b1001110 '
b1001110 ,
b1010100 &
b1010100 +
b100000110111 *
#2787000
b10 #
b10 -
b11001 '
b11001 ,
b1101000 &
b1101000 +
b100000111000 *
#2788000
b100000 #
b100000 -
b1010110 '
b1010110 ,
b1001001 &
b1001001 +
b100000111001 *
#2789000
b1011 #
1!
b10001011 -
b0 '
b0 ,
b1010 &
b1010 +
b100000111010 *
#2790000
b111110 #
0!
b111110 -
b1100001 '
b1100001 ,
b1011100 &
b1011100 +
b1010101011 )
#2791000
b101110 #
b101110 -
b1010000 '
b1010000 ,
b1011101 &
b1011101 +
b100000111011 *
#2792000
b11011 #
b11011 -
b1010001 '
b1010001 ,
b1001001 &
b1001001 +
b100000111100 *
#2793000
b10001 #
b10001 -
b1101000 '
b1101000 ,
b101000 &
b101000 +
b100000111101 *
#2794000
b1011101 #
1!
b11011101 -
b101110 '
b101110 ,
b101110 &
b101110 +
b100000111110 *
#2795000
b1110111 #
b11110111 -
b1011100 '
b1011100 ,
b11010 &
b11010 +
b100000111111 *
#2796000
b1000100 #
b11000100 -
b101101 '
b101101 ,
b10110 &
b10110 +
b100001000000 *
#2797000
b110010 #
b10110010 -
b101010 '
b101010 ,
b111 &
b111 +
b100001000001 *
#2798000
b11100 #
b10011100 -
b11001 '
b11001 ,
b10 &
b10 +
b1010101100 )
#2799000
b1001101 #
b11001101 -
b1111 '
b1111 ,
b111101 &
b111101 +
b1010101101 )
#2800000
b11101 #
0!
b11101 -
b1000101 '
b1000101 ,
b1010111 &
b1010111 +
b100001000010 *
#2801000
b100110 #
b100110 -
b1000100 '
b1000100 ,
b1100001 &
b1100001 +
b100001000011 *
#2802000
b10101 #
b10101 -
b100001 '
b100001 ,
b1110011 &
b1110011 +
b100001000100 *
#2803000
b1 #
b1 -
b1000 '
b1000 ,
b1111000 &
b1111000 +
b100001000101 *
#2804000
b1110011 #
1!
b11110011 -
b1010100 '
b1010100 ,
b11110 &
b11110 +
b100001000110 *
#2805000
b101001 #
0!
b101001 -
b1101010 '
b1101010 ,
b111110 &
b111110 +
b100001000111 *
#2806000
b1110110 #
1!
b11110110 -
b110000 '
b110000 ,
b1000101 &
b1000101 +
b100001001000 *
#2807000
b101010 #
0!
b101010 -
b1110101 '
b1110101 ,
b110100 &
b110100 +
b100001001001 *
#2808000
1!
b10101010 -
b101001 '
b101001 ,
b0 &
b0 +
b100001001010 *
#2809000
b1001101 #
b11001101 -
b111 '
b111 ,
b1000101 &
b1000101 +
b1010101110 )
#2810000
b1110100 #
b11110100 -
b1100100 '
b1100100 ,
b1111 &
b1111 +
b100001001011 *
#2811000
b1010100 #
b11010100 -
b10100 '
b10100 ,
b111111 &
b111111 +
b100001001100 *
#2812000
b1010000 #
b11010000 -
b1000110 '
b1000110 ,
b1001 &
b1001 +
b100001001101 *
#2813000
b10100 #
0!
b10100 -
b1111100 '
b1111100 ,
b10111 &
b10111 +
b100001001110 *
#2814000
b1010 #
b1010 -
b1010000 '
b1010000 ,
b111001 &
b111001 +
b100001001111 *
#2815000
b100 #
b100 -
b1100101 '
b1100101 ,
b11110 &
b11110 +
b100001010000 *
#2816000
b1000 #
b1000 -
b1111101 '
b1111101 ,
b1010 &
b1010 +
b100001010001 *
#2817000
b1010011 #
1!
b11010011 -
b1001 '
b1001 ,
b1001001 &
b1001001 +
b100001010010 *
#2818000
b11 #
0!
b11 -
b101101 '
b101101 ,
b1010101 &
b1010101 +
b100001010011 *
#2819000
b1011 #
b1011 -
b11010 '
b11010 ,
b1110000 &
b1110000 +
b100001010100 *
#2820000
b111000 #
1!
b10111000 -
b11 '
b11 ,
b110100 &
b110100 +
b100001010101 *
#2821000
b1110100 #
0!
b1110100 -
b1111110 '
b1111110 ,
b1110101 &
b1110101 +
b1010101111 )
#2822000
b1100000 #
1!
b11100000 -
b10011 '
b10011 ,
b1001100 &
b1001100 +
b1010110000 )
#2823000
b100110 #
0!
b100110 -
b111100 '
b111100 ,
b1101001 &
b1101001 +
b100001010110 *
#2824000
b11011 #
b11011 -
b1111111 '
b1111111 ,
b11011 &
b11011 +
b100001010111 *
#2825000
b1111111 #
1!
b11111111 -
b11010 '
b11010 ,
b1100100 &
b1100100 +
b100001011000 *
#2826000
b1 #
0!
b1 -
b11100 '
b11100 ,
b100001011001 *
#2827000
b1110100 #
1!
b11110100 -
b1010 '
b1010 ,
b1101001 &
b1101001 +
b100001011010 *
#2828000
b1101 #
b10001101 -
b1000 '
b1000 ,
b100 &
b100 +
b100001011011 *
#2829000
b1110010 #
b11110010 -
b100100 '
b100100 ,
b1001101 &
b1001101 +
b1010110001 )
#2830000
b100001 #
b10100001 -
b1 '
b1 ,
b11111 &
b11111 +
b100001011100 *
#2831000
b111000 #
b10111000 -
b1101 '
b1101 ,
b101010 &
b101010 +
b1010110010 )
#2832000
b100110 '
b100110 ,
b10001 &
b10001 +
b1010110011 )
#2833000
b1101110 #
b11101110 -
b111111 '
b111111 ,
b101110 &
b101110 +
b1010110100 )
#2834000
b101100 #
0!
b101100 -
b111000 '
b111000 ,
b1110011 &
b1110011 +
b100001011101 *
#2835000
b1100111 #
b1100111 -
b1100111 '
b1100111 ,
b1111111 &
b1111111 +
b100001011110 *
#2836000
b1001 #
b1001 -
b1000011 '
b1000011 ,
b1000101 &
b1000101 +
b1010110101 )
#2837000
b110001 #
b110001 -
b1110010 '
b1110010 ,
b111110 &
b111110 +
b100001011111 *
#2838000
b1011001 #
b1011001 -
b1111111 '
b1111111 ,
b1011001 &
b1011001 +
b100001100000 *
#2839000
b1111 #
b1111 -
b1010111 '
b1010111 ,
b110111 &
b110111 +
b1010110110 )
#2840000
b1110011 #
1!
b11110011 -
b11000 '
b11000 ,
b1011010 &
b1011010 +
b100001100001 *
#2841000
b1011110 #
0!
b1011110 -
b1101001 '
b1101001 ,
b1110100 &
b1110100 +
b100001100010 *
#2842000
b11010 #
b11010 -
b1100111 '
b1100111 ,
b110010 &
b110010 +
b1010110111 )
#2843000
b1001 #
b1001 -
b1111010 '
b1111010 ,
b1110 &
b1110 +
b100001100011 *
#2844000
b1100 #
b1100 -
b10000 '
b10000 ,
b1111011 &
b1111011 +
b100001100100 *
#2845000
b11011 #
b11011 -
b1110000 '
b1110000 ,
b101010 &
b101010 +
b100001100101 *
#2846000
b1010101 #
1!
b11010101 -
b1001111 '
b1001111 ,
b101 &
b101 +
b100001100110 *
#2847000
b1111100 #
b11111100 -
b111110 '
b111110 ,
b111101 &
b111101 +
b100001100111 *
#2848000
b1101110 #
b11101110 -
b100100 '
b100100 ,
b1001001 &
b1001001 +
b100001101000 *
#2849000
b1111100 #
b11111100 -
b101000 '
b101000 ,
b1010011 &
b1010011 +
b100001101001 *
#2850000
b1111111 #
b11111111 -
b1100011 '
b1100011 ,
b11011 &
b11011 +
b100001101010 *
#2851000
b101101 #
b10101101 -
b10001 '
b10001 ,
b100001101011 *
#2852000
b1101111 #
b11101111 -
b101110 '
b101110 ,
b1000000 &
b1000000 +
b1010111000 )
#2853000
b111000 #
0!
b111000 -
b1101001 '
b1101001 ,
b1001110 &
b1001110 +
b100001101100 *
#2854000
b1101101 #
1!
b11101101 -
b101 '
b101 ,
b1100111 &
b1100111 +
b100001101101 *
#2855000
b100001 #
0!
b100001 -
b1000100 '
b1000100 ,
b1011100 &
b1011100 +
b100001101110 *
#2856000
b101010 #
b101010 -
b110111 '
b110111 ,
b1110010 &
b1110010 +
b100001101111 *
#2857000
b111000 #
b111000 -
b1101011 '
b1101011 ,
b1001100 &
b1001100 +
b100001110000 *
#2858000
b1010 #
b1010 -
b110111 '
b110111 ,
b1010010 &
b1010010 +
b100001110001 *
#2859000
b10101 #
b10101 -
b101110 '
b101110 ,
b1100110 &
b1100110 +
b100001110010 *
#2860000
b1010011 #
1!
b11010011 -
b111001 '
b111001 ,
b11001 &
b11001 +
b100001110011 *
#2861000
b1110011 #
b11110011 -
b11011 '
b11011 ,
b1010111 &
b1010111 +
b100001110100 *
#2862000
b1010001 #
0!
b1010001 -
b1111100 '
b1111100 ,
b1010100 &
b1010100 +
b100001110101 *
#2863000
b111011 #
b111011 -
b1111111 '
b1111111 ,
b111011 &
b111011 +
b1010111001 )
#2864000
b1011011 #
1!
b11011011 -
b1011001 '
b1011001 ,
b1 &
b1 +
b100001110110 *
#2865000
b10010 #
0!
b10010 -
b110000 '
b110000 ,
b1100001 &
b1100001 +
b100001110111 *
#2866000
b100100 #
b100100 -
b1110011 &
b1110011 +
b100001111000 *
#2867000
b1001100 #
1!
b11001100 -
b1001001 '
b1001001 ,
b10 &
b10 +
b100001111001 *
#2868000
b1101101 #
b11101101 -
b11111 '
b11111 ,
b1001101 &
b1001101 +
b100001111010 *
#2869000
b1110011 #
0!
b1110011 -
b1110100 '
b1110100 ,
b1111110 &
b1111110 +
b100001111011 *
#2870000
b1100000 #
1!
b11100000 -
b1010100 '
b1010100 ,
b1011 &
b1011 +
b1010111010 )
#2871000
b1110010 #
b11110010 -
b1010001 '
b1010001 ,
b100000 &
b100000 +
b100001111100 *
#2872000
b110000 #
b10110000 -
b11111 '
b11111 ,
b10000 &
b10000 +
b100001111101 *
#2873000
b1101101 #
b11101101 -
b1000100 '
b1000100 ,
b101000 &
b101000 +
b1010111011 )
#2874000
b1010001 #
0!
b1010001 -
b1011011 '
b1011011 ,
b1110101 &
b1110101 +
b100001111110 *
#2875000
b1110000 #
1!
b11110000 -
b0 '
b0 ,
b1101111 &
b1101111 +
b1010111100 )
#2876000
b1011100 #
b11011100 -
b11100 '
b11100 ,
b111111 &
b111111 +
b100001111111 *
#2877000
b1101100 #
b11101100 -
b1001011 '
b1001011 ,
b100000 &
b100000 +
b100010000000 *
#2878000
b1110001 #
b11110001 -
b1100110 '
b1100110 ,
b1010 &
b1010 +
b100010000001 *
#2879000
b101110 #
b10101110 -
b100010 '
b100010 ,
b1011 &
b1011 +
b100010000010 *
#2880000
b100111 #
b10100111 -
b100110 '
b100110 ,
b0 &
b0 +
b1010111101 )
#2881000
b1011100 #
0!
b1011100 -
b1110100 '
b1110100 ,
b1100111 &
b1100111 +
b1010111110 )
#2882000
b1110011 #
b1110011 -
b1111011 '
b1111011 ,
b1110111 &
b1110111 +
b1010111111 )
#2883000
b110 #
b110 -
b1010001 '
b1010001 ,
b110100 &
b110100 +
b1011000000 )
#2884000
b1110101 #
1!
b11110101 -
b101110 '
b101110 ,
b1000110 &
b1000110 +
b100010000011 *
#2885000
b1100110 #
b11100110 -
b10100 '
b10100 ,
b1010001 &
b1010001 +
b100010000100 *
#2886000
b100111 #
0!
b100111 -
b111011 '
b111011 ,
b1101011 &
b1101011 +
b100010000101 *
#2887000
b1100101 #
1!
b11100101 -
b11000 '
b11000 ,
b1001100 &
b1001100 +
b100010000110 *
#2888000
b1100010 #
b11100010 -
b1110 '
b1110 ,
b1010011 &
b1010011 +
b100010000111 *
#2889000
b1110100 #
b11110100 -
b1001001 '
b1001001 ,
b101010 &
b101010 +
b100010001000 *
#2890000
b100010 #
b10100010 -
b1 '
b1 ,
b100000 &
b100000 +
b100010001001 *
#2891000
b1000110 #
0!
b1000110 -
b1010101 '
b1010101 ,
b1110000 &
b1110000 +
b1011000001 )
#2892000
b10101 #
1!
b10010101 -
b10000 '
b10000 ,
b100 &
b100 +
b1011000010 )
#2893000
b10100 #
0!
b10100 -
b11001 '
b11001 ,
b1111010 &
b1111010 +
b1011000011 )
#2894000
b1000011 #
1!
b11000011 -
b1001 '
b1001 ,
b111001 &
b111001 +
b100010001010 *
#2895000
b1101001 #
b11101001 -
b1001100 '
b1001100 ,
b11100 &
b11100 +
b100010001011 *
#2896000
b1101101 #
b11101101 -
b1101010 '
b1101010 ,
b10 &
b10 +
b100010001100 *
#2897000
b11010 #
0!
b11010 -
b111110 '
b111110 ,
b1011011 &
b1011011 +
b100010001101 *
#2898000
b1111001 #
1!
b11111001 -
b10 '
b10 ,
b1110110 &
b1110110 +
b100010001110 *
#2899000
b1101111 #
0!
b1101111 -
b1110101 '
b1110101 ,
b1111001 &
b1111001 +
b100010001111 *
#2900000
b1110000 #
1!
b11110000 -
b110001 '
b110001 ,
b111110 &
b111110 +
b1011000100 )
#2901000
b100010 #
0!
b100010 -
b110100 '
b110100 ,
b1101101 &
b1101101 +
b100010010000 *
#2902000
b1101101 #
1!
b11101101 -
b100101 '
b100101 ,
b1000111 &
b1000111 +
b100010010001 *
#2903000
b111000 #
b10111000 -
b11 '
b11 ,
b110100 &
b110100 +
b100010010010 *
#2904000
b10111 #
0!
b10111 -
b1000010 '
b1000010 ,
b1010100 &
b1010100 +
b1011000101 )
#2905000
b1010110 #
b1010110 -
b1111010 '
b1111010 ,
b1011011 &
b1011011 +
b100010010011 *
#2906000
b1100110 #
1!
b11100110 -
b110100 '
b110100 ,
b110001 &
b110001 +
b1011000110 )
#2907000
b10101 #
0!
b10101 -
b100010 '
b100010 ,
b1110010 &
b1110010 +
b100010010100 *
#2908000
b1100000 #
1!
b11100000 -
b101010 '
b101010 ,
b110101 &
b110101 +
b100010010101 *
#2909000
b111 #
0!
b111 -
b111 '
b111 ,
b1111111 &
b1111111 +
b100010010110 *
#2910000
b1101 #
1!
b10001101 -
b0 '
b0 ,
b1100 &
b1100 +
b100010010111 *
#2911000
b1001110 #
0!
b1001110 -
b1101010 '
b1101010 ,
b1100011 &
b1100011 +
b1011000111 )
#2912000
b111011 #
1!
b10111011 -
b1 '
b1 ,
b111001 &
b111001 +
b1011001000 )
#2913000
b11110 #
b10011110 -
b101 '
b101 ,
b11000 &
b11000 +
b1011001001 )
#2914000
b1111001 #
b11111001 -
b1011111 '
b1011111 ,
b11001 &
b11001 +
b1011001010 )
#2915000
b1110010 #
b11110010 -
b10000 '
b10000 ,
b1100001 &
b1100001 +
b100010011000 *
#2916000
b111001 #
0!
b111001 -
b111011 '
b111011 ,
b1111101 &
b1111101 +
b100010011001 *
#2917000
b1010000 #
1!
b11010000 -
b110001 '
b110001 ,
b11110 &
b11110 +
b100010011010 *
#2918000
b10001 #
0!
b10001 -
b11100 '
b11100 ,
b1110100 &
b1110100 +
b100010011011 *
#2919000
b1110111 #
1!
b11110111 -
b1001001 '
b1001001 ,
b101101 &
b101101 +
b100010011100 *
#2920000
b10111 #
0!
b10111 -
b1110110 '
b1110110 ,
b100000 &
b100000 +
b100010011101 *
#2921000
b101110 #
1!
b10101110 -
b101 '
b101 ,
b101000 &
b101000 +
b100010011110 *
#2922000
b110110 #
0!
b110110 -
b1011100 '
b1011100 ,
b1011001 &
b1011001 +
b1011001011 )
#2923000
b110011 #
b110011 -
b1101010 '
b1101010 ,
b1001000 &
b1001000 +
b100010011111 *
#2924000
b10011 #
b10011 -
b111101 '
b111101 ,
b1010101 &
b1010101 +
b100010100000 *
#2925000
b1111000 #
1!
b11111000 -
b1001 '
b1001 ,
b1101110 &
b1101110 +
b100010100001 *
#2926000
b1000111 #
b11000111 -
b100 '
b100 ,
b1000010 &
b1000010 +
b100010100010 *
#2927000
b11001 #
0!
b11001 -
b111101 '
b111101 ,
b1011011 &
b1011011 +
b100010100011 *
#2928000
b10100 #
b10100 -
b1000101 '
b1000101 ,
b1001110 &
b1001110 +
b100010100100 *
#2929000
b1001111 #
b1001111 -
b1101111 '
b1101111 ,
b1011111 &
b1011111 +
b100010100101 *
#2930000
b1100110 #
1!
b11100110 -
b1001 '
b1001 ,
b1011100 &
b1011100 +
b1011001100 )
#2931000
b1001100 #
b11001100 -
b1101 '
b1101 ,
b111110 &
b111110 +
b100010100110 *
#2932000
b100000 #
b10100000 -
b11111 '
b11111 ,
b0 &
b0 +
b100010100111 *
#2933000
b101101 #
0!
b101101 -
b1010100 '
b1010100 ,
b1011000 &
b1011000 +
b1011001101 )
#2934000
b100101 #
b100101 -
b1000111 '
b1000111 ,
b1011101 &
b1011101 +
b100010101000 *
#2935000
b111 #
b111 -
b1110000 '
b1110000 ,
b10110 &
b10110 +
b100010101001 *
#2936000
b11111 #
b11111 -
b1100100 '
b1100100 ,
b111010 &
b111010 +
b100010101010 *
#2937000
b101111 #
b101111 -
b1000111 '
b1000111 ,
b1100111 &
b1100111 +
b100010101011 *
#2938000
b1100100 #
1!
b11100100 -
b1000010 '
b1000010 ,
b100001 &
b100001 +
b100010101100 *
#2939000
b1000111 #
b11000111 -
b111110 '
b111110 ,
b1000 &
b1000 +
b100010101101 *
#2940000
b1110111 #
b11110111 -
b1011010 '
b1011010 ,
b11100 &
b11100 +
b100010101110 *
#2941000
b101101 #
0!
b101101 -
b1111111 '
b1111111 ,
b101101 &
b101101 +
b100010101111 *
#2942000
b11101 #
b11101 -
b1101100 '
b1101100 ,
b110000 &
b110000 +
b100010110000 *
#2943000
b1010100 #
1!
b11010100 -
b1010000 '
b1010000 ,
b11 &
b11 +
b100010110001 *
#2944000
b1110000 #
b11110000 -
b1111 '
b1111 ,
b1100000 &
b1100000 +
b100010110010 *
#2945000
b101010 #
0!
b101010 -
b1010001 '
b1010001 ,
b1011000 &
b1011000 +
b100010110011 *
#2946000
b1101100 #
1!
b11101100 -
b1011000 '
b1011000 ,
b10011 &
b10011 +
b100010110100 *
#2947000
b10000 #
0!
b10000 -
b1100011 '
b1100011 ,
b101100 &
b101100 +
b100010110101 *
#2948000
b1101010 #
b1101010 -
b1101101 '
b1101101 ,
b1111100 &
b1111100 +
b100010110110 *
#2949000
b1010 #
b1010 -
b1010101 '
b1010101 ,
b110100 &
b110100 +
b1011001110 )
#2950000
b1101111 #
1!
b11101111 -
b1101101 '
b1101101 ,
b1 &
b1 +
b100010110111 *
#2951000
b11101 #
0!
b11101 -
b1001001 '
b1001001 ,
b1010011 &
b1010011 +
b100010111000 *
#2952000
b1100001 #
1!
b11100001 -
b1000100 '
b1000100 ,
b11100 &
b11100 +
b100010111001 *
#2953000
b11110 #
0!
b11110 -
b1001100 '
b1001100 ,
b1010001 &
b1010001 +
b100010111010 *
#2954000
b1110001 #
1!
b11110001 -
b1010 '
b1010 ,
b1100110 &
b1100110 +
b100010111011 *
#2955000
b1001011 #
b11001011 -
b111100 '
b111100 ,
b1110 &
b1110 +
b100010111100 *
#2956000
b1001101 #
0!
b1001101 -
b1010001 '
b1010001 ,
b1111011 &
b1111011 +
b100010111101 *
#2957000
b0 #
1!
b0 -
b110111 '
b110111 ,
b1001000 &
b1001000 +
b1011001111 )
#2958000
b1110001 #
b11110001 -
b101100 '
b101100 ,
b1000100 &
b1000100 +
b100010111110 *
#2959000
b1011111 #
0!
b1011111 -
b1111100 '
b1111100 ,
b1100010 &
b1100010 +
b100010111111 *
#2960000
b111010 #
1!
b10111010 -
b110110 '
b110110 ,
b11 &
b11 +
b1011010000 )
#2961000
b111100 #
b10111100 -
b101011 '
b101011 ,
b10000 &
b10000 +
b1011010001 )
#2962000
b1100111 #
0!
b1100111 -
b1111111 '
b1111111 ,
b1100111 &
b1100111 +
b1011010010 )
#2963000
b100010 #
1!
b10100010 -
b11000 '
b11000 ,
b1001 &
b1001 +
b1011010011 )
#2964000
b1001110 #
0!
b1001110 -
b1110011 '
b1110011 ,
b1011010 &
b1011010 +
b1011010100 )
#2965000
b1001000 #
b1001000 -
b1011000 '
b1011000 ,
b1101111 &
b1101111 +
b1011010101 )
#2966000
b1101001 #
b1101001 -
b1110000 '
b1110000 ,
b1111000 &
b1111000 +
b1011010110 )
#2967000
b1000101 #
b1000101 -
b1110111 '
b1110111 ,
b1001101 &
b1001101 +
b1011010111 )
#2968000
b1 #
b1 -
b1001010 '
b1001010 ,
b110110 &
b110110 +
b1011011000 )
#2969000
b1010100 #
1!
b11010100 -
b1001100 '
b1001100 ,
b111 &
b111 +
b100011000000 *
#2970000
b10110 #
0!
b10110 -
b111000 '
b111000 ,
b1011101 &
b1011101 +
b100011000001 *
#2971000
b10001 #
b10001 -
b10001 '
b10001 ,
b1111111 &
b1111111 +
b100011000010 *
#2972000
b1000010 #
1!
b11000010 -
b101101 '
b101101 ,
b10100 &
b10100 +
b100011000011 *
#2973000
b1100000 #
0!
b1100000 -
b1101110 '
b1101110 ,
b1110001 &
b1110001 +
b100011000100 *
#2974000
b1010110 #
b1010110 -
b1011000 '
b1011000 ,
b1111101 &
b1111101 +
b1011011001 )
#2975000
b1110010 #
1!
b11110010 -
b1101011 '
b1101011 ,
b110 &
b110 +
b1011011010 )
#2976000
b1010000 #
b11010000 -
b1110 '
b1110 ,
b1000001 &
b1000001 +
b100011000101 *
#2977000
b101000 #
0!
b101000 -
b101110 '
b101110 ,
b1111001 &
b1111001 +
b100011000110 *
#2978000
b1101001 #
1!
b11101001 -
b10000 '
b10000 ,
b1011000 &
b1011000 +
b100011000111 *
#2979000
b111100 #
0!
b111100 -
b111111 '
b111111 ,
b1111100 &
b1111100 +
b100011001000 *
#2980000
b1110111 #
1!
b11110111 -
b111100 '
b111100 ,
b111010 &
b111010 +
b100011001001 *
#2981000
b1100001 #
0!
b1100001 -
b1110000 '
b1110000 ,
b1110000 &
b1110000 +
b100011001010 *
#2982000
b1000011 #
b1000011 -
b1010100 '
b1010100 ,
b1101110 &
b1101110 +
b1011011011 )
#2983000
b1011100 #
b1011100 -
b1101000 '
b1101000 ,
b1110011 &
b1110011 +
b1011011100 )
#2984000
b11000 #
b11000 -
b101011 '
b101011 ,
b1101100 &
b1101100 +
b1011011101 )
#2985000
b111101 #
1!
b10111101 -
b101101 '
b101101 ,
b1111 &
b1111 +
b100011001011 *
#2986000
b1011011110 )
#2987000
b111100 #
0!
b111100 -
b1110111 '
b1110111 ,
b1000100 &
b1000100 +
b1011011111 )
#2988000
b1111111 #
1!
b11111111 -
b111010 '
b111010 ,
b100011001100 *
#2989000
b1001101 #
0!
b1001101 -
b1001101 '
b1001101 ,
b1111111 &
b1111111 +
b100011001101 *
#2990000
b10101 #
b10101 -
b11111 '
b11111 ,
b1110101 &
b1110101 +
b1011100000 )
#2991000
b10010 #
1!
b10010010 -
b10001 '
b10001 ,
b0 &
b0 +
b100011001110 *
#2992000
b11 #
0!
b11 -
b1101000 '
b1101000 ,
b11010 &
b11010 +
b1011100001 )
#2993000
b100111 #
b100111 -
b111000 '
b111000 ,
b1101110 &
b1101110 +
b100011001111 *
#2994000
b110111 #
b110111 -
b1111101 '
b1111101 ,
b111001 &
b111001 +
b100011010000 *
#2995000
b1101100 #
b1101100 -
b1111010 '
b1111010 ,
b1110001 &
b1110001 +
b100011010001 *
#2996000
b110 #
b110 -
b10011 '
b10011 ,
b1110010 &
b1110010 +
b1011100010 )
#2997000
b1100010 #
1!
b11100010 -
b100001 '
b100001 ,
b1000000 &
b1000000 +
b100011010010 *
#2998000
b1011110 #
b11011110 -
b110111 '
b110111 ,
b100110 &
b100110 +
b100011010011 *
#2999000
b10100 #
0!
b10100 -
b1011001 '
b1011001 ,
b111010 &
b111010 +
b100011010100 *
#3000000
b110100 #
1!
b10110100 -
b11000 '
b11000 ,
b11011 &
b11011 +
b100011010101 *
#3001000
b1011100 #
b11011100 -
b110 '
b110 ,
b1010101 &
b1010101 +
b1011100011 )
#3002000
b1000 #
0!
b1000 -
b101001 '
b101001 ,
b1011110 &
b1011110 +
b100011010110 *
#3003000
b1000010 #
1!
b11000010 -
b110111 '
b110111 ,
b1010 &
b1010 +
b100011010111 *
#3004000
b11101 #
b10011101 -
b0 '
b0 ,
b11100 &
b11100 +
b100011011000 *
#3005000
b1100000 #
0!
b1100000 -
b1101110 '
b1101110 ,
b1110001 &
b1110001 +
b1011100100 )
#3006000
b101011 #
b101011 -
b1010010 '
b1010010 ,
b1011000 &
b1011000 +
b1011100101 )
#3007000
b11110 #
b11110 -
b110100 '
b110100 ,
b1101001 &
b1101001 +
b100011011001 *
#3008000
1!
b10011110 -
b10111 '
b10111 ,
b110 &
b110 +
b100011011010 *
#3009000
b11 #
0!
b11 -
b1010100 '
b1010100 ,
b101110 &
b101110 +
b1011100110 )
#3010000
b1001010 #
1!
b11001010 -
b10010 '
b10010 ,
b110111 &
b110111 +
b100011011011 *
#3011000
b10100 #
0!
b10100 -
b1111001 '
b1111001 ,
b11010 &
b11010 +
b100011011100 *
#3012000
b1111 #
b1111 -
b1111111 '
b1111111 ,
b1111 &
b1111 +
b100011011101 *
#3013000
b1101000 #
1!
b11101000 -
b1010111 '
b1010111 ,
b10000 &
b10000 +
b100011011110 *
#3014000
b1010001 #
0!
b1010001 -
b1111001 &
b1111001 +
b100011011111 *
#3015000
b1110111 #
1!
b11110111 -
b1010110 '
b1010110 ,
b100000 &
b100000 +
b1011100111 )
#3016000
b1010011 #
b11010011 -
b1000000 '
b1000000 ,
b10010 &
b10010 +
b100011100000 *
#3017000
b1000110 #
b11000110 -
b11001 '
b11001 ,
b101100 &
b101100 +
b100011100001 *
#3018000
b1000111 #
0!
b1000111 -
b1000111 '
b1000111 ,
b1111111 &
b1111111 +
b100011100010 *
#3019000
b1110000 #
1!
b11110000 -
b100111 '
b100111 ,
b1001000 &
b1001000 +
b1011101000 )
#3020000
b101011 #
0!
b101011 -
b1001000 '
b1001000 ,
b1100010 &
b1100010 +
b100011100011 *
#3021000
b1000001 #
b1000001 -
b1010110 '
b1010110 ,
b1101010 &
b1101010 +
b100011100100 *
#3022000
b1000110 #
b1000110 -
b1011011 '
b1011011 ,
b1011101001 )
#3023000
b1100110 '
b1100110 ,
b1011111 &
b1011111 +
b1011101010 )
#3024000
b1011001 #
b1011001 -
b1101000 '
b1101000 ,
b1110000 &
b1110000 +
b1011101011 )
#3025000
b11100 #
b11100 -
b111101 '
b111101 ,
b1011110 &
b1011110 +
b1011101100 )
#3026000
b1001111 #
b1001111 -
b1111100 '
b1111100 ,
b1010010 &
b1010010 +
b100011100101 *
#3027000
b1101010 #
b1101010 -
b1111001 '
b1111001 ,
b1110000 &
b1110000 +
b1011101101 )
#3028000
b11010 #
b11010 -
b1001000 '
b1001000 ,
b1010001 &
b1010001 +
b1011101110 )
#3029000
b101011 #
b101011 -
b1110010 '
b1110010 ,
b111000 &
b111000 +
b100011100110 *
#3030000
b1100111 #
1!
b11100111 -
b10001 '
b10001 ,
b1010101 &
b1010101 +
b100011100111 *
#3031000
b1011101 #
b11011101 -
b111000 '
b111000 ,
b100100 &
b100100 +
b100011101000 *
#3032000
b1101101 #
b11101101 -
b1010001 '
b1010001 ,
b11011 &
b11011 +
b100011101001 *
#3033000
b100011 #
0!
b100011 -
b1010110 '
b1010110 ,
b1001100 &
b1001100 +
b100011101010 *
#3034000
b100 #
b100 -
b100 '
b100 ,
b1111111 &
b1111111 +
b100011101011 *
#3035000
b1100111 #
1!
b11100111 -
b101101 '
b101101 ,
b111001 &
b111001 +
b100011101100 *
#3036000
b101010 #
b10101010 -
b10110 '
b10110 ,
b10011 &
b10011 +
b100011101101 *
#3037000
b101111 #
0!
b101111 -
b1111010 '
b1111010 ,
b110100 &
b110100 +
b1011101111 )
#3038000
b1001110 #
1!
b11001110 -
b1000111 '
b1000111 ,
b110 &
b110 +
b100011101110 *
#3039000
b1110 #
b10001110 -
b110 '
b110 ,
b111 &
b111 +
b100011101111 *
#3040000
b1100100 #
b11100100 -
b101000 '
b101000 ,
b111011 &
b111011 +
b1011110000 )
#3041000
b1100101 #
b11100101 -
b1011010 '
b1011010 ,
b1010 &
b1010 +
b100011110000 *
#3042000
b101001 #
0!
b101001 -
b1000110 '
b1000110 ,
b1100010 &
b1100010 +
b100011110001 *
#3043000
b1110101 #
1!
b11110101 -
b1000101 '
b1000101 ,
b101111 &
b101111 +
b100011110010 *
#3044000
b100011 #
0!
b100011 -
b1110000 '
b1110000 ,
b110010 &
b110010 +
b100011110011 *
#3045000
b1110010 #
1!
b11110010 -
b111101 '
b111101 ,
b110100 &
b110100 +
b100011110100 *
#3046000
b11110 #
0!
b11110 -
b1011101 '
b1011101 ,
b1000000 &
b1000000 +
b100011110101 *
#3047000
b1110111 #
1!
b11110111 -
b100110 '
b100110 ,
b1010000 &
b1010000 +
b100011110110 *
#3048000
b1101010 #
0!
b1101010 -
b1110111 '
b1110111 ,
b1110010 &
b1110010 +
b100011110111 *
#3049000
b110000 #
b110000 -
b1011100 '
b1011100 ,
b1010011 &
b1010011 +
b1011110001 )
#3050000
b1111001 #
1!
b11111001 -
b111001 '
b111001 ,
b111111 &
b111111 +
b100011111000 *
#3051000
b10111 #
0!
b10111 -
b111010 '
b111010 ,
b1011100 &
b1011100 +
b100011111001 *
#3052000
b10000 #
b10000 -
b101101 '
b101101 ,
b1100010 &
b1100010 +
b100011111010 *
#3053000
b1111101 #
1!
b11111101 -
b111101 '
b111101 ,
b111111 &
b111111 +
b100011111011 *
#3054000
b1010111 #
b11010111 -
b11001 &
b11001 +
b100011111100 *
#3055000
b1010000 #
b11010000 -
b1000010 '
b1000010 ,
b1101 &
b1101 +
b100011111101 *
#3056000
b1100001 #
b11100001 -
b100001 '
b100001 ,
b111111 &
b111111 +
b100011111110 *
#3057000
b1100011 #
b11100011 -
b1000001 '
b1000001 ,
b100001 &
b100001 +
b100011111111 *
#3058000
b1101110 #
b11101110 -
b1011000 '
b1011000 ,
b10101 &
b10101 +
b100100000000 *
#3059000
b10110 #
0!
b10110 -
b111000 '
b111000 ,
b1011101 &
b1011101 +
b100100000001 *
#3060000
b11000 #
b11000 -
b111001 '
b111001 ,
b1011110 &
b1011110 +
b100100000010 *
#3061000
b1110000 '
b1110000 ,
b100111 &
b100111 +
b100100000011 *
#3062000
b100111 #
b100111 -
b1010100 '
b1010100 ,
b1010010 &
b1010010 +
b100100000100 *
#3063000
b1000100 #
1!
b11000100 -
b10100 '
b10100 ,
b101111 &
b101111 +
b100100000101 *
#3064000
b100110 #
0!
b100110 -
b1011010 '
b1011010 ,
b1001011 &
b1001011 +
b100100000110 *
#3065000
b111111 #
b111111 -
b1111001 '
b1111001 ,
b1000101 &
b1000101 +
b100100000111 *
#3066000
b10110 #
b10110 -
b11101 '
b11101 ,
b1111000 &
b1111000 +
b100100001000 *
#3067000
b1001100 #
b1001100 -
b1010000 '
b1010000 ,
b1111011 &
b1111011 +
b100100001001 *
#3068000
b1000111 #
1!
b11000111 -
b1101 '
b1101 ,
b111001 &
b111001 +
b1011110010 )
#3069000
b10000 #
0!
b10000 -
b1101111 '
b1101111 ,
b100000 &
b100000 +
b100100001010 *
#3070000
b110001 #
1!
b10110001 -
b101 '
b101 ,
b101011 &
b101011 +
b100100001011 *
#3071000
b111000 #
b10111000 -
b11000 '
b11000 ,
b11111 &
b11111 +
b1011110011 )
#3072000
b1101000 #
b11101000 -
b11100 '
b11100 ,
b1001011 &
b1001011 +
b1011110100 )
#3073000
b110100 #
0!
b110100 -
b110110 '
b110110 ,
b1111101 &
b1111101 +
b100100001100 *
#3074000
b1100101 #
b1100101 -
b1111000 '
b1111000 ,
b1101100 &
b1101100 +
b100100001101 *
#3075000
b1111100 #
1!
b11111100 -
b111000 '
b111000 ,
b1000011 &
b1000011 +
b1011110101 )
#3076000
b1011111 #
b11011111 -
b100100 '
b100100 ,
b111010 &
b111010 +
b100100001110 *
#3077000
b1101 #
0!
b1101 -
b110011 '
b110011 ,
b1011001 &
b1011001 +
b100100001111 *
#3078000
b1101010 #
1!
b11101010 -
b101010 '
b101010 ,
b111111 &
b111111 +
b100100010000 *
#3079000
b11110 #
0!
b11110 -
b1000111 '
b1000111 ,
b1010110 &
b1010110 +
b100100010001 *
#3080000
b1110011 #
1!
b11110011 -
b100010 '
b100010 ,
b1010000 &
b1010000 +
b100100010010 *
#3081000
b110110 #
b10110110 -
b100111 '
b100111 ,
b1110 &
b1110 +
b100100010011 *
#3082000
b1111111 #
b11111111 -
b1000110 '
b1000110 ,
b111000 &
b111000 +
b1011110110 )
#3083000
b11111 #
0!
b11111 -
b1111101 '
b1111101 ,
b100001 &
b100001 +
b100100010100 *
#3084000
b101100 #
b101100 -
b1110110 '
b1110110 ,
b110101 &
b110101 +
b100100010101 *
#3085000
b1100010 #
1!
b11100010 -
b1001101 '
b1001101 ,
b10100 &
b10100 +
b100100010110 *
#3086000
b1011101 #
b11011101 -
b100 '
b100 ,
b1011000 &
b1011000 +
b100100010111 *
#3087000
b1000110 #
0!
b1000110 -
b1010000 '
b1010000 ,
b1110101 &
b1110101 +
b100100011000 *
#3088000
b11 #
b11 -
b1011111 '
b1011111 ,
b100011 &
b100011 +
b1011110111 )
#3089000
b110 #
b110 -
b101011 '
b101011 ,
b1011010 &
b1011010 +
b100100011001 *
#3090000
b1100 #
b1100 -
b1001010 '
b1001010 ,
b1000001 &
b1000001 +
b100100011010 *
#3091000
b110000 #
b110000 -
b111101 '
b111101 ,
b1110010 &
b1110010 +
b100100011011 *
#3092000
b1010000 #
b1010000 -
b1101111 '
b1101111 ,
b1100000 &
b1100000 +
b100100011100 *
#3093000
b1010111 #
1!
b11010111 -
b11100 '
b11100 ,
b111010 &
b111010 +
b1011111000 )
#3094000
b1 #
0!
b1 -
b110101 '
b110101 ,
b1001011 &
b1001011 +
b100100011101 *
#3095000
b101110 #
b101110 -
b1001111 '
b1001111 ,
b1011110 &
b1011110 +
b100100011110 *
#3096000
b10101 #
b10101 -
b1110110 '
b1110110 ,
b11110 &
b11110 +
b100100011111 *
#3097000
b1100 #
b1100 -
b1111 '
b1111 ,
b1111100 &
b1111100 +
b100100100000 *
#3098000
b1010 #
b1010 -
b100110 '
b100110 ,
b1100011 &
b1100011 +
b100100100001 *
#3099000
b0 #
1!
b0 -
b1011110 '
b1011110 ,
b100001 &
b100001 +
b100100100010 *
#3100000
b10011 #
0!
b10011 -
b1100101 '
b1100101 ,
b101101 &
b101101 +
b100100100011 *
#3101000
b1 #
b1 -
b101 '
b101 ,
b1111011 &
b1111011 +
b100100100100 *
#3102000
b1011 #
b1011 -
b111011 '
b111011 ,
b1001111 &
b1001111 +
b100100100101 *
#3103000
b1001111 #
1!
b11001111 -
b11 '
b11 ,
b1001011 &
b1001011 +
b100100100110 *
#3104000
b110010 #
b10110010 -
b101111 '
b101111 ,
b10 &
b10 +
b100100100111 *
#3105000
b11101 #
0!
b11101 -
b1000000 '
b1000000 ,
b1011100 &
b1011100 +
b1011111001 )
#3106000
b10101 #
b10101 -
b1010000 '
b1010000 ,
b1000100 &
b1000100 +
b100100101000 *
#3107000
b111 #
b111 -
b1001000 '
b1001000 ,
b111110 &
b111110 +
b100100101001 *
#3108000
b110110 #
1!
b10110110 -
b10101 '
b10101 ,
b100000 &
b100000 +
b100100101010 *
#3109000
b1101 #
0!
b1101 -
b101101 '
b101101 ,
b1011111 &
b1011111 +
b1011111010 )
#3110000
b111011 #
b111011 -
b1100110 '
b1100110 ,
b1010100 &
b1010100 +
b100100101011 *
#3111000
b1110011 #
1!
b11110011 -
b1011 '
b1011 ,
b1100111 &
b1100111 +
b100100101100 *
#3112000
b1000101 #
0!
b1000101 -
b1110111 '
b1110111 ,
b1001101 &
b1001101 +
b100100101101 *
#3113000
b1010000 #
1!
b11010000 -
b1000 '
b1000 ,
b1000111 &
b1000111 +
b1011111011 )
#3114000
b1000010 #
b11000010 -
b1110 '
b1110 ,
b110011 &
b110011 +
b100100101110 *
#3115000
b110010 #
b10110010 -
b11100 '
b11100 ,
b10101 &
b10101 +
b100100101111 *
#3116000
b1000000 #
b11000000 -
b10101 '
b10101 ,
b101010 &
b101010 +
b1011111100 )
#3117000
b10000 #
0!
b10000 -
b110000 '
b110000 ,
b1011111 &
b1011111 +
b100100110000 *
#3118000
b101000 #
b101000 -
b1001101 '
b1001101 ,
b1011010 &
b1011010 +
b100100110001 *
#3119000
b1111101 #
1!
b11111101 -
b10111 '
b10111 ,
b1100101 &
b1100101 +
b100100110010 *
#3120000
b1101000 #
b11101000 -
b1001111 '
b1001111 ,
b11000 &
b11000 +
b100100110011 *
#3121000
b1001110 #
b11001110 -
b1000010 '
b1000010 ,
b1011 &
b1011 +
b100100110100 *
#3122000
b1100110 #
0!
b1100110 -
b1101011 '
b1101011 ,
b1111010 &
b1111010 +
b100100110101 *
#3123000
b110010 #
b110010 -
b1101100 '
b1101100 ,
b1000101 &
b1000101 +
b1011111101 )
#3124000
b1010001 #
b1010001 -
b1010001 '
b1010001 ,
b1111111 &
b1111111 +
b100100110110 *
#3125000
b1011011 #
1!
b11011011 -
b1011001 '
b1011001 ,
b1 &
b1 +
b1011111110 )
#3126000
b11001 #
0!
b11001 -
b1001100 '
b1001100 ,
b1001100 &
b1001100 +
b100100110111 *
#3127000
b1000000 #
1!
b11000000 -
b101000 '
b101000 ,
b10111 &
b10111 +
b100100111000 *
#3128000
b110001 #
0!
b110001 -
b1001000 '
b1001000 ,
b1101000 &
b1101000 +
b100100111001 *
#3129000
b100010 #
1!
b10100010 -
b10110 '
b10110 ,
b1011 &
b1011 +
b100100111010 *
#3130000
b1101001 #
b11101001 -
b101111 '
b101111 ,
b111001 &
b111001 +
b1011111111 )
#3131000
b1001111 #
0!
b1001111 -
b1110010 '
b1110010 ,
b1011100 &
b1011100 +
b100100111011 *
#3132000
b1101110 #
b1101110 -
b1111111 '
b1111111 ,
b1101110 &
b1101110 +
b1100000000 )
#3133000
b1000101 #
b1000101 -
b1011000 '
b1011000 ,
b1101100 &
b1101100 +
b1100000001 )
#3134000
b1001110 #
b1001110 -
b1110111 '
b1110111 ,
b1010110 &
b1010110 +
b1100000010 )
#3135000
b1001010 #
1!
b11001010 -
b1000000 '
b1000000 ,
b1001 &
b1001 +
b1100000011 )
#3136000
b1010 #
0!
b1010 -
b1111110 '
b1111110 ,
b1011 &
b1011 +
b100100111100 *
#3137000
b111 #
b111 -
b101110 '
b101110 ,
b1011000 &
b1011000 +
b100100111101 *
#3138000
b10111 #
b10111 -
b1011001 '
b1011001 ,
b111101 &
b111101 +
b100100111110 *
#3139000
b110011 #
b110011 -
b1001001 '
b1001001 ,
b1101001 &
b1101001 +
b100100111111 *
#3140000
b1010101 #
1!
b11010101 -
b11010 '
b11010 ,
b111010 &
b111010 +
b100101000000 *
#3141000
b1 #
0!
b1 -
b1111110 '
b1111110 ,
b10 &
b10 +
b100101000001 *
#3142000
b1010010 #
1!
b11010010 -
b10101 '
b10101 ,
b111100 &
b111100 +
b100101000010 *
#3143000
b111011 #
b10111011 -
b100010 '
b100010 ,
b11000 &
b11000 +
b100101000011 *
#3144000
b1111001 #
b11111001 -
b1001 '
b1001 ,
b1101111 &
b1101111 +
b1100000100 )
#3145000
b111000 #
0!
b111000 -
b1101101 '
b1101101 ,
b1001010 &
b1001010 +
b100101000100 *
#3146000
b1110000 #
1!
b11110000 -
b10101 '
b10101 ,
b1011010 &
b1011010 +
b100101000101 *
#3147000
b1000000 #
b11000000 -
b100101 '
b100101 ,
b11010 &
b11010 +
b100101000110 *
#3148000
b1001011 #
0!
b1001011 -
b1011010 '
b1011010 ,
b1110000 &
b1110000 +
b100101000111 *
#3149000
b1101010 #
b1101010 -
b1110010 '
b1110010 ,
b1110111 &
b1110111 +
b1100000101 )
#3150000
b1001101 #
1!
b11001101 -
b10110 '
b10110 ,
b110110 &
b110110 +
b1100000110 )
#3151000
b1010 #
b10001010 -
b1 '
b1 ,
b1000 &
b1000 +
b100101001000 *
#3152000
b1110100 #
0!
b1110100 -
b1111011 '
b1111011 ,
b1111000 &
b1111000 +
b1100000111 )
#3153000
b1000101 #
1!
b11000101 -
b101101 '
b101101 ,
b10111 &
b10111 +
b1100001000 )
#3154000
b1110111 #
b11110111 -
b110110 '
b110110 ,
b1000000 &
b1000000 +
b100101001001 *
#3155000
b1011101 #
b11011101 -
b1011 '
b1011 ,
b1010001 &
b1010001 +
b100101001010 *
#3156000
b1101010 #
b11101010 -
b100111 '
b100111 ,
b1000010 &
b1000010 +
b100101001011 *
#3157000
b1010101 #
0!
b1010101 -
b1101011 '
b1101011 ,
b1101001 &
b1101001 +
b100101001100 *
#3158000
b1010001 #
1!
b11010001 -
b1101 '
b1101 ,
b1000011 &
b1000011 +
b1100001001 )
#3159000
b1011111 #
b11011111 -
b1000001 '
b1000001 ,
b11101 &
b11101 +
b100101001101 *
#3160000
b110010 #
0!
b110010 -
b1010110 '
b1010110 ,
b1011011 &
b1011011 +
b100101001110 *
#3161000
b1011011 #
b1011011 -
b1101110 '
b1101110 ,
b1101100 &
b1101100 +
b100101001111 *
#3162000
b0 #
1!
b0 -
b101100 '
b101100 ,
b1010011 &
b1010011 +
b1100001010 )
#3163000
b1000110 #
b11000110 -
b1010 '
b1010 ,
b111011 &
b111011 +
b100101010000 *
#3164000
b1110111 #
b11110111 -
b11010 '
b11010 ,
b1011100 &
b1011100 +
b100101010001 *
#3165000
b1011110 #
0!
b1011110 -
b1100100 '
b1100100 ,
b1111001 &
b1111001 +
b100101010010 *
#3166000
b101011 #
1!
b10101011 -
b100101 '
b100101 ,
b101 &
b101 +
b1100001011 )
#3167000
b1011111 #
b11011111 -
b101001 '
b101001 ,
b110101 &
b110101 +
b1100001100 )
#3168000
b1110110 #
b11110110 -
b11 '
b11 ,
b1110010 &
b1110010 +
b100101010011 *
#3169000
b11011 #
b10011011 -
b10111 '
b10111 ,
b11 &
b11 +
b100101010100 *
#3170000
b110 #
0!
b110 -
b1111101 '
b1111101 ,
b1000 &
b1000 +
b1100001101 )
#3171000
b1011100 #
b1011100 -
b1101111 '
b1101111 ,
b1101100 &
b1101100 +
b100101010101 *
#3172000
b101100 #
b101100 -
b1101100 '
b1101100 ,
b111111 &
b111111 +
b1100001110 )
#3173000
b111101 #
b111101 -
b1011001 '
b1011001 ,
b1100011 &
b1100011 +
b100101010110 *
#3174000
b110100 #
1!
b10110100 -
b11101 '
b11101 ,
b10110 &
b10110 +
b100101010111 *
#3175000
b1111011 #
b11111011 -
b1011101 &
b1011101 +
b1100001111 )
#3176000
b1100100 #
b11100100 -
b1001011 '
b1001011 ,
b11000 &
b11000 +
b100101011000 *
#3177000
b1100111 #
b11100111 -
b100111 '
b100111 ,
b111111 &
b111111 +
b100101011001 *
#3178000
b1110100 #
b11110100 -
b111100 '
b111100 ,
b110111 &
b110111 +
b100101011010 *
#3179000
b11 '
b11 ,
b1110000 &
b1110000 +
b100101011011 *
#3180000
b1010 #
0!
b1010 -
b1110011 '
b1110011 ,
b10110 &
b10110 +
b100101011100 *
#3181000
b10010 #
b10010 -
b1111110 '
b1111110 ,
b10011 &
b10011 +
b100101011101 *
#3182000
b100000 #
b100000 -
b111101 '
b111101 ,
b1100010 &
b1100010 +
b100101011110 *
#3183000
b1000011 #
b1000011 -
b1010111 '
b1010111 ,
b1101011 &
b1101011 +
b100101011111 *
#3184000
b1010001 #
1!
b11010001 -
b1010000 '
b1010000 ,
b0 &
b0 +
b1100010000 )
#3185000
b110010 #
0!
b110010 -
b1110010 '
b1110010 ,
b111111 &
b111111 +
b100101100000 *
#3186000
b1111010 #
1!
b11111010 -
b101 '
b101 ,
b1110100 &
b1110100 +
b100101100001 *
#3187000
b101101 #
0!
b101101 -
b111111 '
b111111 ,
b1101101 &
b1101101 +
b100101100010 *
#3188000
b101011 #
1!
b10101011 -
b11010 '
b11010 ,
b10000 &
b10000 +
b100101100011 *
#3189000
b110101 #
0!
b110101 -
b1110011 '
b1110011 ,
b1000001 &
b1000001 +
b1100010001 )
#3190000
b1001101 #
b1001101 -
b1001110 '
b1001110 ,
b1111110 &
b1111110 +
b100101100100 *
#3191000
b110001 #
1!
b10110001 -
b11011 '
b11011 ,
b10101 &
b10101 +
b1100010010 )
#3192000
b1110 #
b10001110 -
b10 '
b10 ,
b1011 &
b1011 +
b1100010011 )
#3193000
b1001111 #
0!
b1001111 -
b1010101 '
b1010101 ,
b1111001 &
b1111001 +
b1100010100 )
#3194000
b1011011 #
b1011011 -
b1101110 '
b1101110 ,
b1101100 &
b1101100 +
b1100010101 )
#3195000
b110011 #
1!
b10110011 -
b10 '
b10 ,
b110000 &
b110000 +
b1100010110 )
#3196000
b1101 #
0!
b1101 -
b1010110 '
b1010110 ,
b110110 &
b110110 +
b1100010111 )
#3197000
b1100 #
1!
b10001100 -
b10 '
b10 ,
b1001 &
b1001 +
b100101100101 *
#3198000
b10111 #
b10010111 -
b10100 '
b10100 ,
b10 &
b10 +
b1100011000 )
#3199000
b1 #
0!
b1 -
b1110110 '
b1110110 ,
b1010 &
b1010 +
b1100011001 )
#3200000
b111101 #
1!
b10111101 -
b11011 '
b11011 ,
b100001 &
b100001 +
b100101100110 *
#3201000
b1000011 #
0!
b1000011 -
b1110001 '
b1110001 ,
b1010001 &
b1010001 +
b1100011010 )
#3202000
b111100 #
1!
b10111100 -
b101 '
b101 ,
b110110 &
b110110 +
b1100011011 )
#3203000
b100001 #
0!
b100001 -
b1010001 '
b1010001 ,
b1001111 &
b1001111 +
b1100011100 )
#3204000
b1101010 #
1!
b11101010 -
b100001 '
b100001 ,
b1001000 &
b1001000 +
b100101100111 *
#3205000
b1010000 #
0!
b1010000 -
b1010001 '
b1010001 ,
b1111110 &
b1111110 +
b100101101000 *
#3206000
b100011 #
b100011 -
b1000101 '
b1000101 ,
b1011101 &
b1011101 +
b1100011101 )
#3207000
b1111000 #
1!
b11111000 -
b1101110 '
b1101110 ,
b1001 &
b1001 +
b100101101001 *
#3208000
b11111 #
b10011111 -
b10010 '
b10010 ,
b1100 &
b1100 +
b100101101010 *
#3209000
b10111 #
0!
b10111 -
b1100011 '
b1100011 ,
b110011 &
b110011 +
b1100011110 )
#3210000
b1111000 #
1!
b11111000 -
b1000101 '
b1000101 ,
b110010 &
b110010 +
b100101101011 *
#3211000
b111110 #
b10111110 -
b101 '
b101 ,
b111000 &
b111000 +
b100101101100 *
#3212000
b1111110 #
b11111110 -
b1110001 '
b1110001 ,
b1100 &
b1100 +
b1100011111 )
#3213000
b1100111 #
b11100111 -
b11110 '
b11110 ,
b1001000 &
b1001000 +
b100101101101 *
#3214000
b110011 #
b10110011 -
b0 '
b0 ,
b110010 &
b110010 +
b100101101110 *
#3215000
b111011 #
0!
b111011 -
b1000000 '
b1000000 ,
b1111010 &
b1111010 +
b1100100000 )
#3216000
b1100101 #
1!
b11100101 -
b11010 '
b11010 ,
b1001010 &
b1001010 +
b100101101111 *
#3217000
b100000 #
0!
b100000 -
b1111000 '
b1111000 ,
b100111 &
b100111 +
b100101110000 *
#3218000
b1101010 #
1!
b11101010 -
b10001 '
b10001 ,
b1011000 &
b1011000 +
b100101110001 *
#3219000
b1011101 #
b11011101 -
b1011 '
b1011 ,
b1010001 &
b1010001 +
b100101110010 *
#3220000
b1100010 #
b11100010 -
b110000 '
b110000 ,
b110001 &
b110001 +
b100101110011 *
#3221000
b101111 #
0!
b101111 -
b1110110 '
b1110110 ,
b111000 &
b111000 +
b100101110100 *
#3222000
b1110001 #
1!
b11110001 -
b1000110 '
b1000110 ,
b101010 &
b101010 +
b100101110101 *
#3223000
b11011 #
b10011011 -
b10111 '
b10111 ,
b11 &
b11 +
b100101110110 *
#3224000
b1111101 #
b11111101 -
b10001 '
b10001 ,
b1101011 &
b1101011 +
b1100100001 )
#3225000
b1011000 #
0!
b1011000 -
b1101010 '
b1101010 ,
b1101101 &
b1101101 +
b100101110111 *
#3226000
b1000011 #
1!
b11000011 -
b100110 '
b100110 ,
b11100 &
b11100 +
b1100100010 )
#3227000
b100100 #
b10100100 -
b11000 '
b11000 ,
b1011 &
b1011 +
b100101111000 *
#3228000
b1010000 #
b11010000 -
b110011 '
b110011 ,
b11100 &
b11100 +
b1100100011 )
#3229000
0!
b1010000 -
b1101110 '
b1101110 ,
b1100001 &
b1100001 +
b100101111001 *
#3230000
b1000101 #
b1000101 -
b1110010 '
b1110010 ,
b1010010 &
b1010010 +
b1100100100 )
#3231000
b1100110 #
1!
b11100110 -
b111111 '
b111111 ,
b100110 &
b100110 +
b1100100101 )
#3232000
b1100111 #
b11100111 -
b1 '
b1 ,
b1100101 &
b1100101 +
b100101111010 *
#3233000
b101001 #
b10101001 -
b10101 '
b10101 ,
b10011 &
b10011 +
b100101111011 *
#3234000
b1010101 #
b11010101 -
b11011 '
b11011 ,
b111001 &
b111001 +
b1100100110 )
#3235000
b1011101 #
0!
b1011101 -
b1100010 '
b1100010 ,
b1111010 &
b1111010 +
b100101111100 *
#3236000
b1111110 #
1!
b11111110 -
b110010 '
b110010 ,
b1001011 &
b1001011 +
b1100100111 )
#3237000
b1011 #
0!
b1011 -
b1010111 '
b1010111 ,
b110011 &
b110011 +
b100101111101 *
#3238000
b100100 #
b100100 -
b110010 '
b110010 ,
b1110001 &
b1110001 +
b100101111110 *
#3239000
b111000 #
b111000 -
b1100101 '
b1100101 ,
b1010010 &
b1010010 +
b100101111111 *
#3240000
b1 #
b1 -
b10010 '
b10010 ,
b1101110 &
b1101110 +
b100110000000 *
#3241000
b1000000 #
1!
b11000000 -
b110001 '
b110001 ,
b1110 &
b1110 +
b100110000001 *
#3242000
b1101000 #
b11101000 -
b1010010 '
b1010010 ,
b10101 &
b10101 +
b100110000010 *
#3243000
b1001010 #
0!
b1001010 -
b1010111 '
b1010111 ,
b1110010 &
b1110010 +
b100110000011 *
#3244000
b1101000 #
1!
b11101000 -
b1000101 '
b1000101 ,
b100010 &
b100010 +
b1100101000 )
#3245000
b1011 #
0!
b1011 -
b1111101 '
b1111101 ,
b1101 &
b1101 +
b100110000100 *
#3246000
b1011001 #
b1011001 -
b1111100 '
b1111100 ,
b1011100 &
b1011100 +
b100110000101 *
#3247000
b1001010 #
1!
b11001010 -
b1001000 '
b1001000 ,
b1 &
b1 +
b1100101001 )
#3248000
b1011000 #
b11011000 -
b100 '
b100 ,
b1010011 &
b1010011 +
b100110000110 *
#3249000
b111 '
b111 ,
b1010000 &
b1010000 +
b100110000111 *
#3250000
b11 #
0!
b11 -
b1110100 '
b1110100 ,
b1110 &
b1110 +
b100110001000 *
#3251000
b1101101 #
1!
b11101101 -
b1010110 '
b1010110 ,
b10110 &
b10110 +
b100110001001 *
#3252000
b11111 #
0!
b11111 -
b1010010 '
b1010010 ,
b1001100 &
b1001100 +
b100110001010 *
#3253000
b110010 #
b110010 -
b1010110 '
b1010110 ,
b1011011 &
b1011011 +
b100110001011 *
#3254000
b1011111 #
1!
b11011111 -
b1010 '
b1010 ,
b1010100 &
b1010100 +
b100110001100 *
#3255000
b1000010 #
0!
b1000010 -
b1110101 '
b1110101 ,
b1001100 &
b1001100 +
b100110001101 *
#3256000
b1111000 #
1!
b11111000 -
b100111 '
b100111 ,
b1010000 &
b1010000 +
b1100101010 )
#3257000
b1111 #
0!
b1111 -
b101100 '
b101100 ,
b1100010 &
b1100010 +
b100110001110 *
#3258000
b1000100 #
b1000100 -
b1100111 '
b1100111 ,
b1011100 &
b1011100 +
b100110001111 *
#3259000
b1100101 #
b1100101 -
b1101001 '
b1101001 ,
b1111011 &
b1111011 +
b1100101011 )
#3260000
b11110 #
1!
b10011110 -
b10000 '
b10000 ,
b1101 &
b1101 +
b1100101100 )
#3261000
b1101100 #
b11101100 -
b1000010 '
b1000010 ,
b101001 &
b101001 +
b1100101101 )
#3262000
b101001 #
0!
b101001 -
b1001101 '
b1001101 ,
b1011011 &
b1011011 +
b100110010000 *
#3263000
b100 #
b100 -
b1111110 '
b1111110 ,
b101 &
b101 +
b100110010001 *
#3264000
b111100 #
b111100 -
b1010010 '
b1010010 ,
b1101001 &
b1101001 +
b100110010010 *
#3265000
b110110 #
b110110 -
b111001 '
b111001 ,
b1111100 &
b1111100 +
b100110010011 *
#3266000
b101100 #
b101100 -
b1001001 '
b1001001 ,
b1100010 &
b1100010 +
b100110010100 *
#3267000
b110000 #
b110000 -
b1111000 '
b1111000 ,
b110111 &
b110111 +
b100110010101 *
#3268000
b10111 #
b10111 -
b1110111 '
b1110111 ,
b11111 &
b11111 +
b100110010110 *
#3269000
b10 #
b10 -
b1000001 '
b1000001 ,
b1000000 &
b1000000 +
b100110010111 *
#3270000
b1111000 #
1!
b11111000 -
b1101010 '
b1101010 ,
b1101 &
b1101 +
b100110011000 *
#3271000
b0 #
b0 -
b110010 '
b110010 ,
b1001101 &
b1001101 +
b100110011001 *
#3272000
b100000 #
0!
b100000 -
b1011110 '
b1011110 ,
b1000001 &
b1000001 +
b100110011010 *
#3273000
b11011 #
b11011 -
b1111111 '
b1111111 ,
b11011 &
b11011 +
b100110011011 *
#3274000
b1101110 #
1!
b11101110 -
b1100100 '
b1100100 ,
b1001 &
b1001 +
b100110011100 *
#3275000
b11 #
0!
b11 -
b101 '
b101 ,
b1111101 &
b1111101 +
b100110011101 *
#3276000
b1000011 #
1!
b11000011 -
b111100 '
b111100 ,
b110 &
b110 +
b100110011110 *
#3277000
b1100000 #
b11100000 -
b100110 '
b100110 ,
b111001 &
b111001 +
b100110011111 *
#3278000
b100111 #
0!
b100111 -
b110001 '
b110001 ,
b1110101 &
b1110101 +
b100110100000 *
#3279000
b100 #
b100 -
b1010101 '
b1010101 ,
b101110 &
b101110 +
b100110100001 *
#3280000
b10000 #
b10000 -
b11011 '
b11011 ,
b1110100 &
b1110100 +
b100110100010 *
#3281000
b1100011 #
1!
b11100011 -
b1000101 '
b1000101 ,
b11101 &
b11101 +
b100110100011 *
#3282000
b1000000 #
b11000000 -
b101000 '
b101000 ,
b10111 &
b10111 +
b100110100100 *
#3283000
b11010 #
0!
b11010 -
b1100100 '
b1100100 ,
b110101 &
b110101 +
b100110100101 *
#3284000
b110001 #
b110001 -
b1001000 '
b1001000 ,
b1101000 &
b1101000 +
b100110100110 *
#3285000
b1101111 #
1!
b11101111 -
b1010101 '
b1010101 ,
b11001 &
b11001 +
b100110100111 *
#3286000
b1111011 #
b11111011 -
b10000 '
b10000 ,
b1101010 &
b1101010 +
b100110101000 *
#3287000
b1100 #
0!
b1100 -
b1010110 '
b1010110 ,
b110101 &
b110101 +
b100110101001 *
#3288000
b110010 #
b110010 -
b1000110 '
b1000110 ,
b1101011 &
b1101011 +
b100110101010 *
#3289000
b1001101 #
b1001101 -
b1111010 '
b1111010 ,
b1010010 &
b1010010 +
b100110101011 *
#3290000
b101011 #
1!
b10101011 -
b100011 '
b100011 ,
b111 &
b111 +
b1100101110 )
#3291000
b11 #
0!
b11 -
b1110000 '
b1110000 ,
b10010 &
b10010 +
b1100101111 )
#3292000
b10111 #
b10111 -
b101110 '
b101110 ,
b1101000 &
b1101000 +
b100110101100 *
#3293000
b1100010 #
b1100010 -
b1111011 '
b1111011 ,
b1100110 &
b1100110 +
b100110101101 *
#3294000
b1110101 #
1!
b11110101 -
b10010 '
b10010 ,
b1100010 &
b1100010 +
b1100110000 )
#3295000
b10000 #
b10010000 -
b1100 '
b1100 ,
b11 &
b11 +
b100110101110 *
#3296000
b1000010 #
b11000010 -
b1010 '
b1010 ,
b110111 &
b110111 +
b1100110001 )
#3297000
b10010 #
0!
b10010 -
b1110011 '
b1110011 ,
b11110 &
b11110 +
b100110101111 *
#3298000
b1011101 #
b1011101 -
b1111010 '
b1111010 ,
b1100010 &
b1100010 +
b100110110000 *
#3299000
b1110110 #
1!
b11110110 -
b1000111 '
b1000111 ,
b101110 &
b101110 +
b1100110010 )
#3300000
b100110 #
0!
b100110 -
b101000 '
b101000 ,
b1111101 &
b1111101 +
b100110110001 *
#3301000
b10 #
b10 -
b111111 '
b111111 ,
b1000010 &
b1000010 +
b100110110010 *
#3302000
b100100 #
b100100 -
b1010100 '
b1010100 ,
b1001111 &
b1001111 +
b100110110011 *
#3303000
b1010101 #
b1010101 -
b1101000 '
b1101000 ,
b1101100 &
b1101100 +
b100110110100 *
#3304000
b1010110 #
b1010110 -
b1101011 '
b1101011 ,
b1101010 &
b1101010 +
b1100110011 )
#3305000
b100100 #
1!
b10100100 -
b11101 '
b11101 ,
b110 &
b110 +
b1100110100 )
#3306000
b1110111 #
b11110111 -
b1011110 '
b1011110 ,
b11000 &
b11000 +
b1100110101 )
#3307000
b11010 #
0!
b11010 -
b1111101 '
b1111101 ,
b11100 &
b11100 +
b100110110101 *
#3308000
b1010010 #
1!
b11010010 -
b1001 '
b1001 ,
b1001000 &
b1001000 +
b100110110110 *
#3309000
b110 #
b10000110 -
b100 '
b100 ,
b1 &
b1 +
b100110110111 *
#3310000
b1101110 #
0!
b1101110 -
b1111010 '
b1111010 ,
b1110011 &
b1110011 +
b1100110110 )
#3311000
b111110 #
1!
b10111110 -
b110001 '
b110001 ,
b1100 &
b1100 +
b1100110111 )
#3312000
b110101 #
0!
b110101 -
b1001010 '
b1001010 ,
b1101010 &
b1101010 +
b1100111000 )
#3313000
b1010 #
b1010 -
b111001 '
b111001 ,
b1010000 &
b1010000 +
b100110111000 *
#3314000
b1011011 #
1!
b11011011 -
b111 '
b111 ,
b1010011 &
b1010011 +
b100110111001 *
#3315000
b1100000 #
b11100000 -
b1011010 '
b1011010 ,
b101 &
b101 +
b100110111010 *
#3316000
b100111 #
0!
b100111 -
b111001 '
b111001 ,
b1101101 &
b1101101 +
b100110111011 *
#3317000
b1011000 #
1!
b11011000 -
b10111 '
b10111 ,
b1000000 &
b1000000 +
b100110111100 *
#3318000
b1100111 #
b11100111 -
b101110 '
b101110 ,
b111000 &
b111000 +
b100110111101 *
#3319000
b11101 #
0!
b11101 -
b111100 '
b111100 ,
b1100000 &
b1100000 +
b100110111110 *
#3320000
b100111 #
b100111 -
b1010101 '
b1010101 ,
b1010001 &
b1010001 +
b100110111111 *
#3321000
b101101 #
1!
b10101101 -
b10011 '
b10011 ,
b11001 &
b11001 +
b100111000000 *
#3322000
b1 #
0!
b1 -
b101011 '
b101011 ,
b1010101 &
b1010101 +
b1100111001 )
#3323000
b1001101 #
1!
b11001101 -
b1100 '
b1100 ,
b1000000 &
b1000000 +
b100111000001 *
#3324000
b11011 #
0!
b11011 -
b101101 '
b101101 ,
b1101101 &
b1101101 +
b100111000010 *
#3325000
b1110001 #
b1110001 -
b1110001 '
b1110001 ,
b1111111 &
b1111111 +
b100111000011 *
#3326000
b11101 #
1!
b10011101 -
b10000 '
b10000 ,
b1100 &
b1100 +
b1100111010 )
#3327000
b1111110 #
b11111110 -
b100001 '
b100001 ,
b1011100 &
b1011100 +
b1100111011 )
#3328000
b1000000 #
b11000000 -
b11 '
b11 ,
b111100 &
b111100 +
b100111000100 *
#3329000
b100110 #
0!
b100110 -
b111010 '
b111010 ,
b1101011 &
b1101011 +
b100111000101 *
#3330000
b1000010 #
b1000010 -
b1110110 '
b1110110 ,
b1001011 &
b1001011 +
b100111000110 *
#3331000
b1001100 #
b1001100 -
b1100101 '
b1100101 ,
b1100110 &
b1100110 +
b1100111100 )
#3332000
b1011001 #
b1011001 -
b1011100 '
b1011100 ,
b1111100 &
b1111100 +
b1100111101 )
#3333000
b100001 #
b100001 -
b1100110 '
b1100110 ,
b111010 &
b111010 +
b1100111110 )
#3334000
b1101010 #
1!
b11101010 -
b110100 '
b110100 ,
b110101 &
b110101 +
b100111000111 *
#3335000
b1111100 #
b11111100 -
b1110110 '
b1110110 ,
b101 &
b101 +
b100111001000 *
#3336000
b110111 #
b10110111 -
b1100 '
b1100 ,
b101010 &
b101010 +
b100111001001 *
#3337000
b10000 #
0!
b10000 -
b111000 '
b111000 ,
b1010111 &
b1010111 +
b1100111111 )
#3338000
b101101 #
1!
b10101101 -
b1 '
b1 ,
b101011 &
b101011 +
b100111001010 *
#3339000
b1111010 #
b11111010 -
b1100 '
b1100 ,
b1101101 &
b1101101 +
b1101000000 )
#3340000
b10010 #
0!
b10010 -
b111010 '
b111010 ,
b1010111 &
b1010111 +
b100111001011 *
#3341000
b1011111 #
b1011111 -
b1100001 '
b1100001 ,
b1111101 &
b1111101 +
b100111001100 *
#3342000
b1000100 #
1!
b11000100 -
b11000 '
b11000 ,
b101011 &
b101011 +
b1101000001 )
#3343000
b1111 #
b10001111 -
b110 '
b110 ,
b1000 &
b1000 +
b100111001101 *
#3344000
b101111 #
0!
b101111 -
b1011101 '
b1011101 ,
b1010001 &
b1010001 +
b1101000010 )
#3345000
b1010111 #
1!
b11010111 -
b1001010 '
b1001010 ,
b1100 &
b1100 +
b100111001110 *
#3346000
b1010001 #
b11010001 -
b1001011 '
b1001011 ,
b101 &
b101 +
b100111001111 *
#3347000
b1111110 #
b11111110 -
b111101 '
b111101 ,
b1000000 &
b1000000 +
b100111010000 *
#3348000
b1010010 #
b11010010 -
b101110 '
b101110 ,
b100011 &
b100011 +
b100111010001 *
#3349000
b11111 #
0!
b11111 -
b11111 '
b11111 ,
b1111111 &
b1111111 +
b100111010010 *
#3350000
b1000 #
b1000 -
b11010 '
b11010 ,
b1101101 &
b1101101 +
b100111010011 *
#3351000
b1011100 #
1!
b11011100 -
b111 '
b111 ,
b1010100 &
b1010100 +
b100111010100 *
#3352000
b1011 #
0!
b1011 -
b10101 '
b10101 ,
b1110101 &
b1110101 +
b100111010101 *
#3353000
b111 #
b111 -
b10110 '
b10110 ,
b1110000 &
b1110000 +
b100111010110 *
#3354000
b10010 #
b10010 -
b110010 '
b110010 ,
b1011111 &
b1011111 +
b100111010111 *
#3355000
b1001111 #
b1001111 -
b1111001 '
b1111001 ,
b1010101 &
b1010101 +
b100111011000 *
#3356000
b1001000 #
1!
b11001000 -
b1100 '
b1100 ,
b111011 &
b111011 +
b1101000011 )
#3357000
b11101 #
0!
b11101 -
b1100001 '
b1100001 ,
b100111011001 *
#3358000
b1010100 #
b1010100 -
b1110100 '
b1110100 ,
b1011111 &
b1011111 +
b100111011010 *
#3359000
b110 #
b110 -
b1010111 '
b1010111 ,
b101110 &
b101110 +
b1101000100 )
#3360000
b111111 #
b111111 -
b1111011 '
b1111011 ,
b1000011 &
b1000011 +
b100111011011 *
#3361000
b11101 #
b11101 -
b1100110 '
b1100110 ,
b110110 &
b110110 +
b100111011100 *
#3362000
b1111000 #
1!
b11111000 -
b1101000 '
b1101000 ,
b1111 &
b1111 +
b100111011101 *
#3363000
b1110 #
0!
b1110 -
b1000101 '
b1000101 ,
b1001000 &
b1001000 +
b100111011110 *
#3364000
b11110 #
1!
b10011110 -
b1011 '
b1011 ,
b10010 &
b10010 +
b100111011111 *
#3365000
b101100 #
b10101100 -
b100111 '
b100111 ,
b100 &
b100 +
b1101000101 )
#3366000
b1001111 #
b11001111 -
b110001 '
b110001 ,
b11101 &
b11101 +
b1101000110 )
#3367000
b1111011 #
b11111011 -
b101110 '
b101110 ,
b1001100 &
b1001100 +
b100111100000 *
#3368000
b11100 #
0!
b11100 -
b1110101 '
b1110101 ,
b100110 &
b100110 +
b100111100001 *
#3369000
b1011100 #
b1011100 -
b1100001 '
b1100001 ,
b1111010 &
b1111010 +
b100111100010 *
#3370000
b1111101 #
1!
b11111101 -
b1110000 '
b1110000 ,
b1100 &
b1100 +
b1101000111 )
#3371000
b1010000 #
0!
b1010000 -
b1011110 '
b1011110 ,
b1110001 &
b1110001 +
b100111100011 *
#3372000
b1000100 #
1!
b11000100 -
b111111 '
b111111 ,
b100 &
b100 +
b1101001000 )
#3373000
b1101 #
0!
b1101 -
b1101010 '
b1101010 ,
b100010 &
b100010 +
b100111100100 *
#3374000
b1111001 #
1!
b11111001 -
b100110 '
b100110 ,
b1010010 &
b1010010 +
b100111100101 *
#3375000
b1001010 #
0!
b1001010 -
b1011011 '
b1011011 ,
b1101110 &
b1101110 +
b100111100110 *
#3376000
b100011 #
1!
b10100011 -
b0 '
b0 ,
b100010 &
b100010 +
b1101001001 )
#3377000
b10010 #
0!
b10010 -
b111110 '
b111110 ,
b1010011 &
b1010011 +
b1101001010 )
#3378000
b1011101 #
1!
b11011101 -
b1110 '
b1110 ,
b1001110 &
b1001110 +
b100111100111 *
#3379000
b1101110 #
0!
b1101110 -
b1110001 '
b1110001 ,
b1111100 &
b1111100 +
b100111101000 *
#3380000
b111111 #
1!
b10111111 -
b1110 '
b1110 ,
b110000 &
b110000 +
b1101001011 )
#3381000
b110100 #
0!
b110100 -
b1001111 '
b1001111 ,
b1100100 &
b1100100 +
b1101001100 )
#3382000
b0 #
1!
b0 -
b1101001 '
b1101001 ,
b10110 &
b10110 +
b100111101001 *
#3383000
b1101101 #
0!
b1101101 -
b1111000 '
b1111000 ,
b1110100 &
b1110100 +
b100111101010 *
#3384000
b1010110 #
1!
b11010110 -
b101011 '
b101011 ,
b101010 &
b101010 +
b1101001101 )
#3385000
b1110100 #
b11110100 -
b1 '
b1 ,
b1110010 &
b1110010 +
b100111101011 *
#3386000
b1101010 #
b11101010 -
b1001001 '
b1001001 ,
b100000 &
b100000 +
b100111101100 *
#3387000
b1010110 #
b11010110 -
b1010100 '
b1010100 ,
b1 &
b1 +
b100111101101 *
#3388000
b1111110 #
b11111110 -
b101011 '
b101011 ,
b1010010 &
b1010010 +
b100111101110 *
#3389000
b100101 #
0!
b100101 -
b1100101 '
b1100101 ,
b111111 &
b111111 +
b100111101111 *
#3390000
b1101 #
b1101 -
b1001100 '
b1001100 ,
b1000000 &
b1000000 +
b100111110000 *
#3391000
b11010 #
b11010 -
b100110 '
b100110 ,
b1110011 &
b1110011 +
b100111110001 *
#3392000
b100 #
b100 -
b1101 '
b1101 ,
b1110110 &
b1110110 +
b100111110010 *
#3393000
b1100001 #
1!
b11100001 -
b101110 '
b101110 ,
b110010 &
b110010 +
b100111110011 *
#3394000
b1011000 #
0!
b1011000 -
b1011010 '
b1011010 ,
b1111101 &
b1111101 +
b100111110100 *
#3395000
b1011100 #
1!
b11011100 -
b111110 '
b111110 ,
b11101 &
b11101 +
b1101001110 )
#3396000
b100111 #
b10100111 -
b1110 '
b1110 ,
b11000 &
b11000 +
b100111110101 *
#3397000
b111000 #
0!
b111000 -
b1010111 '
b1010111 ,
b1100000 &
b1100000 +
b1101001111 )
#3398000
b10100 #
b10100 -
b1010001 '
b1010001 ,
b1000010 &
b1000010 +
b100111110110 *
#3399000
b11000 #
b11000 -
b1000001 '
b1000001 ,
b1010110 &
b1010110 +
b100111110111 *
#3400000
b11011 #
b11011 -
b111001 '
b111001 ,
b1100001 &
b1100001 +
b100111111000 *
#3401000
b1000000 #
1!
b11000000 -
b110 '
b110 ,
b111001 &
b111001 +
b100111111001 *
#3402000
b1111 #
0!
b1111 -
b101011 '
b101011 ,
b1100011 &
b1100011 +
b100111111010 *
#3403000
b1100 #
1!
b10001100 -
b1 '
b1 ,
b1010 &
b1010 +
b100111111011 *
#3404000
b1100101 #
0!
b1100101 -
b1101000 '
b1101000 ,
b1111100 &
b1111100 +
b1101010000 )
#3405000
b1110000 #
1!
b11110000 -
b101000 '
b101000 ,
b1000111 &
b1000111 +
b1101010001 )
#3406000
b100011 #
0!
b100011 -
b100100 '
b100100 ,
b1111110 &
b1111110 +
b100111111100 *
#3407000
b110 #
b110 -
b11010 '
b11010 ,
b1101011 &
b1101011 +
b100111111101 *
#3408000
b1111011 #
1!
b11111011 -
b111111 '
b111111 ,
b111011 &
b111011 +
b100111111110 *
#3409000
b1000111 #
b11000111 -
b111110 '
b111110 ,
b1000 &
b1000 +
b100111111111 *
#3410000
b1111010 #
b11111010 -
b1001010 '
b1001010 ,
b101111 &
b101111 +
b101000000000 *
#3411000
b1110001 #
b11110001 -
b111100 '
b111100 ,
b110100 &
b110100 +
b101000000001 *
#3412000
b111110 #
b10111110 -
b100001 '
b100001 ,
b11100 &
b11100 +
b101000000010 *
#3413000
b1001010 #
0!
b1001010 -
b1101011 '
b1101011 ,
b1011110 &
b1011110 +
b1101010010 )
#3414000
b110100 #
1!
b10110100 -
b10011 '
b10011 ,
b100000 &
b100000 +
b1101010011 )
#3415000
b110101 #
b10110101 -
b110000 '
b110000 ,
b100 &
b100 +
b1101010100 )
#3416000
b1000001 #
b11000001 -
b11100 '
b11100 ,
b100100 &
b100100 +
b1101010101 )
#3417000
b1001100 #
b11001100 -
b110011 '
b110011 ,
b11000 &
b11000 +
b101000000011 *
#3418000
b1010100 #
0!
b1010100 -
b1100010 '
b1100010 ,
b1110001 &
b1110001 +
b101000000100 *
#3419000
b1110000 #
1!
b11110000 -
b11001 '
b11001 ,
b1010110 &
b1010110 +
b1101010110 )
#3420000
b1011100 #
b11011100 -
b1001011 '
b1001011 ,
b10000 &
b10000 +
b101000000101 *
#3421000
b1100 #
0!
b1100 -
b1111000 '
b1111000 ,
b10011 &
b10011 +
b101000000110 *
#3422000
b1111101 #
1!
b11111101 -
b111 '
b111 ,
b1110101 &
b1110101 +
b101000000111 *
#3423000
b1110010 #
b11110010 -
b1100111 '
b1100111 ,
b1010 &
b1010 +
b101000001000 *
#3424000
b11000 #
0!
b11000 -
b110100 '
b110100 ,
b1100011 &
b1100011 +
b101000001001 *
#3425000
b100111 '
b100111 ,
b1110000 &
b1110000 +
b101000001010 *
#3426000
b0 #
1!
b0 -
b110110 '
b110110 ,
b1001001 &
b1001001 +
b101000001011 *
#3427000
b10010 #
b10010010 -
b100 '
b100 ,
b1101 &
b1101 +
b101000001100 *
#3428000
b1100001 #
b11100001 -
b11100 '
b11100 ,
b1000100 &
b1000100 +
b1101010111 )
#3429000
b10011 #
0!
b10011 -
b100111 '
b100111 ,
b1101011 &
b1101011 +
b101000001101 *
#3430000
b111110 #
b111110 -
b1111001 '
b1111001 ,
b1000100 &
b1000100 +
b101000001110 *
#3431000
b1010101 #
1!
b11010101 -
b111110 '
b111110 ,
b10110 &
b10110 +
b101000001111 *
#3432000
b1110 #
0!
b1110 -
b1001110 '
b1001110 ,
b111111 &
b111111 +
b101000010000 *
#3433000
b110101 #
b110101 -
b1110110 '
b1110110 ,
b111110 &
b111110 +
b101000010001 *
#3434000
b1010010 #
1!
b11010010 -
b10110 '
b10110 ,
b111011 &
b111011 +
b101000010010 *
#3435000
b1010111 #
0!
b1010111 -
b1100000 '
b1100000 ,
b1110110 &
b1110110 +
b101000010011 *
#3436000
b110111 #
b110111 -
b1100110 '
b1100110 ,
b1010000 &
b1010000 +
b1101011000 )
#3437000
b101001 #
1!
b10101001 -
b110 '
b110 ,
b100010 &
b100010 +
b101000010100 *
#3438000
b10011 #
0!
b10011 -
b1101110 '
b1101110 ,
b100100 &
b100100 +
b1101011001 )
#3439000
b10110 #
1!
b10010110 -
b1011 '
b1011 ,
b1010 &
b1010 +
b101000010101 *
#3440000
b1011101 #
b11011101 -
b110 '
b110 ,
b1010110 &
b1010110 +
b1101011010 )
#3441000
b111100 #
0!
b111100 -
b1001111 '
b1001111 ,
b1101100 &
b1101100 +
b101000010110 *
#3442000
b1100010 #
1!
b11100010 -
b1011000 '
b1011000 ,
b1001 &
b1001 +
b101000010111 *
#3443000
b1 #
0!
b1 -
b1000010 '
b1000010 ,
b111110 &
b111110 +
b101000011000 *
#3444000
b1011110 #
1!
b11011110 -
b1111 '
b1111 ,
b1001110 &
b1001110 +
b101000011001 *
#3445000
b1010000 #
b11010000 -
b10100 '
b10100 ,
b111011 &
b111011 +
b101000011010 *
#3446000
b1000100 #
0!
b1000100 -
b1101011 '
b1101011 ,
b1011000 &
b1011000 +
b101000011011 *
#3447000
b1011010 #
1!
b11011010 -
b110000 '
b110000 ,
b101001 &
b101001 +
b1101011011 )
#3448000
b1000000 #
0!
b1000000 -
b1001010 '
b1001010 ,
b1110101 &
b1110101 +
b101000011100 *
#3449000
b101010 #
b101010 -
b1101011 '
b1101011 ,
b111110 &
b111110 +
b1101011100 )
#3450000
b1011010 #
1!
b11011010 -
b1001111 '
b1001111 ,
b1010 &
b1010 +
b101000011101 *
#3451000
b1101001 #
b11101001 -
b100110 '
b100110 ,
b1000010 &
b1000010 +
b101000011110 *
#3452000
b1000000 #
b11000000 -
b1010 '
b1010 ,
b110101 &
b110101 +
b101000011111 *
#3453000
b10000 #
0!
b10000 -
b1110100 '
b1110100 ,
b11011 &
b11011 +
b101000100000 *
#3454000
b10100 #
b10100 -
b1110001 '
b1110001 ,
b100010 &
b100010 +
b101000100001 *
#3455000
b1 #
b1 -
b1010011 '
b1010011 ,
b101101 &
b101101 +
b101000100010 *
#3456000
b1000010 #
b1000010 -
b1001110 '
b1001110 ,
b1110011 &
b1110011 +
b101000100011 *
#3457000
b101110 #
b101110 -
b1001001 '
b1001001 ,
b1100100 &
b1100100 +
b1101011101 )
#3458000
b1001001 #
1!
b11001001 -
b1000101 '
b1000101 ,
b11 &
b11 +
b101000100100 *
#3459000
b1001110 #
b11001110 -
b101100 '
b101100 ,
b100001 &
b100001 +
b101000100101 *
#3460000
b1111011 #
b11111011 -
b1001100 '
b1001100 ,
b101110 &
b101110 +
b101000100110 *
#3461000
b1010000 #
b11010000 -
b101010 '
b101010 ,
b100101 &
b100101 +
b101000100111 *
#3462000
b1111 #
0!
b1111 -
b1110000 '
b1110000 ,
b11110 &
b11110 +
b101000101000 *
#3463000
b1111010 #
1!
b11111010 -
b11000 '
b11000 ,
b1100001 &
b1100001 +
b101000101001 *
#3464000
b1010 #
b10001010 -
b111 '
b111 ,
b10 &
b10 +
b101000101010 *
#3465000
b1110011 #
b11110011 -
b1011111 '
b1011111 ,
b10011 &
b10011 +
b1101011110 )
#3466000
b1101111 #
0!
b1101111 -
b1110001 '
b1110001 ,
b1111101 &
b1111101 +
b101000101011 *
#3467000
b100010 #
b100010 -
b1001010 '
b1001010 ,
b1010111 &
b1010111 +
b1101011111 )
#3468000
b110111 #
b110111 -
b1000111 '
b1000111 ,
b1101111 &
b1101111 +
b101000101100 *
#3469000
b11011 #
b11011 -
b1010000 '
b1010000 ,
b1001010 &
b1001010 +
b101000101101 *
#3470000
b1011111 #
1!
b11011111 -
b1000100 '
b1000100 ,
b11010 &
b11010 +
b101000101110 *
#3471000
b10010 #
0!
b10010 -
b1011000 '
b1011000 ,
b111001 &
b111001 +
b101000101111 *
#3472000
b110000 #
1!
b10110000 -
b100001 '
b100001 ,
b1110 &
b1110 +
b101000110000 *
#3473000
b1111100 #
b11111100 -
b1011000 '
b1011000 ,
b100011 &
b100011 +
b1101100000 )
#3474000
b10010 #
0!
b10010 -
b1110010 '
b1110010 ,
b11111 &
b11111 +
b101000110001 *
#3475000
b1011110 #
1!
b11011110 -
b1000 '
b1000 ,
b1010101 &
b1010101 +
b101000110010 *
#3476000
b1110000 #
b11110000 -
b1100001 '
b1100001 ,
b1110 &
b1110 +
b101000110011 *
#3477000
b1111001 #
b11111001 -
b1001111 '
b1001111 ,
b101001 &
b101001 +
b101000110100 *
#3478000
b10111 #
0!
b10111 -
b101010 '
b101010 ,
b1101100 &
b1101100 +
b101000110101 *
#3479000
b1000001 #
b1000001 -
b1011000 '
b1011000 ,
b1101000 &
b1101000 +
b101000110110 *
#3480000
b1110 #
b1110 -
b1111010 '
b1111010 ,
b10011 &
b10011 +
b1101100001 )
#3481000
b1101000 #
1!
b11101000 -
b1001001 '
b1001001 ,
b11110 &
b11110 +
b101000110111 *
#3482000
b1001000 #
b11001000 -
b1000001 '
b1000001 ,
b110 &
b110 +
b101000111000 *
#3483000
b1010000 #
b11010000 -
b111000 '
b111000 ,
b10111 &
b10111 +
b101000111001 *
#3484000
b1001100 #
0!
b1001100 -
b1101010 '
b1101010 ,
b1100001 &
b1100001 +
b101000111010 *
#3485000
b110111 #
1!
b10110111 -
b10110 '
b10110 ,
b100000 &
b100000 +
b1101100010 )
#3486000
b1000 #
0!
b1000 -
b111001 '
b111001 ,
b1001110 &
b1001110 +
b1101100011 )
#3487000
b1111110 #
1!
b11111110 -
b11 '
b11 ,
b1111010 &
b1111010 +
b101000111011 *
#3488000
b1000 #
0!
b1000 -
b10101 '
b10101 ,
b1110010 &
b1110010 +
b101000111100 *
#3489000
b1001010 #
b1001010 -
b1101011 '
b1101011 ,
b1011110 &
b1011110 +
b101000111101 *
#3490000
b1001110 #
1!
b11001110 -
b110001 '
b110001 ,
b11100 &
b11100 +
b1101100100 )
#3491000
b1101100 #
b11101100 -
b101011 '
b101011 ,
b1000000 &
b1000000 +
b101000111110 *
#3492000
b1100111 #
b11100111 -
b11000 '
b11000 ,
b1001110 &
b1001110 +
b101000111111 *
#3493000
b1000000 #
0!
b1000000 -
b1010100 '
b1010100 ,
b1101011 &
b1101011 +
b101001000000 *
#3494000
b1011 #
b1011 -
b1011011 '
b1011011 ,
b101111 &
b101111 +
b1101100101 )
#3495000
b1100 #
b1100 -
b11111 '
b11111 ,
b1101100 &
b1101100 +
b101001000001 *
#3496000
b1100110 #
1!
b11100110 -
b10111 '
b10111 ,
b1001110 &
b1001110 +
b101001000010 *
#3497000
b1110110 #
b11110110 -
b1010001 '
b1010001 ,
b100100 &
b100100 +
b101001000011 *
#3498000
b1010010 #
0!
b1010010 -
b1100000 '
b1100000 ,
b1110001 &
b1110001 +
b101001000100 *
#3499000
b11001 #
b11001 -
b1101011 '
b1101011 ,
b101101 &
b101101 +
b1101100110 )
#3500000
b100110 #
b100110 -
b1111101 '
b1111101 ,
b101000 &
b101000 +
b101001000101 *
#3501000
b1100110 #
1!
b11100110 -
b110000 '
b110000 ,
b110101 &
b110101 +
b101001000110 *
#3502000
b1011000 #
b11011000 -
b1000010 '
b1000010 ,
b10101 &
b10101 +
b101001000111 *
#3503000
b1001101 #
b11001101 -
b1001 '
b1001 ,
b1000011 &
b1000011 +
b101001001000 *
#3504000
b11011 #
0!
b11011 -
b111011 '
b111011 ,
b1011111 &
b1011111 +
b101001001001 *
#3505000
b1010000 #
1!
b11010000 -
b100001 '
b100001 ,
b101110 &
b101110 +
b101001001010 *
#3506000
b1000100 #
b11000100 -
b110010 '
b110010 ,
b10001 &
b10001 +
b101001001011 *
#3507000
b100 #
0!
b100 -
b1110100 '
b1110100 ,
b1111 &
b1111 +
b101001001100 *
#3508000
b10 #
b10 -
b1111101 '
b1111101 ,
b100 &
b100 +
b101001001101 *
#3509000
b110100 #
b110100 -
b110110 &
b110110 +
b101001001110 *
#3510000
b1001110 #
b1001110 -
b1100011 '
b1100011 ,
b1101010 &
b1101010 +
b101001001111 *
#3511000
b1111 #
b1111 -
b1101010 '
b1101010 ,
b100100 &
b100100 +
b1101100111 )
#3512000
b11111 #
b11111 -
b1001111 '
b1001111 ,
b1001111 &
b1001111 +
b101001010000 *
#3513000
b11110 #
b11110 -
b1001011 '
b1001011 ,
b1010010 &
b1010010 +
b101001010001 *
#3514000
b101010 #
b101010 -
b1001100 '
b1001100 ,
b1011101 &
b1011101 +
b101001010010 *
#3515000
b1110010 #
1!
b11110010 -
b1101011 '
b1101011 ,
b110 &
b110 +
b101001010011 *
#3516000
b1011101 #
b11011101 -
b1001001 '
b1001001 ,
b10011 &
b10011 +
b101001010100 *
#3517000
b111111 #
0!
b111111 -
b1110111 '
b1110111 ,
b1000111 &
b1000111 +
b101001010101 *
#3518000
b1001011 #
b1001011 -
b1101101 '
b1101101 ,
b1011101 &
b1011101 +
b101001010110 *
#3519000
b1011101 #
b1011101 -
b1101111 '
b1101111 ,
b1101101 &
b1101101 +
b1101101000 )
#3520000
b110010 #
1!
b10110010 -
b100101 '
b100101 ,
b1100 &
b1100 +
b1101101001 )
#3521000
b1011000 #
b11011000 -
b1000100 '
b1000100 ,
b10011 &
b10011 +
b1101101010 )
#3522000
b1101100 #
b11101100 -
b100 '
b100 ,
b1100111 &
b1100111 +
b101001010111 *
#3523000
b1001 #
0!
b1001 -
b1010101 '
b1010101 ,
b110011 &
b110011 +
b101001011000 *
#3524000
b1010010 #
b1010010 -
b1010110 '
b1010110 ,
b1111011 &
b1111011 +
b101001011001 *
#3525000
b1110101 #
b1110101 -
b1111000 '
b1111000 ,
b1111100 &
b1111100 +
b1101101011 )
#3526000
b1110110 #
1!
b11110110 -
b1000000 '
b1000000 ,
b110101 &
b110101 +
b1101101100 )
#3527000
b1010000 #
b11010000 -
b100 '
b100 ,
b1001011 &
b1001011 +
b101001011010 *
#3528000
b111001 #
b10111001 -
b10010 '
b10010 ,
b100110 &
b100110 +
b101001011011 *
#3529000
b1110101 #
b11110101 -
b111010 '
b111010 ,
b111010 &
b111010 +
b1101101101 )
#3530000
b100110 #
0!
b100110 -
b1100011 '
b1100011 ,
b1000010 &
b1000010 +
b101001011100 *
#3531000
b100111 #
b100111 -
b1001111 '
b1001111 ,
b1010111 &
b1010111 +
b101001011101 *
#3532000
b10 #
b10 -
b1010110 '
b1010110 ,
b101011 &
b101011 +
b101001011110 *
#3533000
b1101100 #
1!
b11101100 -
b110001 '
b110001 ,
b111010 &
b111010 +
b101001011111 *
#3534000
b10010 #
0!
b10010 -
b1100111 '
b1100111 ,
b101010 &
b101010 +
b101001100000 *
#3535000
b1011110 #
1!
b11011110 -
b111 '
b111 ,
b1010110 &
b1010110 +
b101001100001 *
#3536000
b111 #
0!
b111 -
b1100001 '
b1100001 ,
b100101 &
b100101 +
b101001100010 *
#3537000
b1000001 #
b1000001 -
b1001111 '
b1001111 ,
b1110001 &
b1110001 +
b101001100011 *
#3538000
b1110100 #
1!
b11110100 -
b10011 '
b10011 ,
b1100000 &
b1100000 +
b1101101110 )
#3539000
b110000 #
0!
b110000 -
b1001010 '
b1001010 ,
b1100101 &
b1100101 +
b101001100100 *
#3540000
b1100010 #
1!
b11100010 -
b101011 '
b101011 ,
b110110 &
b110110 +
b101001100101 *
#3541000
b110101 #
0!
b110101 -
b1100010 '
b1100010 ,
b1010010 &
b1010010 +
b101001100110 *
#3542000
b1001100 #
1!
b11001100 -
b1101 '
b1101 ,
b111110 &
b111110 +
b101001100111 *
#3543000
b101010 #
b10101010 -
b110 '
b110 ,
b100011 &
b100011 +
b101001101000 *
#3544000
b101100 #
0!
b101100 -
b1001110 '
b1001110 ,
b1011101 &
b1011101 +
b1101101111 )
#3545000
b100110 #
b100110 -
b1010000 '
b1010000 ,
b1010101 &
b1010101 +
b101001101001 *
#3546000
b1001011 #
b1001011 -
b1100000 '
b1100000 ,
b1101010 &
b1101010 +
b101001101010 *
#3547000
b1011010 #
1!
b11011010 -
b111100 '
b111100 ,
b11101 &
b11101 +
b1101110000 )
#3548000
b10100 #
0!
b10100 -
b1101000 '
b1101000 ,
b101011 &
b101011 +
b101001101011 *
#3549000
b101010 #
1!
b10101010 -
b10010 '
b10010 ,
b10111 &
b10111 +
b101001101100 *
#3550000
b10000 #
0!
b10000 -
b1111010 '
b1111010 ,
b10101 &
b10101 +
b1101110001 )
#3551000
b1010101 #
b1010101 -
b1110010 '
b1110010 ,
b1100010 &
b1100010 +
b101001101101 *
#3552000
b1001000 #
b1001000 -
b1111011 '
b1111011 ,
b1001100 &
b1001100 +
b1101110010 )
#3553000
b1111110 #
1!
b11111110 -
b1101010 '
b1101010 ,
b10011 &
b10011 +
b1101110011 )
#3554000
b111110 #
b10111110 -
b101001 '
b101001 ,
b10100 &
b10100 +
b101001101110 *
#3555000
b11 #
0!
b11 -
b1011111 '
b1011111 ,
b100011 &
b100011 +
b1101110100 )
#3556000
b101100 #
b101100 -
b111111 '
b111111 ,
b1101100 &
b1101100 +
b101001101111 *
#3557000
b111110 #
b111110 -
b1000111 '
b1000111 ,
b1110110 &
b1110110 +
b101001110000 *
#3558000
b1010001 #
1!
b11010001 -
b101 '
b101 ,
b1001011 &
b1001011 +
b101001110001 *
#3559000
b1001100 #
0!
b1001100 -
b1011000 '
b1011000 ,
b1110011 &
b1110011 +
b101001110010 *
#3560000
b1011101 #
b1011101 -
b1101101 '
b1101101 ,
b1101111 &
b1101111 +
b1101110101 )
#3561000
b1101011 #
1!
b11101011 -
b1101010 '
b1101010 ,
b0 &
b0 +
b1101110110 )
#3562000
b1010101 #
0!
b1010101 -
b1011100 '
b1011100 ,
b1111000 &
b1111000 +
b101001110011 *
#3563000
b1111101 #
1!
b11111101 -
b1100100 '
b1100100 ,
b11000 &
b11000 +
b1101110111 )
#3564000
b1001 #
b10001001 -
b10 '
b10 ,
b110 &
b110 +
b101001110100 *
#3565000
b1001101 #
b11001101 -
b111110 '
b111110 ,
b1110 &
b1110 +
b1101111000 )
#3566000
b1011111 #
b11011111 -
b10000 '
b10000 ,
b1001110 &
b1001110 +
b101001110101 *
#3567000
b11001 #
0!
b11001 -
b11100 '
b11100 ,
b1111100 &
b1111100 +
b101001110110 *
#3568000
b1111110 '
b1111110 ,
b11010 &
b11010 +
b101001110111 *
#3569000
b11000 #
b11000 -
b1101011 '
b1101011 ,
b101100 &
b101100 +
b101001111000 *
#3570000
b1011110 #
b1011110 -
b1101110 '
b1101110 ,
b1101111 &
b1101111 +
b101001111001 *
#3571000
b1011111 #
1!
b11011111 -
b101110 '
b101110 ,
b110000 &
b110000 +
b1101111001 )
#3572000
b100000 #
b10100000 -
b10100 '
b10100 ,
b1011 &
b1011 +
b101001111010 *
#3573000
b1101100 #
b11101100 -
b100001 '
b100001 ,
b1001010 &
b1001010 +
b1101111010 )
#3574000
b110110 #
0!
b110110 -
b1111111 '
b1111111 ,
b110110 &
b110110 +
b101001111011 *
#3575000
b110111 #
1!
b10110111 -
b101110 '
b101110 ,
b1000 &
b1000 +
b101001111100 *
#3576000
b101010 #
0!
b101010 -
b1011001 '
b1011001 ,
b1010000 &
b1010000 +
b1101111011 )
#3577000
b10111 #
1!
b10010111 -
b10110 '
b10110 ,
b0 &
b0 +
b101001111101 *
#3578000
b110101 #
0!
b110101 -
b1001111 '
b1001111 ,
b1100101 &
b1100101 +
b1101111100 )
#3579000
b1011000 #
1!
b11011000 -
b1001 '
b1001 ,
b1001110 &
b1001110 +
b101001111110 *
#3580000
b1001110 #
0!
b1001110 -
b1100110 '
b1100110 ,
b1100111 &
b1100111 +
b101001111111 *
#3581000
b111001 #
b111001 -
b1000011 '
b1000011 ,
b1110101 &
b1110101 +
b1101111101 )
#3582000
b1001100 #
1!
b11001100 -
b101111 '
b101111 ,
b11100 &
b11100 +
b101010000000 *
#3583000
b1011000 #
b11011000 -
b1000010 '
b1000010 ,
b10101 &
b10101 +
b101010000001 *
#3584000
b10000 #
0!
b10000 -
b1110010 '
b1110010 ,
b11101 &
b11101 +
b101010000010 *
#3585000
b101000 #
b101000 -
b1010101 '
b1010101 ,
b1010010 &
b1010010 +
b101010000011 *
#3586000
b11101 #
b11101 -
b1101000 '
b1101000 ,
b110100 &
b110100 +
b101010000100 *
#3587000
b1111000 #
1!
b11111000 -
b1011111 '
b1011111 ,
b11000 &
b11000 +
b101010000101 *
#3588000
b100100 #
0!
b100100 -
b1101011 '
b1101011 ,
b111000 &
b111000 +
b101010000110 *
#3589000
b101110 #
b101110 -
b1010110 '
b1010110 ,
b1010111 &
b1010111 +
b101010000111 *
#3590000
b1100001 #
b1100001 -
b1110000 '
b1110000 ,
b1110000 &
b1110000 +
b101010001000 *
#3591000
b1000010 #
1!
b11000010 -
b1011 '
b1011 ,
b110110 &
b110110 +
b1101111110 )
#3592000
b1100111 #
0!
b1100111 -
b1111011 '
b1111011 ,
b1101011 &
b1101011 +
b101010001001 *
#3593000
b10000 #
1!
b10010000 -
b1111 '
b1111 ,
b0 &
b0 +
b1101111111 )
#3594000
b1101 #
0!
b1101 -
b1110 '
b1110 ,
b1111110 &
b1111110 +
b1110000000 )
#3595000
b110 #
b110 -
b1110111 '
b1110111 ,
b1110 &
b1110 +
b101010001010 *
#3596000
b111101 #
1!
b10111101 -
b10010 '
b10010 ,
b101010 &
b101010 +
b101010001011 *
#3597000
b1101010 #
b11101010 -
b100001 '
b100001 ,
b1001000 &
b1001000 +
b1110000001 )
#3598000
b1010101 #
0!
b1010101 -
b1111100 '
b1111100 ,
b1011000 &
b1011000 +
b101010001100 *
#3599000
b10100 #
b10100 -
b1101111 '
b1101111 ,
b100100 &
b100100 +
b1110000010 )
#3600000
b111001 #
b111001 -
b1011110 '
b1011110 ,
b1011010 &
b1011010 +
b101010001101 *
#3601000
b1011111 #
1!
b11011111 -
b1011011 '
b1011011 ,
b11 &
b11 +
b101010001110 *
#3602000
b1111011 #
0!
b1111011 -
b1111100 '
b1111100 ,
b1111110 &
b1111110 +
b101010001111 *
#3603000
b1010001 #
1!
b11010001 -
b100111 '
b100111 ,
b101001 &
b101001 +
b1110000011 )
#3604000
b1101 #
0!
b1101 -
b1000000 '
b1000000 ,
b1001100 &
b1001100 +
b101010010000 *
#3605000
b1001 #
b1001 -
b111100 '
b111100 ,
b101010010001 *
#3606000
b1101110 #
1!
b11101110 -
b1101101 '
b1101101 ,
b0 &
b0 +
b101010010010 *
#3607000
b11010 #
0!
b11010 -
b1000001 '
b1000001 ,
b1011000 &
b1011000 +
b101010010011 *
#3608000
b1010101 #
1!
b11010101 -
b110111 '
b110111 ,
b11101 &
b11101 +
b101010010100 *
#3609000
b1001101 #
b11001101 -
b111101 '
b111101 ,
b1111 &
b1111 +
b101010010101 *
#3610000
b110100 #
0!
b110100 -
b1001100 '
b1001100 ,
b1100111 &
b1100111 +
b101010010110 *
#3611000
b1111000 #
1!
b11111000 -
b1101 '
b1101 ,
b1101010 &
b1101010 +
b101010010111 *
#3612000
b101100 #
0!
b101100 -
b1000100 '
b1000100 ,
b1100111 &
b1100111 +
b101010011000 *
#3613000
b1101111 #
1!
b11101111 -
b1000101 '
b1000101 ,
b101001 &
b101001 +
b101010011001 *
#3614000
b110000 #
0!
b110000 -
b111001 '
b111001 ,
b1110110 &
b1110110 +
b101010011010 *
#3615000
b11111 #
b11111 -
b1111010 '
b1111010 ,
b100100 &
b100100 +
b101010011011 *
#3616000
b10010 #
b10010 -
b1000110 '
b1000110 ,
b1001011 &
b1001011 +
b101010011100 *
#3617000
b0 #
1!
b0 -
b1011100 '
b1011100 ,
b100011 &
b100011 +
b101010011101 *
#3618000
b100111 #
0!
b100111 -
b1101100 '
b1101100 ,
b111010 &
b111010 +
b101010011110 *
#3619000
b1000011 #
b1000011 -
b1001001 '
b1001001 ,
b1111001 &
b1111001 +
b101010011111 *
#3620000
b101000 #
b101000 -
b1010000 '
b1010000 ,
b1010111 &
b1010111 +
b1110000100 )
#3621000
b10111 #
b10111 -
b10111 '
b10111 ,
b1111111 &
b1111111 +
b101010100000 *
#3622000
b101010 #
1!
b10101010 -
b100111 '
b100111 ,
b10 &
b10 +
b101010100001 *
#3623000
b111011 #
0!
b111011 -
b1101111 '
b1101111 ,
b1001011 &
b1001011 +
b1110000101 )
#3624000
b101110 #
b101110 -
b1110000 '
b1110000 ,
b111101 &
b111101 +
b101010100010 *
#3625000
b1011101 #
1!
b11011101 -
b111000 '
b111000 ,
b100100 &
b100100 +
b101010100011 *
#3626000
b110111 #
b10110111 -
b11010 '
b11010 ,
b11100 &
b11100 +
b101010100100 *
#3627000
b1110000 #
b11110000 -
b110100 '
b110100 ,
b111011 &
b111011 +
b1110000110 )
#3628000
b1011100 #
0!
b1011100 -
b1110101 '
b1110101 ,
b1100110 &
b1100110 +
b101010100101 *
#3629000
b1100111 #
1!
b11100111 -
b111 '
b111 ,
b1011111 &
b1011111 +
b1110000111 )
#3630000
b1000101 #
0!
b1000101 -
b1001000 '
b1001000 ,
b1111100 &
b1111100 +
b101010100110 *
#3631000
b100011 #
1!
b10100011 -
b1010 '
b1010 ,
b11000 &
b11000 +
b1110001000 )
#3632000
b1111 #
0!
b1111 -
b101101 '
b101101 ,
b1100001 &
b1100001 +
b1110001001 )
#3633000
b1011111 #
b1011111 -
b1100101 '
b1100101 ,
b1111001 &
b1111001 +
b101010100111 *
#3634000
b1000 #
b1000 -
b1011000 '
b1011000 ,
b101111 &
b101111 +
b1110001010 )
#3635000
b1111111 #
1!
b11111111 -
b11000 '
b11000 ,
b1100110 &
b1100110 +
b101010101000 *
#3636000
b110110 #
b10110110 -
b10110 '
b10110 ,
b11111 &
b11111 +
b101010101001 *
#3637000
b0 #
b0 -
b10111 '
b10111 ,
b1101000 &
b1101000 +
b1110001011 )
#3638000
b10111 #
0!
b10111 -
b1101110 '
b1101110 ,
b101000 &
b101000 +
b101010101010 *
#3639000
b1111010 #
1!
b11111010 -
b10 '
b10 ,
b1110111 &
b1110111 +
b101010101011 *
#3640000
b100000 #
b10100000 -
b1001 '
b1001 ,
b10110 &
b10110 +
b101010101100 *
#3641000
b1100001 #
b11100001 -
b1000100 '
b1000100 ,
b11100 &
b11100 +
b1110001100 )
#3642000
b1010100 #
0!
b1010100 -
b1101000 '
b1101000 ,
b1101011 &
b1101011 +
b101010101101 *
#3643000
b111 #
b111 -
b1100110 '
b1100110 ,
b100000 &
b100000 +
b1110001101 )
#3644000
b1100 #
b1100 -
b1100001 '
b1100001 ,
b101010 &
b101010 +
b101010101110 *
#3645000
b1011 #
b1011 -
b110001 '
b110001 ,
b1011001 &
b1011001 +
b101010101111 *
#3646000
b110000 #
1!
b10110000 -
b100110 '
b100110 ,
b1001 &
b1001 +
b101010110000 *
#3647000
b11110 #
b10011110 -
b10011 '
b10011 ,
b1010 &
b1010 +
b1110001110 )
#3648000
b10110 #
b10010110 -
b10100 '
b10100 ,
b1 &
b1 +
b1110001111 )
#3649000
b1101011 #
b11101011 -
b110100 '
b110100 ,
b110110 &
b110110 +
b1110010000 )
#3650000
b110111 #
0!
b110111 -
b111111 '
b111111 ,
b1110111 &
b1110111 +
b101010110001 *
#3651000
b100 #
b100 -
b1110010 '
b1110010 ,
b10001 &
b10001 +
b101010110010 *
#3652000
b1101010 #
1!
b11101010 -
b1001000 '
b1001000 ,
b100001 &
b100001 +
b101010110011 *
#3653000
b111 #
0!
b111 -
b1011100 '
b1011100 ,
b101010 &
b101010 +
b101010110100 *
#3654000
b1101100 #
1!
b11101100 -
b101111 '
b101111 ,
b111100 &
b111100 +
b101010110101 *
#3655000
b1111011 #
b11111011 -
b110101 '
b110101 ,
b1000101 &
b1000101 +
b101010110110 *
#3656000
b1001010 #
0!
b1001010 -
b1100000 '
b1100000 ,
b1101001 &
b1101001 +
b101010110111 *
#3657000
b1100 #
b1100 -
b1010100 '
b1010100 ,
b110111 &
b110111 +
b1110010001 )
#3658000
b1111111 #
1!
b11111111 -
b10 '
b10 ,
b1111100 &
b1111100 +
b101010111000 *
#3659000
b101000 #
0!
b101000 -
b101001 '
b101001 ,
b1111110 &
b1111110 +
b101010111001 *
#3660000
b1100110 #
b1100110 -
b1111100 '
b1111100 ,
b1101001 &
b1101001 +
b101010111010 *
#3661000
b100011 #
b100011 -
b1111001 '
b1111001 ,
b101001 &
b101001 +
b1110010010 )
#3662000
b1000011 #
b1000011 -
b1110010 '
b1110010 ,
b1010000 &
b1010000 +
b101010111011 *
#3663000
b1011101 #
1!
b11011101 -
b1010110 '
b1010110 ,
b110 &
b110 +
b1110010011 )
#3664000
b10 #
0!
b10 -
b1111000 '
b1111000 ,
b1001 &
b1001 +
b101010111100 *
#3665000
b100010 #
b100010 -
b110010 '
b110010 ,
b1101111 &
b1101111 +
b101010111101 *
#3666000
b0 #
1!
b0 -
b1111100 '
b1111100 ,
b11 &
b11 +
b101010111110 *
#3667000
b101010 #
0!
b101010 -
b1000111 '
b1000111 ,
b1100010 &
b1100010 +
b101010111111 *
#3668000
b1101100 #
1!
b11101100 -
b1011110 '
b1011110 ,
b1101 &
b1101 +
b101011000000 *
#3669000
b1 #
0!
b1 -
b1110100 '
b1110100 ,
b1100 &
b1100 +
b101011000001 *
#3670000
b10101 #
b10101 -
b1110111 '
b1110111 ,
b11101 &
b11101 +
b101011000010 *
#3671000
b111010 #
1!
b10111010 -
b10000 '
b10000 ,
b101001 &
b101001 +
b101011000011 *
#3672000
b1000011 #
0!
b1000011 -
b1010100 '
b1010100 ,
b1101110 &
b1101110 +
b1110010100 )
#3673000
b101010 #
1!
b10101010 -
b1001 '
b1001 ,
b100000 &
b100000 +
b1110010101 )
#3674000
b1100000 #
b11100000 -
b10101 '
b10101 ,
b1001010 &
b1001010 +
b1110010110 )
#3675000
b10011 #
b10010011 -
b10001 '
b10001 ,
b1 &
b1 +
b101011000100 *
#3676000
b1110 #
0!
b1110 -
b1111101 '
b1111101 ,
b10000 &
b10000 +
b1110010111 )
#3677000
1!
b10001110 -
b11 '
b11 ,
b1010 &
b1010 +
b101011000101 *
#3678000
b1 #
0!
b1 -
b1100101 '
b1100101 ,
b11011 &
b11011 +
b1110011000 )
#3679000
b1000 #
b1000 -
b1100100 '
b1100100 ,
b100011 &
b100011 +
b101011000110 *
#3680000
b100010 #
b100010 -
b1010110 '
b1010110 ,
b1001011 &
b1001011 +
b101011000111 *
#3681000
b10110 #
b10110 -
b1110110 '
b1110110 ,
b11111 &
b11111 +
b101011001000 *
#3682000
b1100111 #
1!
b11100111 -
b1001011 '
b1001011 ,
b11011 &
b11011 +
b101011001001 *
#3683000
b10111 #
b10010111 -
b10000 '
b10000 ,
b110 &
b110 +
b101011001010 *
#3684000
b1010111 #
b11010111 -
b1010 '
b1010 ,
b1001100 &
b1001100 +
b1110011001 )
#3685000
b1010100 #
0!
b1010100 -
b1011010 '
b1011010 ,
b1111001 &
b1111001 +
b101011001011 *
#3686000
b101110 #
b101110 -
b1101111 '
b1101111 ,
b111110 &
b111110 +
b1110011010 )
#3687000
b111 #
b111 -
b1101100 '
b1101100 ,
b11010 &
b11010 +
b101011001100 *
#3688000
b10011 #
b10011 -
b111111 '
b111111 ,
b1010011 &
b1010011 +
b101011001101 *
#3689000
b10110 #
b10110 -
b110001 '
b110001 ,
b1100100 &
b1100100 +
b101011001110 *
#3690000
b1010001 #
1!
b11010001 -
b101001 '
b101001 ,
b100111 &
b100111 +
b101011001111 *
#3691000
b1011100 #
b11011100 -
b1000010 '
b1000010 ,
b11001 &
b11001 +
b101011010000 *
#3692000
b11010 #
0!
b11010 -
b1010110 '
b1010110 ,
b1000011 &
b1000011 +
b101011010001 *
#3693000
b111111 #
b111111 -
b1100010 '
b1100010 ,
b1011100 &
b1011100 +
b101011010010 *
#3694000
b100010 #
b100010 -
b1011000 '
b1011000 ,
b1001001 &
b1001001 +
b101011010011 *
#3695000
b10110 #
b10110 -
b11011 '
b11011 ,
b1111010 &
b1111010 +
b101011010100 *
#3696000
b111001 #
1!
b10111001 -
b101001 '
b101001 ,
b1111 &
b1111 +
b101011010101 *
#3697000
b1101110 #
b11101110 -
b1000110 '
b1000110 ,
b100111 &
b100111 +
b1110011011 )
#3698000
b11111 #
0!
b11111 -
b1000010 '
b1000010 ,
b1011100 &
b1011100 +
b101011010110 *
#3699000
b1001100 #
b1001100 -
b1011000 '
b1011000 ,
b1110011 &
b1110011 +
b101011010111 *
#3700000
b111101 #
b111101 -
b1000000 '
b1000000 ,
b1111100 &
b1111100 +
b1110011100 )
#3701000
b1111100 #
1!
b11111100 -
b1110110 '
b1110110 ,
b101 &
b101 +
b101011011000 *
#3702000
b1010 #
0!
b1010 -
b1011111 '
b1011111 ,
b101010 &
b101010 +
b101011011001 *
#3703000
b11 #
b11 -
b1101110 '
b1101110 ,
b10100 &
b10100 +
b101011011010 *
#3704000
b110111 #
b110111 -
b1111100 '
b1111100 ,
b111010 &
b111010 +
b101011011011 *
#3705000
b1000011 #
b1000011 -
b1001011 '
b1001011 ,
b1110111 &
b1110111 +
b101011011100 *
#3706000
b1100010 #
1!
b11100010 -
b100101 '
b100101 ,
b111100 &
b111100 +
b1110011101 )
#3707000
b1101001 #
0!
b1101001 -
b1101011 '
b1101011 ,
b1111101 &
b1111101 +
b101011011101 *
#3708000
b10010 #
b10010 -
b111000 '
b111000 ,
b1011001 &
b1011001 +
b1110011110 )
#3709000
b111100 #
1!
b10111100 -
b10110 '
b10110 ,
b100101 &
b100101 +
b101011011110 *
#3710000
b10100 #
0!
b10100 -
b1000010 '
b1000010 ,
b1010001 &
b1010001 +
b1110011111 )
#3711000
b1010101 #
1!
b11010101 -
b100111 '
b100111 ,
b101101 &
b101101 +
b101011011111 *
#3712000
b1111110 #
b11111110 -
b1101001 '
b1101001 ,
b10100 &
b10100 +
b101011100000 *
#3713000
b1101000 #
b11101000 -
b10111 '
b10111 ,
b1010000 &
b1010000 +
b101011100001 *
#3714000
b10001 #
0!
b10001 -
b1011000 '
b1011000 ,
b111000 &
b111000 +
b101011100010 *
#3715000
b11001 #
b11001 -
b110110 '
b110110 ,
b1100010 &
b1100010 +
b101011100011 *
#3716000
b100000 #
b100000 -
b101111 '
b101111 ,
b1110000 &
b1110000 +
b101011100100 *
#3717000
b1011 #
b1011 -
b100010 '
b100010 ,
b1101000 &
b1101000 +
b101011100101 *
#3718000
b110001 #
1!
b10110001 -
b101101 '
b101101 ,
b11 &
b11 +
b101011100110 *
#3719000
b100101 #
b10100101 -
b1000 '
b1000 ,
b11100 &
b11100 +
b1110100000 )
#3720000
b11111 #
0!
b11111 -
b1100001 '
b1100001 ,
b111101 &
b111101 +
b1110100001 )
#3721000
b110101 #
1!
b10110101 -
b0 '
b0 ,
b110100 &
b110100 +
b101011100111 *
#3722000
b1010111 #
b11010111 -
b1001111 '
b1001111 ,
b111 &
b111 +
b1110100010 )
#3723000
b1110111 #
b11110111 -
b1001011 '
b1001011 ,
b101011 &
b101011 +
b101011101000 *
#3724000
b1110101 #
b11110101 -
b10010 '
b10010 ,
b1100010 &
b1100010 +
b101011101001 *
#3725000
b11110 #
b10011110 -
b1110 '
b1110 ,
b1111 &
b1111 +
b101011101010 *
#3726000
b1110110 #
b11110110 -
b111000 '
b111000 ,
b111101 &
b111101 +
b1110100011 )
#3727000
b1100101 #
b11100101 -
b11 '
b11 ,
b1100001 &
b1100001 +
b101011101011 *
#3728000
b11010 #
b10011010 -
b1100 '
b1100 ,
b1101 &
b1101 +
b101011101100 *
#3729000
b1010001 #
b11010001 -
b1011 '
b1011 ,
b1000101 &
b1000101 +
b1110100100 )
#3730000
b1011101 #
0!
b1011101 -
b1100010 '
b1100010 ,
b1111010 &
b1111010 +
b101011101101 *
#3731000
b100100 #
b100100 -
b1010000 '
b1010000 ,
b1010011 &
b1010011 +
b1110100101 )
#3732000
b1111000 #
1!
b11111000 -
b1000100 '
b1000100 ,
b110011 &
b110011 +
b101011101110 *
#3733000
b100100 #
b10100100 -
b100001 '
b100001 ,
b10 &
b10 +
b101011101111 *
#3734000
b1011100 #
0!
b1011100 -
b1011100 '
b1011100 ,
b1111111 &
b1111111 +
b1110100110 )
#3735000
b110111 #
b110111 -
b1111011 '
b1111011 ,
b111011 &
b111011 +
b1110100111 )
#3736000
b110001 #
b110001 -
b1000100 '
b1000100 ,
b1101100 &
b1101100 +
b101011110000 *
#3737000
b101 #
b101 -
b101001 '
b101001 ,
b1011011 &
b1011011 +
b101011110001 *
#3738000
b100111 #
b100111 -
b1001010 '
b1001010 ,
b1011100 &
b1011100 +
b101011110010 *
#3739000
b10110 #
b10110 -
b110000 '
b110000 ,
b1100101 &
b1100101 +
b101011110011 *
#3740000
b110110 #
1!
b10110110 -
b10010 '
b10010 ,
b100011 &
b100011 +
b101011110100 *
#3741000
b10100 #
0!
b10100 -
b100101 '
b100101 ,
b1101110 &
b1101110 +
b1110101000 )
#3742000
b11100 #
b11100 -
b1101100 '
b1101100 ,
b101111 &
b101111 +
b101011110101 *
#3743000
b111010 #
b111010 -
b1110110 '
b1110110 ,
b1000011 &
b1000011 +
b101011110110 *
#3744000
b101111 #
1!
b10101111 -
b1000 '
b1000 ,
b100110 &
b100110 +
b101011110111 *
#3745000
b1100 #
0!
b1100 -
b1110000 '
b1110000 ,
b11011 &
b11011 +
b1110101001 )
#3746000
b1010100 #
1!
b11010100 -
b10010 '
b10010 ,
b1000001 &
b1000001 +
b101011111000 *
#3747000
b1100111 #
b11100111 -
b1011001 '
b1011001 ,
b1101 &
b1101 +
b101011111001 *
#3748000
b110011 #
b10110011 -
b101101 '
b101101 ,
b101 &
b101 +
b101011111010 *
#3749000
b1111111 #
b11111111 -
b100111 '
b100111 ,
b1010111 &
b1010111 +
b1110101010 )
#3750000
b1111010 #
b11111010 -
b1110 '
b1110 ,
b1101011 &
b1101011 +
b101011111011 *
#3751000
b1011001 #
b11011001 -
b1010111 '
b1010111 ,
b1 &
b1 +
b101011111100 *
#3752000
b1000101 #
0!
b1000101 -
b1111001 '
b1111001 ,
b1001011 &
b1001011 +
b101011111101 *
#3753000
b1100001 #
1!
b11100001 -
b1001110 '
b1001110 ,
b10010 &
b10010 +
b1110101011 )
#3754000
b1111101 #
b11111101 -
b10111 '
b10111 ,
b1100101 &
b1100101 +
b101011111110 *
#3755000
b101001 #
0!
b101001 -
b1110011 '
b1110011 ,
b110101 &
b110101 +
b101011111111 *
#3756000
b111010 #
1!
b10111010 -
b100010 '
b100010 ,
b10111 &
b10111 +
b101100000000 *
#3757000
b1100000 #
b11100000 -
b100111 '
b100111 ,
b111000 &
b111000 +
b1110101100 )
#3758000
b10001 #
0!
b10001 -
b110000 '
b110000 ,
b1100000 &
b1100000 +
b101100000001 *
#3759000
b11100 #
1!
b10011100 -
b10110 '
b10110 ,
b101 &
b101 +
b101100000010 *
#3760000
b1001111 #
0!
b1001111 -
b1001111 '
b1001111 ,
b1111111 &
b1111111 +
b1110101101 )
#3761000
b10001 #
b10001 -
b1000101 '
b1000101 ,
b1001011 &
b1001011 +
b1110101110 )
#3762000
b1111001 #
1!
b11111001 -
b1111000 '
b1111000 ,
b0 &
b0 +
b101100000011 *
#3763000
b101111 #
b10101111 -
b10100 '
b10100 ,
b11010 &
b11010 +
b101100000100 *
#3764000
b101110 #
0!
b101110 -
b1010010 '
b1010010 ,
b1011011 &
b1011011 +
b1110101111 )
#3765000
b1101001 #
1!
b11101001 -
b1010110 '
b1010110 ,
b10010 &
b10010 +
b101100000101 *
#3766000
b101011 #
b10101011 -
b10 '
b10 ,
b101000 &
b101000 +
b101100000110 *
#3767000
b1111011 #
b11111011 -
b1111000 '
b1111000 ,
b10 &
b10 +
b1110110000 )
#3768000
b101001 #
0!
b101001 -
b1010001 '
b1010001 ,
b1010111 &
b1010111 +
b101100000111 *
#3769000
b1010 #
b1010 -
b100011 '
b100011 ,
b1100110 &
b1100110 +
b101100001000 *
#3770000
b111001 #
1!
b10111001 -
b10110 '
b10110 ,
b100010 &
b100010 +
b101100001001 *
#3771000
b1100111 #
0!
b1100111 -
b1111101 '
b1111101 ,
b1101001 &
b1101001 +
b1110110001 )
#3772000
b1011010 #
b1011010 -
b1101011 '
b1101011 ,
b1101110 &
b1101110 +
b1110110010 )
#3773000
b1011000 #
1!
b11011000 -
b1001011 '
b1001011 ,
b1100 &
b1100 +
b1110110011 )
#3774000
b1111 #
0!
b1111 -
b1110001 '
b1110001 ,
b11101 &
b11101 +
b101100001010 *
#3775000
b101010 #
b101010 -
b1001000 '
b1001000 ,
b1100001 &
b1100001 +
b101100001011 *
#3776000
b0 #
1!
b0 -
b1010000 '
b1010000 ,
b101111 &
b101111 +
b101100001100 *
#3777000
b1101010 #
b11101010 -
b110110 '
b110110 ,
b110011 &
b110011 +
b101100001101 *
#3778000
b1001 #
b10001001 -
b11 '
b11 ,
b101 &
b101 +
b101100001110 *
#3779000
b11111 #
0!
b11111 -
b1010000 '
b1010000 ,
b1001110 &
b1001110 +
b1110110100 )
#3780000
b111110 #
b111110 -
b1011100 '
b1011100 ,
b1100001 &
b1100001 +
b101100001111 *
#3781000
b1000010 #
1!
b11000010 -
b111101 '
b111101 ,
b100 &
b100 +
b101100010000 *
#3782000
b1001010 #
b11001010 -
b11000 '
b11000 ,
b110001 &
b110001 +
b101100010001 *
#3783000
b1101000 #
b11101000 -
b1011 '
b1011 ,
b1011100 &
b1011100 +
b101100010010 *
#3784000
b11110 #
b10011110 -
b11100 '
b11100 ,
b1 &
b1 +
b101100010011 *
#3785000
b1010100 #
b11010100 -
b1010 '
b1010 ,
b1001001 &
b1001001 +
b1110110101 )
#3786000
b1101110 #
b11101110 -
b11 '
b11 ,
b1101010 &
b1101010 +
b101100010100 *
#3787000
b1011110 #
b11011110 -
b1000110 '
b1000110 ,
b10111 &
b10111 +
b101100010101 *
#3788000
b1100101 #
b11100101 -
b1010100 '
b1010100 ,
b10000 &
b10000 +
b101100010110 *
#3789000
b1100110 #
b11100110 -
b111000 '
b111000 ,
b101101 &
b101101 +
b101100010111 *
#3790000
b111 #
0!
b111 -
b111101 '
b111101 ,
b1001001 &
b1001001 +
b101100011000 *
#3791000
b1010011 #
1!
b11010011 -
b10101 &
b10101 +
b101100011001 *
#3792000
b111101 #
0!
b111101 -
b1111011 '
b1111011 ,
b1000001 &
b1000001 +
b101100011010 *
#3793000
b111000 #
1!
b10111000 -
b11101 '
b11101 ,
b11010 &
b11010 +
b101100011011 *
#3794000
b1101110 #
0!
b1101110 -
b1111110 '
b1111110 ,
b1101111 &
b1101111 +
b1110110110 )
#3795000
b101100 #
b101100 -
b1101010 '
b1101010 ,
b1000001 &
b1000001 +
b1110110111 )
#3796000
b110001 '
b110001 ,
b1111010 &
b1111010 +
b101100011100 *
#3797000
b1111110 #
1!
b11111110 -
b1011001 '
b1011001 ,
b100100 &
b100100 +
b101100011101 *
#3798000
b1011101 #
b11011101 -
b1001001 '
b1001001 ,
b10011 &
b10011 +
b101100011110 *
#3799000
b110111 #
b10110111 -
b111 '
b111 ,
b101111 &
b101111 +
b101100011111 *
#3800000
b1011000 #
b11011000 -
b100111 '
b100111 ,
b110000 &
b110000 +
b1110111000 )
#3801000
b101010 #
b10101010 -
b10110 '
b10110 ,
b10011 &
b10011 +
b101100100000 *
#3802000
b1100011 #
0!
b1100011 -
b1111010 '
b1111010 ,
b1101000 &
b1101000 +
b1110111001 )
#3803000
b1101010 #
1!
b11101010 -
b1010000 '
b1010000 ,
b11001 &
b11001 +
b1110111010 )
#3804000
b11101 #
b10011101 -
b10 '
b10 ,
b11010 &
b11010 +
b101100100001 *
#3805000
b1001 #
b10001001 -
b110 &
b110 +
b1110111011 )
#3806000
b11101 #
0!
b11101 -
b111110 '
b111110 ,
b1011110 &
b1011110 +
b1110111100 )
#3807000
b1011100 #
b1011100 -
b1110110 '
b1110110 ,
b1100101 &
b1100101 +
b101100100010 *
#3808000
b1110110 #
1!
b11110110 -
b111101 '
b111101 ,
b111000 &
b111000 +
b1110111101 )
#3809000
b101101 #
b10101101 -
b1 '
b1 ,
b101011 &
b101011 +
b101100100011 *
#3810000
b1001010 #
b11001010 -
b10011 '
b10011 ,
b110110 &
b110110 +
b1110111110 )
#3811000
b11111 #
0!
b11111 -
b1001110 '
b1001110 ,
b1010000 &
b1010000 +
b101100100100 *
#3812000
b110011 #
b110011 -
b1110101 '
b1110101 ,
b111101 &
b111101 +
b101100100101 *
#3813000
b100011 #
1!
b10100011 -
b10101 '
b10101 ,
b1101 &
b1101 +
b101100100110 *
#3814000
b100101 #
0!
b100101 -
b110001 '
b110001 ,
b1110011 &
b1110011 +
b1110111111 )
#3815000
b1011001 #
1!
b11011001 -
b110101 '
b110101 ,
b100011 &
b100011 +
b101100100111 *
#3816000
b0 #
b0 -
b111101 '
b111101 ,
b1000010 &
b1000010 +
b101100101000 *
#3817000
b111 #
b10000111 -
b100 '
b100 ,
b10 &
b10 +
b101100101001 *
#3818000
b10101 #
0!
b10101 -
b1110100 '
b1110100 ,
b100000 &
b100000 +
b1111000000 )
#3819000
b1000010 #
1!
b11000010 -
b110000 '
b110000 ,
b10001 &
b10001 +
b101100101010 *
#3820000
b110110 #
0!
b110110 -
b1011000 '
b1011000 ,
b1011101 &
b1011101 +
b101100101011 *
#3821000
b1010010 #
1!
b11010010 -
b101100 '
b101100 ,
b100101 &
b100101 +
b101100101100 *
#3822000
b101011 #
0!
b101011 -
b111110 '
b111110 ,
b1101100 &
b1101100 +
b101100101101 *
#3823000
b1011110 #
1!
b11011110 -
b1000001 '
b1000001 ,
b11100 &
b11100 +
b101100101110 *
#3824000
b1100 #
0!
b1100 -
b1111110 '
b1111110 ,
b1101 &
b1101 +
b101100101111 *
#3825000
b1111 #
b1111 -
b11000 '
b11000 ,
b1110110 &
b1110110 +
b101100110000 *
#3826000
b1110101 #
1!
b11110101 -
b1001100 '
b1001100 ,
b101000 &
b101000 +
b101100110001 *
#3827000
b10101 #
0!
b10101 -
b1110101 '
b1110101 ,
b11111 &
b11111 +
b101100110010 *
#3828000
b11 #
b11 -
b1010 '
b1010 ,
b1111000 &
b1111000 +
b101100110011 *
#3829000
b1010001 #
1!
b11010001 -
b1001100 '
b1001100 ,
b100 &
b100 +
b101100110100 *
#3830000
b10100 #
b10010100 -
b110 '
b110 ,
b1101 &
b1101 +
b101100110101 *
#3831000
b1110 #
0!
b1110 -
b101000 '
b101000 ,
b1100101 &
b1100101 +
b1111000001 )
#3832000
b110011 #
1!
b10110011 -
b1010 &
b1010 +
b101100110110 *
#3833000
b1111110 #
b11111110 -
b1000010 '
b1000010 ,
b111011 &
b111011 +
b1111000010 )
#3834000
b110001 #
0!
b110001 -
b1001000 '
b1001000 ,
b1101000 &
b1101000 +
b101100110111 *
#3835000
b1101100 #
1!
b11101100 -
b101 '
b101 ,
b1100110 &
b1100110 +
b101100111000 *
#3836000
b1011110 #
0!
b1011110 -
b1111000 '
b1111000 ,
b1100101 &
b1100101 +
b101100111001 *
#3837000
b1101000 #
1!
b11101000 -
b100101 '
b100101 ,
b1000010 &
b1000010 +
b1111000011 )
#3838000
b111100 #
b10111100 -
b100010 '
b100010 ,
b11001 &
b11001 +
b101100111010 *
#3839000
b1000110 #
b11000110 -
b111010 '
b111010 ,
b1011 &
b1011 +
b1111000100 )
#3840000
b1011000 #
b11011000 -
b101001 '
b101001 ,
b101110 &
b101110 +
b101100111011 *
#3841000
b111011 #
0!
b111011 -
b1000111 '
b1000111 ,
b1110011 &
b1110011 +
b101100111100 *
#3842000
b1110101 #
1!
b11110101 -
b1101 '
b1101 ,
b1100111 &
b1100111 +
b101100111101 *
#3843000
b10 #
0!
b10 -
b1101000 '
b1101000 ,
b11001 &
b11001 +
b101100111110 *
#3844000
b1000000 #
1!
b11000000 -
b10000 '
b10000 ,
b101111 &
b101111 +
b101100111111 *
#3845000
b110110 #
0!
b110110 -
b1000100 '
b1000100 ,
b1110001 &
b1110001 +
b101101000000 *
#3846000
b1010000 #
1!
b11010000 -
b11111 '
b11111 ,
b110000 &
b110000 +
b101101000001 *
#3847000
b1110000 #
b11110000 -
b1000101 '
b1000101 ,
b101010 &
b101010 +
b101101000010 *
#3848000
b10 #
0!
b10 -
b110000 '
b110000 ,
b1010001 &
b1010001 +
b101101000011 *
#3849000
b110011 #
b110011 -
b1101010 '
b1101010 ,
b1001000 &
b1001000 +
b101101000100 *
#3850000
b11101 #
b11101 -
b101100 '
b101100 ,
b1110000 &
b1110000 +
b101101000101 *
#3851000
b1000101 #
b1000101 -
b1111111 '
b1111111 ,
b1000101 &
b1000101 +
b101101000110 *
#3852000
b101110 #
b101110 -
b111111 '
b111111 ,
b1101110 &
b1101110 +
b1111000101 )
#3853000
b101 #
b101 -
b1001101 '
b1001101 ,
b110111 &
b110111 +
b101101000111 *
#3854000
b10001 #
b10001 -
b1110000 '
b1110000 ,
b100000 &
b100000 +
b101101001000 *
#3855000
b1010011 #
1!
b11010011 -
b1001011 '
b1001011 ,
b111 &
b111 +
b101101001001 *
#3856000
b100100 #
0!
b100100 -
b100100 '
b100100 ,
b1111111 &
b1111111 +
b101101001010 *
#3857000
b100000 #
1!
b10100000 -
b11111 '
b11111 ,
b0 &
b0 +
b101101001011 *
#3858000
b1010 #
0!
b1010 -
b11101 '
b11101 ,
b1101100 &
b1101100 +
b1111000110 )
#3859000
b101001 #
b101001 -
b111011 '
b111011 ,
b1101101 &
b1101101 +
b101101001100 *
#3860000
b10 #
b10 -
b1100101 '
b1100101 ,
b11100 &
b11100 +
b101101001101 *
#3861000
b10110 #
b10110 -
b110011 '
b110011 ,
b1100010 &
b1100010 +
b101101001110 *
#3862000
b110010 #
b110010 -
b1101110 '
b1101110 ,
b1000011 &
b1000011 +
b101101001111 *
#3863000
b1100111 #
1!
b11100111 -
b111100 '
b111100 ,
b101010 &
b101010 +
b101101010000 *
#3864000
b1110010 #
b11110010 -
b11010 '
b11010 ,
b1010111 &
b1010111 +
b101101010001 *
#3865000
b1100000 #
b11100000 -
b1000101 '
b1000101 ,
b11010 &
b11010 +
b101101010010 *
#3866000
b1101111 #
b11101111 -
b110011 '
b110011 ,
b111011 &
b111011 +
b101101010011 *
#3867000
b1111010 #
b11111010 -
b1011001 '
b1011001 ,
b100000 &
b100000 +
b101101010100 *
#3868000
b111100 #
0!
b111100 -
b1001100 '
b1001100 ,
b1101111 &
b1101111 +
b101101010101 *
#3869000
b1110111 #
1!
b11110111 -
b1110000 '
b1110000 ,
b110 &
b110 +
b101101010110 *
#3870000
b11110 #
0!
b11110 -
b1001010 '
b1001010 ,
b1010011 &
b1010011 +
b101101010111 *
#3871000
b11100 #
b11100 -
b101101 '
b101101 ,
b1101110 &
b1101110 +
b101101011000 *
#3872000
b101111 #
b101111 -
b1010010 '
b1010010 ,
b1011100 &
b1011100 +
b101101011001 *
#3873000
b1000001 #
b1000001 -
b1100000 '
b1100000 ,
b1100000 &
b1100000 +
b101101011010 *
#3874000
b100100 #
1!
b10100100 -
b11100 '
b11100 ,
b111 &
b111 +
b1111000111 )
#3875000
b100110 #
b10100110 -
b10011 '
b10011 ,
b10010 &
b10010 +
b1111001000 )
#3876000
b1010100 #
b11010100 -
b100100 '
b100100 ,
b101111 &
b101111 +
b1111001001 )
#3877000
b1001010 #
b11001010 -
b111100 '
b111100 ,
b1101 &
b1101 +
b101101011011 *
#3878000
b1001011 #
b11001011 -
b111 '
b111 ,
b1000011 &
b1000011 +
b101101011100 *
#3879000
b110010 #
b10110010 -
b1101 '
b1101 ,
b100100 &
b100100 +
b101101011101 *
#3880000
b1111100 #
b11111100 -
b101010 '
b101010 ,
b1010001 &
b1010001 +
b1111001010 )
#3881000
b1010010 #
b11010010 -
b1001011 '
b1001011 ,
b110 &
b110 +
b101101011110 *
#3882000
b1110010 #
b11110010 -
b1001110 '
b1001110 ,
b100011 &
b100011 +
b101101011111 *
#3883000
b10001 #
0!
b10001 -
b1011111 '
b1011111 ,
b110001 &
b110001 +
b101101100000 *
#3884000
b1100 #
b1100 -
b1111001 '
b1111001 ,
b10010 &
b10010 +
b101101100001 *
#3885000
b100000 #
b100000 -
b1001000 '
b1001000 ,
b1010111 &
b1010111 +
b101101100010 *
#3886000
b1100 #
b1100 -
b1110010 '
b1110010 ,
b11001 &
b11001 +
b101101100011 *
#3887000
b111 #
b111 -
b1100100 '
b1100100 ,
b100010 &
b100010 +
b101101100100 *
#3888000
b101011 #
1!
b10101011 -
b10111 '
b10111 ,
b10011 &
b10011 +
b101101100101 *
#3889000
b110100 #
0!
b110100 -
b1110111 '
b1110111 ,
b111100 &
b111100 +
b1111001011 )
#3890000
b1101000 #
1!
b11101000 -
b1010 '
b1010 ,
b1011101 &
b1011101 +
b101101100110 *
#3891000
b1100101 #
b11100101 -
b100001 '
b100001 ,
b1000011 &
b1000011 +
b101101100111 *
#3892000
b111000 #
b10111000 -
b101001 '
b101001 ,
b1110 &
b1110 +
b101101101000 *
#3893000
b111111 #
0!
b111111 -
b1110001 '
b1110001 ,
b1001101 &
b1001101 +
b1111001100 )
#3894000
b1011101 #
1!
b11011101 -
b11001 '
b11001 ,
b1000011 &
b1000011 +
b101101101001 *
#3895000
b1100110 #
b11100110 -
b101 '
b101 ,
b1100000 &
b1100000 +
b101101101010 *
#3896000
b1100 #
0!
b1100 -
b100000 '
b100000 ,
b1101011 &
b1101011 +
b101101101011 *
#3897000
b1101010 #
1!
b11101010 -
b1001001 &
b1001001 +
b101101101100 *
#3898000
b100111 #
0!
b100111 -
b1001100 '
b1001100 ,
b1011010 &
b1011010 +
b101101101101 *
#3899000
b1100010 #
b1100010 -
b1101001 '
b1101001 ,
b1111000 &
b1111000 +
b101101101110 *
#3900000
b10111 #
b10111 -
b1011111 '
b1011111 ,
b110111 &
b110111 +
b1111001101 )
#3901000
b1110111 #
b1110111 -
b1111101 '
b1111101 ,
b1111001 &
b1111001 +
b101101101111 *
#3902000
b110110 #
b110110 -
b1000101 '
b1000101 ,
b1110000 &
b1110000 +
b1111001110 )
#3903000
b1010011 #
1!
b11010011 -
b1000110 '
b1000110 ,
b1100 &
b1100 +
b101101110000 *
#3904000
b1000000 #
0!
b1000000 -
b1010011 '
b1010011 ,
b1101100 &
b1101100 +
b101101110001 *
#3905000
b100110 #
1!
b10100110 -
b10 '
b10 ,
b100011 &
b100011 +
b1111001111 )
#3906000
b110001 #
0!
b110001 -
b1000111 '
b1000111 ,
b1101001 &
b1101001 +
b1111010000 )
#3907000
b101010 #
1!
b10101010 -
b100101 '
b100101 ,
b100 &
b100 +
b101101110010 *
#3908000
b100000 #
b10100000 -
b1010 '
b1010 ,
b10101 &
b10101 +
b1111010001 )
#3909000
b1110010 #
b11110010 -
b1010000 '
b1010000 ,
b100001 &
b100001 +
b1111010010 )
#3910000
b1011101 #
0!
b1011101 -
b1110001 '
b1110001 ,
b1101011 &
b1101011 +
b101101110011 *
#3911000
b1100110 #
1!
b11100110 -
b111110 '
b111110 ,
b100111 &
b100111 +
b1111010011 )
#3912000
b101 #
0!
b101 -
b111101 '
b111101 ,
b1000111 &
b1000111 +
b101101110100 *
#3913000
b11101 #
1!
b10011101 -
b10110 '
b10110 ,
b110 &
b110 +
b101101110101 *
#3914000
b1000000 #
0!
b1000000 -
b1011011 '
b1011011 ,
b1100100 &
b1100100 +
b1111010100 )
#3915000
b10110 #
b10110 -
b1011101 '
b1011101 ,
b111000 &
b111000 +
b1111010101 )
#3916000
b1001101 #
b1001101 -
b1010101 '
b1010101 ,
b1110111 &
b1110111 +
b101101110110 *
#3917000
b101 #
b101 -
b100110 '
b100110 ,
b1011110 &
b1011110 +
b1111010110 )
#3918000
b101101 #
b101101 -
b1000000 '
b1000000 ,
b1101100 &
b1101100 +
b101101110111 *
#3919000
b10000 #
b10000 -
b1110101 '
b1110101 ,
b11010 &
b11010 +
b101101111000 *
#3920000
b1001 #
b1001 -
b1100100 '
b1100100 ,
b100100 &
b100100 +
b101101111001 *
#3921000
b1010100 #
1!
b11010100 -
b1001000 '
b1001000 ,
b1011 &
b1011 +
b101101111010 *
#3922000
b1101 #
0!
b1101 -
b1111 '
b1111 ,
b1111101 &
b1111101 +
b101101111011 *
#3923000
b1000 #
b1000 -
b1101100 '
b1101100 ,
b11011 &
b11011 +
b101101111100 *
#3924000
b1110100 #
1!
b11110100 -
b11110 '
b11110 ,
b1010101 &
b1010101 +
b101101111101 *
#3925000
b1111011 #
b11111011 -
b1001000 '
b1001000 ,
b110010 &
b110010 +
b101101111110 *
#3926000
b1110110 #
0!
b1110110 -
b1111011 '
b1111011 ,
b1111010 &
b1111010 +
b101101111111 *
#3927000
b1110000 #
1!
b11110000 -
b100010 '
b100010 ,
b1001101 &
b1001101 +
b1111010111 )
#3928000
b111010 #
0!
b111010 -
b111110 '
b111110 ,
b1111011 &
b1111011 +
b101110000000 *
#3929000
b1110100 #
1!
b11110100 -
b101111 '
b101111 ,
b1000100 &
b1000100 +
b101110000001 *
#3930000
b100101 #
b10100101 -
b110 '
b110 ,
b11110 &
b11110 +
b101110000010 *
#3931000
b101111 #
0!
b101111 -
b110001 '
b110001 ,
b1111101 &
b1111101 +
b1111011000 )
#3932000
b1110 #
b1110 -
b1101111 '
b1101111 ,
b11110 &
b11110 +
b101110000011 *
#3933000
b1101001 #
1!
b11101001 -
b1000111 '
b1000111 ,
b100001 &
b100001 +
b101110000100 *
#3934000
b110111 #
0!
b110111 -
b1111111 '
b1111111 ,
b110111 &
b110111 +
b101110000101 *
#3935000
b100010 #
b100010 -
b1100000 '
b1100000 ,
b1000001 &
b1000001 +
b101110000110 *
#3936000
b10011 #
b10011 -
b100111 '
b100111 ,
b1101011 &
b1101011 +
b101110000111 *
#3937000
b1000011 '
b1000011 ,
b1001111 &
b1001111 +
b101110001000 *
#3938000
b111010 #
b111010 -
b1111011 '
b1111011 ,
b111110 &
b111110 +
b101110001001 *
#3939000
b1101000 #
1!
b11101000 -
b1010001 '
b1010001 ,
b10110 &
b10110 +
b101110001010 *
#3940000
b10000 #
0!
b10000 -
b1111000 '
b1111000 ,
b10111 &
b10111 +
b101110001011 *
#3941000
b1111111 #
1!
b11111111 -
b110011 '
b110011 ,
b1001011 &
b1001011 +
b101110001100 *
#3942000
b101 #
0!
b101 -
b1000000 '
b1000000 ,
b1000100 &
b1000100 +
b101110001101 *
#3943000
b10000 #
b10000 -
b1101000 '
b1101000 ,
b100111 &
b100111 +
b101110001110 *
#3944000
b1110100 #
1!
b11110100 -
b1011110 '
b1011110 ,
b10101 &
b10101 +
b101110001111 *
#3945000
b1101 #
0!
b1101 -
b11010 '
b11010 ,
b1110010 &
b1110010 +
b101110010000 *
#3946000
b1110000 #
1!
b11110000 -
b110101 '
b110101 ,
b111010 &
b111010 +
b101110010001 *
#3947000
b1 #
0!
b1 -
b1100111 '
b1100111 ,
b11001 &
b11001 +
b101110010010 *
#3948000
b110001 #
1!
b10110001 -
b10 '
b10 ,
b101110 &
b101110 +
b101110010011 *
#3949000
b1010100 #
b11010100 -
b1010010 '
b1010010 ,
b1 &
b1 +
b1111011001 )
#3950000
b1001011 #
b11001011 -
b111010 '
b111010 ,
b10000 &
b10000 +
b101110010100 *
#3951000
b1000001 #
0!
b1000001 -
b1000110 '
b1000110 ,
b1111010 &
b1111010 +
b101110010101 *
#3952000
b1100100 #
b1100100 -
b1110111 '
b1110111 ,
b1101100 &
b1101100 +
b1111011010 )
#3953000
b1001010 #
1!
b11001010 -
b11001 '
b11001 ,
b110000 &
b110000 +
b1111011011 )
#3954000
b110000 #
b10110000 -
b11 '
b11 ,
b101100 &
b101100 +
b101110010110 *
#3955000
b1011 #
0!
b1011 -
b111111 '
b111111 ,
b1001011 &
b1001011 +
b1111011100 )
#3956000
b1000101 #
b1000101 -
b1101100 '
b1101100 ,
b1011000 &
b1011000 +
b101110010111 *
#3957000
b111010 #
b111010 -
b1011010 '
b1011010 ,
b1011111 &
b1011111 +
b1111011101 )
#3958000
b100000 #
b100000 -
b1101010 '
b1101010 ,
b110101 &
b110101 +
b101110011000 *
#3959000
b101011 #
1!
b10101011 -
b10101 '
b10101 ,
b10101 &
b10101 +
b101110011001 *
#3960000
b1110000 #
b11110000 -
b1010111 '
b1010111 ,
b11000 &
b11000 +
b1111011110 )
#3961000
b11000 #
0!
b11000 -
b110011 '
b110011 ,
b1100100 &
b1100100 +
b101110011010 *
#3962000
b1110011 #
1!
b11110011 -
b110001 '
b110001 ,
b1000001 &
b1000001 +
b101110011011 *
#3963000
b110001 #
b10110001 -
b1111 '
b1111 ,
b100001 &
b100001 +
b101110011100 *
#3964000
b1 #
0!
b1 -
b11110 '
b11110 ,
b1100010 &
b1100010 +
b1111011111 )
#3965000
b1101 #
b1101 -
b101000 '
b101000 ,
b1100100 &
b1100100 +
b101110011101 *
#3966000
b10110 #
b10110 -
b1001000 '
b1001000 ,
b1001101 &
b1001101 +
b101110011110 *
#3967000
b1111100 #
1!
b11111100 -
b110011 '
b110011 ,
b1001000 &
b1001000 +
b101110011111 *
#3968000
b1110001 #
b11110001 -
b101100 '
b101100 ,
b1000100 &
b1000100 +
b101110100000 *
#3969000
b1110011 #
b11110011 -
b11100 '
b11100 ,
b1010110 &
b1010110 +
b101110100001 *
#3970000
b10111 #
0!
b10111 -
b1111111 '
b1111111 ,
b10111 &
b10111 +
b101110100010 *
#3971000
b10 #
b10 -
b101110 '
b101110 ,
b1010011 &
b1010011 +
b101110100011 *
#3972000
b1010110 #
1!
b11010110 -
b1000 '
b1000 ,
b1001101 &
b1001101 +
b101110100100 *
#3973000
b0 #
b0 -
b1110111 '
b1110111 ,
b1000 &
b1000 +
b101110100101 *
#3974000
b1011 #
0!
b1011 -
b111101 '
b111101 ,
b1001101 &
b1001101 +
b101110100110 *
#3975000
b1110101 #
b1110101 -
b1111100 '
b1111100 ,
b1111000 &
b1111000 +
b101110100111 *
#3976000
b1100000 #
b1100000 -
b1100001 '
b1100001 ,
b1111110 &
b1111110 +
b1111100000 )
#3977000
b1011010 #
1!
b11011010 -
b101 '
b101 ,
b1010100 &
b1010100 +
b1111100001 )
#3978000
b101111 #
b10101111 -
b11110 '
b11110 ,
b10000 &
b10000 +
b101110101000 *
#3979000
b111110 #
0!
b111110 -
b1001001 '
b1001001 ,
b1110100 &
b1110100 +
b1111100010 )
#3980000
b111001 #
1!
b10111001 -
b10010 '
b10010 ,
b100110 &
b100110 +
b101110101001 *
#3981000
b1110000 #
b11110000 -
b11000 '
b11000 ,
b1010111 &
b1010111 +
b1111100011 )
#3982000
b1111000 #
b11111000 -
b11101 '
b11101 ,
b1011010 &
b1011010 +
b101110101010 *
#3983000
b110010 #
b10110010 -
b1 '
b1 ,
b110000 &
b110000 +
b101110101011 *
#3984000
b100101 #
b10100101 -
b11100 '
b11100 ,
b1000 &
b1000 +
b1111100100 )
#3985000
b11110 #
0!
b11110 -
b1010000 '
b1010000 ,
b1001101 &
b1001101 +
b1111100101 )
#3986000
b1001111 #
1!
b11001111 -
b100011 '
b100011 ,
b101011 &
b101011 +
b101110101100 *
#3987000
b101111 #
b10101111 -
b100001 '
b100001 ,
b1101 &
b1101 +
b101110101101 *
#3988000
b1111011 #
b11111011 -
b11011 '
b11011 ,
b1011111 &
b1011111 +
b1111100110 )
#3989000
b110010 #
b10110010 -
b101100 '
b101100 ,
b101 &
b101 +
b101110101110 *
#3990000
b1000000 #
b11000000 -
b11101 '
b11101 ,
b100010 &
b100010 +
b1111100111 )
#3991000
b1111100 #
b11111100 -
b111111 '
b111111 ,
b111100 &
b111100 +
b101110101111 *
#3992000
b1101001 #
b11101001 -
b110001 '
b110001 ,
b110111 &
b110111 +
b101110110000 *
#3993000
b101110 #
0!
b101110 -
b1001010 '
b1001010 ,
b1100011 &
b1100011 +
b101110110001 *
#3994000
b1011110 #
1!
b11011110 -
b0 '
b0 ,
b1011101 &
b1011101 +
b101110110010 *
#3995000
b1110101 #
b11110101 -
b1000000 '
b1000000 ,
b110100 &
b110100 +
b101110110011 *
#3996000
b1110 #
0!
b1110 -
b1101011 '
b1101011 ,
b100010 &
b100010 +
b101110110100 *
#3997000
b1101000 #
1!
b11101000 -
b1011101 '
b1011101 ,
b1010 &
b1010 +
b101110110101 *
#3998000
b100 #
0!
b100 -
b1001100 '
b1001100 ,
b110111 &
b110111 +
b101110110110 *
#3999000
b11000 #
b11000 -
b1011000 '
b1011000 ,
b111111 &
b111111 +
b101110110111 *
#4000000
b1100000 #
1!
b11100000 -
b11100 '
b11100 ,
b1000011 &
b1000011 +
b101110111000 *
#4001000
b1101110 #
b11101110 -
b1100011 '
b1100011 ,
b1010 &
b1010 +
b101110111001 *
#4002000
b1100110 #
0!
b1100110 -
b1111111 '
b1111111 ,
b1100110 &
b1100110 +
b101110111010 *
#4003000
b1010001 #
1!
b11010001 -
b101111 '
b101111 ,
b100001 &
b100001 +
b1111101000 )
#4004000
b1011111 #
b11011111 -
b110000 '
b110000 ,
b101110 &
b101110 +
b101110111011 *
#4005000
b1001001 #
b11001001 -
b1111 '
b1111 ,
b111001 &
b111001 +
b101110111100 *
#4006000
b1101110 #
b11101110 -
b1011 '
b1011 ,
b1100010 &
b1100010 +
b101110111101 *
#4007000
b11011 #
0!
b11011 -
b1001011 '
b1001011 ,
b1001111 &
b1001111 +
b101110111110 *
#4008000
b100010 #
b100010 -
b1111010 '
b1111010 ,
b100111 &
b100111 +
b101110111111 *
#4009000
b0 #
1!
b0 -
b1100111 '
b1100111 ,
b11000 &
b11000 +
b101111000000 *
#4010000
b1101001 #
b11101001 -
b111000 '
b111000 ,
b110000 &
b110000 +
b101111000001 *
#4011000
b1111011 #
b11111011 -
b110000 '
b110000 ,
b1001010 &
b1001010 +
b101111000010 *
#4012000
b100011 #
0!
b100011 -
b1110011 '
b1110011 ,
b101111 &
b101111 +
b101111000011 *
#4013000
b1111000 #
1!
b11111000 -
b100010 '
b100010 ,
b1010101 &
b1010101 +
b101111000100 *
#4014000
b101 #
0!
b101 -
b110 '
b110 ,
b1111110 &
b1111110 +
b101111000101 *
#4015000
b110110 #
1!
b10110110 -
b101110 '
b101110 ,
b111 &
b111 +
b101111000110 *
#4016000
b1110011 #
0!
b1110011 -
b1111110 '
b1111110 ,
b1110100 &
b1110100 +
b1111101001 )
#4017000
b11010 #
b11010 -
b110100 '
b110100 ,
b1100101 &
b1100101 +
b1111101010 )
#4018000
b100101 #
1!
b10100101 -
b110 '
b110 ,
b11110 &
b11110 +
b101111000111 *
#4019000
b1110001 #
0!
b1110001 -
b1110111 '
b1110111 ,
b1111001 &
b1111001 +
b1111101011 )
#4020000
b100100 #
1!
b10100100 -
b10010 '
b10010 ,
b10001 &
b10001 +
b1111101100 )
#4021000
b1010000 #
b11010000 -
b100000 '
b100000 ,
b101111 &
b101111 +
b1111101101 )
#4022000
b1111000 #
b11111000 -
b101000 '
b101000 ,
b1001111 &
b1001111 +
b101111001000 *
#4023000
b1000 #
0!
b1000 -
b1100000 '
b1100000 ,
b100111 &
b100111 +
b101111001001 *
#4024000
b11000 #
b11000 -
b1101101 '
b1101101 ,
b101010 &
b101010 +
b101111001010 *
#4025000
b1010001 #
b1010001 -
b1110011 '
b1110011 ,
b1011101 &
b1011101 +
b101111001011 *
#4026000
b1110000 #
1!
b11110000 -
b101 '
b101 ,
b1101010 &
b1101010 +
b1111101110 )
#4027000
b1000110 #
0!
b1000110 -
b1100000 '
b1100000 ,
b1100101 &
b1100101 +
b101111001100 *
#4028000
b10100 #
b10100 -
b110101 '
b110101 ,
b1011110 &
b1011110 +
b1111101111 )
#4029000
b110111 #
b110111 -
b1111111 '
b1111111 ,
b110111 &
b110111 +
b101111001101 *
#4030000
b1110110 #
1!
b11110110 -
b11010 '
b11010 ,
b1011011 &
b1011011 +
b101111001110 *
#4031000
b1101010 #
b11101010 -
b1000111 '
b1000111 ,
b100010 &
b100010 +
b101111001111 *
#4032000
b100110 #
b10100110 -
b10011 '
b10011 ,
b10010 &
b10010 +
b101111010000 *
#4033000
b1101101 #
b11101101 -
b1001111 '
b1001111 ,
b11101 &
b11101 +
b1111110000 )
#4034000
b10 #
0!
b10 -
b101 '
b101 ,
b1111100 &
b1111100 +
b101111010001 *
#4035000
b1110011 #
1!
b11110011 -
b101001 '
b101001 ,
b1001001 &
b1001001 +
b101111010010 *
#4036000
b1011101 #
b11011101 -
b1001001 '
b1001001 ,
b10011 &
b10011 +
b101111010011 *
#4037000
b1101001 #
b11101001 -
b1001111 '
b1001111 ,
b11001 &
b11001 +
b101111010100 *
#4038000
b1110100 #
b11110100 -
b110010 '
b110010 ,
b1000001 &
b1000001 +
b101111010101 *
#4039000
b1000111 #
b11000111 -
b111 '
b111 ,
b111111 &
b111111 +
b101111010110 *
#4040000
b1001111 #
b11001111 -
b111100 '
b111100 ,
b10010 &
b10010 +
b101111010111 *
#4041000
b110111 #
b10110111 -
b101111 '
b101111 ,
b111 &
b111 +
b101111011000 *
#4042000
b1000110 #
b11000110 -
b100 '
b100 ,
b1000001 &
b1000001 +
b1111110001 )
#4043000
b100100 #
0!
b100100 -
b101000 '
b101000 ,
b1111011 &
b1111011 +
b101111011001 *
#4044000
b1101111 #
b1101111 -
b1110111 '
b1110111 ,
b1110111 &
b1110111 +
b101111011010 *
#4045000
b1001110 #
b1001110 -
b1111010 '
b1111010 ,
b1010011 &
b1010011 +
b1111110010 )
#4046000
b1000 #
b1000 -
b1110100 '
b1110100 ,
b10011 &
b10011 +
b1111110011 )
#4047000
b1100100 #
1!
b11100100 -
b110110 '
b110110 ,
b101101 &
b101101 +
b101111011011 *
#4048000
b110100 #
b10110100 -
b101010 '
b101010 ,
b1001 &
b1001 +
b101111011100 *
#4049000
b1000111 #
0!
b1000111 -
b1101101 '
b1101101 ,
b1011001 &
b1011001 +
b1111110100 )
#4050000
b101100 #
1!
b10101100 -
b101000 '
b101000 ,
b11 &
b11 +
b1111110101 )
#4051000
b1100 #
b10001100 -
b100 '
b100 ,
b111 &
b111 +
b1111110110 )
#4052000
b10001 #
0!
b10001 -
b11011 '
b11011 ,
b1110101 &
b1110101 +
b1111110111 )
#4053000
b1001000 #
b1001000 -
b1111001 '
b1111001 ,
b1001110 &
b1001110 +
b101111011101 *
#4054000
b101101 #
1!
b10101101 -
b100 '
b100 ,
b101000 &
b101000 +
b1111111000 )
#4055000
b110100 #
b10110100 -
b11001 '
b11001 ,
b11010 &
b11010 +
b1111111001 )
#4056000
b111001 #
b10111001 -
b10010 '
b10010 ,
b100110 &
b100110 +
b1111111010 )
#4057000
b1011010 #
b11011010 -
b1101 '
b1101 ,
b1001100 &
b1001100 +
b1111111011 )
#4058000
b1110100 #
b11110100 -
b110001 '
b110001 ,
b1000010 &
b1000010 +
b101111011110 *
#4059000
b110011 #
0!
b110011 -
b1101100 '
b1101100 ,
b1000110 &
b1000110 +
b101111011111 *
#4060000
b111101 '
b111101 ,
b1110101 &
b1110101 +
b101111100000 *
#4061000
b1111110 #
1!
b11111110 -
b1001 '
b1001 ,
b1110100 &
b1110100 +
b101111100001 *
#4062000
b11110 #
0!
b11110 -
b11111 '
b11111 ,
b1111110 &
b1111110 +
b101111100010 *
#4063000
b101000 #
b101000 -
b1011010 '
b1011010 ,
b1001101 &
b1001101 +
b101111100011 *
#4064000
b1001011 #
1!
b11001011 -
b1110 '
b1110 ,
b111100 &
b111100 +
b101111100100 *
#4065000
b11011 #
0!
b11011 -
b1110110 '
b1110110 ,
b100100 &
b100100 +
b101111100101 *
#4066000
b100 #
b100 -
b1111001 '
b1111001 ,
b1010 &
b1010 +
b101111100110 *
#4067000
b1000110 #
b1000110 -
b1010010 '
b1010010 ,
b1110011 &
b1110011 +
b101111100111 *
#4068000
b111101 #
1!
b10111101 -
b1011 '
b1011 ,
b110001 &
b110001 +
b1111111100 )
#4069000
b110100 #
0!
b110100 -
b1101001 '
b1101001 ,
b1001010 &
b1001010 +
b1111111101 )
#4070000
b100000 #
1!
b10100000 -
b10111 '
b10111 ,
b1000 &
b1000 +
b101111101000 *
#4071000
b1111110 #
b11111110 -
b111111 '
b111111 ,
b111110 &
b111110 +
b1111111110 )
#4072000
b111111 #
b10111111 -
b11011 '
b11011 ,
b100011 &
b100011 +
b101111101001 *
#4073000
b1110111 #
b11110111 -
b101011 '
b101011 ,
b1001011 &
b1001011 +
b1111111111 )
#4074000
b110101 #
0!
b110101 -
b1100101 '
b1100101 ,
b1001111 &
b1001111 +
b101111101010 *
#4075000
b1100111 #
1!
b11100111 -
b11111 '
b11111 ,
b1000111 &
b1000111 +
b101111101011 *
#4076000
b1011010 #
b11011010 -
b1001100 '
b1001100 ,
b1101 &
b1101 +
b101111101100 *
#4077000
b10101 #
b10010101 -
b1101 '
b1101 ,
b111 &
b111 +
b101111101101 *
#4078000
b1010010 #
b11010010 -
b1000100 '
b1000100 ,
b1101 &
b1101 +
b10000000000 )
#4079000
b10000 #
0!
b10000 -
b1100010 '
b1100010 ,
b101101 &
b101101 +
b101111101110 *
#4080000
1!
b10010000 -
b1011 '
b1011 ,
b100 &
b100 +
b101111101111 *
#4081000
b1101110 #
b11101110 -
b0 '
b0 ,
b1101101 &
b1101101 +
b10000000001 )
#4082000
b100000 #
0!
b100000 -
b1100001 '
b1100001 ,
b111110 &
b111110 +
b101111110000 *
#4083000
b1111111 #
1!
b11111111 -
b1101110 '
b1101110 ,
b10000 &
b10000 +
b101111110001 *
#4084000
b1010001 #
0!
b1010001 -
b1011100 '
b1011100 ,
b1110100 &
b1110100 +
b101111110010 *
#4085000
b1001 #
b1001 -
b1011001 '
b1011001 ,
b101111 &
b101111 +
b10000000010 )
#4086000
b0 #
1!
b0 -
b100 '
b100 ,
b1111011 &
b1111011 +
b101111110011 *
#4087000
b100110 #
0!
b100110 -
b1101100 '
b1101100 ,
b111001 &
b111001 +
b101111110100 *
#4088000
b111111 #
1!
b10111111 -
b1 '
b1 ,
b111101 &
b111101 +
b101111110101 *
#4089000
b1100000 #
b11100000 -
b1010110 '
b1010110 ,
b1001 &
b1001 +
b10000000011 )
#4090000
b1110111 #
b11110111 -
b1010111 '
b1010111 ,
b11111 &
b11111 +
b101111110110 *
#4091000
b1010 #
0!
b1010 -
b1000010 '
b1000010 ,
b1000111 &
b1000111 +
b101111110111 *
#4092000
b1001100 #
1!
b11001100 -
b100011 '
b100011 ,
b101000 &
b101000 +
b101111111000 *
#4093000
b1111101 #
b11111101 -
b1010111 '
b1010111 ,
b100101 &
b100101 +
b101111111001 *
#4094000
b1110000 #
b11110000 -
b101010 '
b101010 ,
b1000101 &
b1000101 +
b101111111010 *
#4095000
b1000111 #
0!
b1000111 -
b1001010 '
b1001010 ,
b1111100 &
b1111100 +
b101111111011 *
#4096000
b11000 #
b11000 -
b1101000 '
b1101000 ,
b101111 &
b101111 +
b10000000100 )
#4097000
b1011110 #
1!
b11011110 -
b1001111 '
b1001111 ,
b1110 &
b1110 +
b101111111100 *
#4098000
b1001001 #
b11001001 -
b100110 '
b100110 ,
b100010 &
b100010 +
b101111111101 *
#4099000
b1101000 #
b11101000 -
b111111 '
b111111 ,
b101000 &
b101000 +
b101111111110 *
#4100000
b101111 #
b10101111 -
b1101 '
b1101 ,
b100001 &
b100001 +
b101111111111 *
#4101000
b111000 #
0!
b111000 -
b1110000 '
b1110000 ,
b1000111 &
b1000111 +
b10000000101 )
#4102000
b110011 #
b110011 -
b1111111 '
b1111111 ,
b110011 &
b110011 +
b110000000000 *
#4103000
b100 #
b100 -
b1100100 '
b1100100 ,
b11111 &
b11111 +
b110000000001 *
#4104000
b1001 #
b1001 -
b1101011 '
b1101011 ,
b11101 &
b11101 +
b110000000010 *
#4105000
b1111011 #
1!
b11111011 -
b1010 '
b1010 ,
b1110000 &
b1110000 +
b110000000011 *
#4106000
b1011110 #
b11011110 -
b11100 '
b11100 ,
b1000001 &
b1000001 +
b110000000100 *
#4107000
b110011 #
0!
b110011 -
b1100010 '
b1100010 ,
b1010000 &
b1010000 +
b110000000101 *
#4108000
b1100110 #
1!
b11100110 -
b10 '
b10 ,
b1100011 &
b1100011 +
b110000000110 *
#4109000
b101101 #
b10101101 -
b100101 '
b100101 ,
b111 &
b111 +
b110000000111 *
#4110000
b1111000 #
b11111000 -
b110101 '
b110101 ,
b1000010 &
b1000010 +
b10000000110 )
#4111000
b1001111 #
0!
b1001111 -
b1011011 '
b1011011 ,
b1110011 &
b1110011 +
b110000001000 *
#4112000
b1101110 #
1!
b11101110 -
b1101101 '
b1101101 ,
b0 &
b0 +
b10000000111 )
#4113000
b11010 #
0!
b11010 -
b1010110 '
b1010110 ,
b1000011 &
b1000011 +
b110000001001 *
#4114000
b1111110 #
1!
b11111110 -
b1101101 '
b1101101 ,
b10000 &
b10000 +
b110000001010 *
#4115000
b111 #
0!
b111 -
b111010 '
b111010 ,
b1001100 &
b1001100 +
b110000001011 *
#4116000
b110001 #
b110001 -
b1011101 '
b1011101 ,
b1010011 &
b1010011 +
b110000001100 *
#4117000
b1000110 #
1!
b11000110 -
b1000100 '
b1000100 ,
b1 &
b1 +
b110000001101 *
#4118000
b1010101 #
0!
b1010101 -
b1011110 '
b1011110 ,
b1110110 &
b1110110 +
b110000001110 *
#4119000
b1000011 #
1!
b11000011 -
b111001 '
b111001 ,
b1001 &
b1001 +
b10000001000 )
#4120000
b1100100 #
b11100100 -
b0 '
b0 ,
b1100011 &
b1100011 +
b110000001111 *
#4121000
b111111 #
0!
b111111 -
b1101110 '
b1101110 ,
b1010000 &
b1010000 +
b110000010000 *
#4122000
b1000010 #
1!
b11000010 -
b101000 '
b101000 ,
b11001 &
b11001 +
b110000010001 *
#4123000
b1010101 #
b11010101 -
b11101 '
b11101 ,
b110111 &
b110111 +
b110000010010 *
#4124000
b1111011 #
b11111011 -
b1100110 '
b1100110 ,
b10100 &
b10100 +
b110000010011 *
#4125000
b110101 #
b10110101 -
b100011 '
b100011 ,
b10001 &
b10001 +
b110000010100 *
#4126000
b11111 #
0!
b11111 -
b1101000 '
b1101000 ,
b110110 &
b110110 +
b10000001001 )
#4127000
b1111100 #
1!
b11111100 -
b101110 '
b101110 ,
b1001101 &
b1001101 +
b110000010101 *
#4128000
b10010 #
0!
b10010 -
b1011101 '
b1011101 ,
b110100 &
b110100 +
b110000010110 *
#4129000
b1100010 #
1!
b11100010 -
b110010 '
b110010 ,
b101111 &
b101111 +
b110000010111 *
#4130000
b1101101 #
b11101101 -
b110110 '
b110110 ,
b110110 &
b110110 +
b110000011000 *
#4131000
b110101 #
0!
b110101 -
b1100011 '
b1100011 ,
b1010001 &
b1010001 +
b110000011001 *
#4132000
b100010 #
b100010 -
b1000111 '
b1000111 ,
b1011010 &
b1011010 +
b110000011010 *
#4133000
b1001001 #
b1001001 -
b1010111 '
b1010111 ,
b1110001 &
b1110001 +
b110000011011 *
#4134000
b110100 #
1!
b10110100 -
b10010 '
b10010 ,
b100001 &
b100001 +
b10000001010 )
#4135000
b1100010 #
b11100010 -
b1001001 '
b1001001 ,
b11000 &
b11000 +
b10000001011 )
#4136000
b110 #
0!
b110 -
b1100001 '
b1100001 ,
b100100 &
b100100 +
b110000011100 *
#4137000
b111011 #
b111011 -
b1011011 '
b1011011 ,
b1011111 &
b1011111 +
b110000011101 *
#4138000
b101111 #
b101111 -
b1001100 '
b1001100 ,
b1100010 &
b1100010 +
b110000011110 *
#4139000
b110011 #
1!
b10110011 -
b11101 '
b11101 ,
b10101 &
b10101 +
b110000011111 *
#4140000
b1010000 #
b11010000 -
b1001 '
b1001 ,
b1000110 &
b1000110 +
b10000001100 )
#4141000
b110111 #
0!
b110111 -
b1101100 '
b1101100 ,
b1001010 &
b1001010 +
b110000100000 *
#4142000
b1001101 #
b1001101 -
b1100100 '
b1100100 ,
b1101000 &
b1101000 +
b110000100001 *
#4143000
b1111000 #
1!
b11111000 -
b101010 '
b101010 ,
b1001101 &
b1001101 +
b10000001101 )
#4144000
b1110110 #
0!
b1110110 -
b1111100 '
b1111100 ,
b1111001 &
b1111001 +
b110000100010 *
#4145000
b10010 #
b10010 -
b110100 '
b110100 ,
b1011101 &
b1011101 +
b10000001110 )
#4146000
b1111110 #
1!
b11111110 -
b1100100 '
b1100100 ,
b11001 &
b11001 +
b110000100011 *
#4147000
b100001 #
0!
b100001 -
b1001101 '
b1001101 ,
b1010011 &
b1010011 +
b110000100100 *
#4148000
b1000010 #
1!
b11000010 -
b110 '
b110 ,
b111011 &
b111011 +
b110000100101 *
#4149000
b1101111 #
b11101111 -
b11100 '
b11100 ,
b1010010 &
b1010010 +
b110000100110 *
#4150000
b1010000 #
b11010000 -
b101010 '
b101010 ,
b100101 &
b100101 +
b110000100111 *
#4151000
b110001 #
0!
b110001 -
b1000001 '
b1000001 ,
b1101111 &
b1101111 +
b110000101000 *
#4152000
b11101 #
b11101 -
b110001 '
b110001 ,
b1101011 &
b1101011 +
b110000101001 *
#4153000
b10000 #
b10000 -
b1010100 '
b1010100 ,
b111011 &
b111011 +
b110000101010 *
#4154000
b1100010 #
1!
b11100010 -
b110110 '
b110110 ,
b101011 &
b101011 +
b110000101011 *
#4155000
b1100110 #
b11100110 -
b11100 '
b11100 ,
b1001001 &
b1001001 +
b110000101100 *
#4156000
b100001 #
0!
b100001 -
b1100110 '
b1100110 ,
b111010 &
b111010 +
b110000101101 *
#4157000
b1101001 #
1!
b11101001 -
b1000 '
b1000 ,
b1100000 &
b1100000 +
b110000101110 *
#4158000
b11111 #
0!
b11111 -
b1101000 '
b1101000 ,
b110110 &
b110110 +
b110000101111 *
#4159000
b111110 #
1!
b10111110 -
b10 '
b10 ,
b111011 &
b111011 +
b110000110000 *
#4160000
b10 #
0!
b10 -
b1010 '
b1010 ,
b1110111 &
b1110111 +
b10000001111 )
#4161000
b10001 #
b10001 -
b1010110 '
b1010110 ,
b111010 &
b111010 +
b110000110001 *
#4162000
b1001001 #
1!
b11001001 -
b110011 '
b110011 ,
b10101 &
b10101 +
b110000110010 *
#4163000
b1001011 #
b11001011 -
b10101 '
b10101 ,
b110101 &
b110101 +
b110000110011 *
#4164000
b1000110 #
b11000110 -
b10010 '
b10010 ,
b110011 &
b110011 +
b110000110100 *
#4165000
b1110111 #
b11110111 -
b1110001 '
b1110001 ,
b101 &
b101 +
b110000110101 *
#4166000
b1100010 #
b11100010 -
b1010100 '
b1010100 ,
b1101 &
b1101 +
b110000110110 *
#4167000
b1011001 #
b11011001 -
b11101 '
b11101 ,
b111011 &
b111011 +
b110000110111 *
#4168000
b1001011 #
b11001011 -
b10000 '
b10000 ,
b111010 &
b111010 +
b110000111000 *
#4169000
b1110010 #
b11110010 -
b1101 '
b1101 ,
b1100100 &
b1100100 +
b110000111001 *
#4170000
b1010001 #
0!
b1010001 -
b1110101 '
b1110101 ,
b1011011 &
b1011011 +
b110000111010 *
#4171000
b1010110 #
b1010110 -
b1011110 '
b1011110 ,
b1110111 &
b1110111 +
b10000010000 )
#4172000
b11001 #
b11001 -
b110010 '
b110010 ,
b1100110 &
b1100110 +
b10000010001 )
#4173000
b10101 #
b10101 -
b1101110 '
b1101110 ,
b100110 &
b100110 +
b110000111011 *
#4174000
b1100011 #
1!
b11100011 -
b1001111 '
b1001111 ,
b10011 &
b10011 +
b110000111100 *
#4175000
b11110 #
0!
b11110 -
b110111 '
b110111 ,
b1100110 &
b1100110 +
b110000111101 *
#4176000
b1111 #
b1111 -
b1000100 '
b1000100 ,
b1001010 &
b1001010 +
b110000111110 *
#4177000
b1100000 #
1!
b11100000 -
b1000010 '
b1000010 ,
b11101 &
b11101 +
b110000111111 *
#4178000
b11101 #
0!
b11101 -
b1000000 '
b1000000 ,
b1011100 &
b1011100 +
b110001000000 *
#4179000
b1011 #
b1011 -
b1101011 '
b1101011 ,
b11111 &
b11111 +
b110001000001 *
#4180000
b1010100 #
1!
b11010100 -
b100000 '
b100000 ,
b110011 &
b110011 +
b110001000010 *
#4181000
b110110 #
b10110110 -
b100101 '
b100101 ,
b10000 &
b10000 +
b110001000011 *
#4182000
b1010100 #
0!
b1010100 -
b1011100 '
b1011100 ,
b1110111 &
b1110111 +
b10000010010 )
#4183000
1!
b11010100 -
b100101 '
b100101 ,
b101110 &
b101110 +
b10000010011 )
#4184000
b100100 #
b10100100 -
b11010 '
b11010 ,
b1001 &
b1001 +
b110001000100 *
#4185000
b101010 #
0!
b101010 -
b1100110 '
b1100110 ,
b1000011 &
b1000011 +
b10000010100 )
#4186000
b100010 #
b100010 -
b1110100 '
b1110100 ,
b101101 &
b101101 +
b110001000101 *
#4187000
b1000110 #
1!
b11000110 -
b111010 '
b111010 ,
b1011 &
b1011 +
b110001000110 *
#4188000
b1011100 #
0!
b1011100 -
b1100011 '
b1100011 ,
b1111000 &
b1111000 +
b110001000111 *
#4189000
b11001 #
1!
b10011001 -
b10 '
b10 ,
b10110 &
b10110 +
b10000010101 )
#4190000
b100001 #
b10100001 -
b10110 '
b10110 ,
b1010 &
b1010 +
b10000010110 )
#4191000
b111111 #
b10111111 -
b11100 '
b11100 ,
b100010 &
b100010 +
b10000010111 )
#4192000
b1101110 #
b11101110 -
b1101001 '
b1101001 ,
b100 &
b100 +
b10000011000 )
#4193000
b10010 #
0!
b10010 -
b1010000 '
b1010000 ,
b1000001 &
b1000001 +
b110001001000 *
#4194000
b1111010 #
1!
b11111010 -
b110 '
b110 ,
b1110011 &
b1110011 +
b110001001001 *
#4195000
b1000 #
0!
b1000 -
b1001 '
b1001 ,
b1111110 &
b1111110 +
b110001001010 *
#4196000
b1010 #
b1010 -
b100101 '
b100101 ,
b1100100 &
b1100100 +
b110001001011 *
#4197000
b10011 #
b10011 -
b1110001 '
b1110001 ,
b100001 &
b100001 +
b110001001100 *
#4198000
b1000100 #
1!
b11000100 -
b101100 '
b101100 ,
b10111 &
b10111 +
b110001001101 *
#4199000
b1110001 #
0!
b1110001 -
b1110001 '
b1110001 ,
b1111111 &
b1111111 +
b110001001110 *
#4200000
b110000 #
b110000 -
b1101011 '
b1101011 ,
b1000100 &
b1000100 +
b10000011001 )
#4201000
b10111 #
b10111 -
b1101111 '
b1101111 ,
b100111 &
b100111 +
b110001001111 *
#4202000
b110001 #
b110001 -
b1111011 '
b1111011 ,
b110101 &
b110101 +
b110001010000 *
#4203000
b1001000 #
1!
b11001000 -
b10001 '
b10001 ,
b110110 &
b110110 +
b110001010001 *
#4204000
b0 #
b0 -
b101100 '
b101100 ,
b1010011 &
b1010011 +
b110001010010 *
#4205000
b1100110 #
b11100110 -
b10101 '
b10101 ,
b1010000 &
b1010000 +
b110001010011 *
#4206000
b10000 #
0!
b10000 -
b1010101 '
b1010101 ,
b111010 &
b111010 +
b110001010100 *
#4207000
b11001 #
b11001 -
b1001101 '
b1001101 ,
b1001011 &
b1001011 +
b110001010101 *
#4208000
b1011111 #
1!
b11011111 -
b110001 '
b110001 ,
b101101 &
b101101 +
b110001010110 *
#4209000
b1001101 #
b11001101 -
b110 '
b110 ,
b1000110 &
b1000110 +
b110001010111 *
#4210000
b10111 #
0!
b10111 -
b1011101 '
b1011101 ,
b111001 &
b111001 +
b110001011000 *
#4211000
b1000000 #
1!
b11000000 -
b111001 '
b111001 ,
b110 &
b110 +
b110001011001 *
#4212000
b1110110 #
b11110110 -
b1010010 '
b1010010 ,
b100011 &
b100011 +
b110001011010 *
#4213000
b1100 #
b10001100 -
b0 '
b0 ,
b1011 &
b1011 +
b110001011011 *
#4214000
b100 #
0!
b100 -
b1001011 '
b1001011 ,
b111000 &
b111000 +
b10000011010 )
#4215000
b1010001 #
b1010001 -
b1100101 '
b1100101 ,
b1101011 &
b1101011 +
b110001011100 *
#4216000
b1101110 #
1!
b11101110 -
b11101 '
b11101 ,
b1010000 &
b1010000 +
b10000011011 )
#4217000
b101001 #
0!
b101001 -
b1100100 '
b1100100 ,
b1000100 &
b1000100 +
b110001011101 *
#4218000
b1101 #
b1101 -
b110010 '
b110010 ,
b1011010 &
b1011010 +
b110001011110 *
#4219000
b1000011 #
b1000011 -
b1010100 '
b1010100 ,
b1101110 &
b1101110 +
b110001011111 *
#4220000
b1101 #
b1101 -
b1111101 '
b1111101 ,
b1111 &
b1111 +
b10000011100 )
#4221000
b110 #
b110 -
b1101010 '
b1101010 ,
b11011 &
b11011 +
b110001100000 *
#4222000
b11011 #
b11011 -
b1000010 '
b1000010 ,
b1011000 &
b1011000 +
b110001100001 *
#4223000
b1110111 #
1!
b11110111 -
b110110 '
b110110 ,
b1000000 &
b1000000 +
b110001100010 *
#4224000
b11101 #
0!
b11101 -
b1010111 '
b1010111 ,
b1000101 &
b1000101 +
b110001100011 *
#4225000
b1001110 #
1!
b11001110 -
b11000 '
b11000 ,
b110101 &
b110101 +
b110001100100 *
#4226000
b1011011 #
0!
b1011011 -
b1111010 '
b1111010 ,
b1100000 &
b1100000 +
b110001100101 *
#4227000
b111 #
b111 -
b1010100 '
b1010100 ,
b110010 &
b110010 +
b10000011101 )
#4228000
b11101 #
1!
b10011101 -
b11000 '
b11000 ,
b100 &
b100 +
b110001100110 *
#4229000
b101111 #
0!
b101111 -
b1101001 '
b1101001 ,
b1000101 &
b1000101 +
b10000011110 )
#4230000
b11011 #
b11011 -
b1011111 '
b1011111 ,
b111011 &
b111011 +
b110001100111 *
#4231000
b1101110 #
1!
b11101110 -
b110110 '
b110110 ,
b110111 &
b110111 +
b110001101000 *
#4232000
b1001101 #
b11001101 -
b1000111 '
b1000111 ,
b101 &
b101 +
b110001101001 *
#4233000
b1100100 #
b11100100 -
b101111 '
b101111 ,
b110100 &
b110100 +
b110001101010 *
#4234000
b1111001 #
b11111001 -
b11111 '
b11111 ,
b1011001 &
b1011001 +
b110001101011 *
#4235000
b1110110 #
b11110110 -
b11 '
b11 ,
b1110010 &
b1110010 +
b110001101100 *
#4236000
b11 #
0!
b11 -
b111 '
b111 ,
b1111011 &
b1111011 +
b110001101101 *
#4237000
b1111 #
b1111 -
b101101 '
b101101 ,
b1100001 &
b1100001 +
b110001101110 *
#4238000
b1100100 #
1!
b11100100 -
b110010 '
b110010 ,
b110001 &
b110001 +
b110001101111 *
#4239000
b1111011 #
b11111011 -
b10010 '
b10010 ,
b1101000 &
b1101000 +
b110001110000 *
#4240000
b1001111 #
b11001111 -
b1111 '
b1111 ,
b111111 &
b111111 +
b110001110001 *
#4241000
b1100011 #
0!
b1100011 -
b1101000 '
b1101000 ,
b1111010 &
b1111010 +
b110001110010 *
#4242000
b1100101 #
b1100101 -
b1110010 '
b1110010 ,
b1110010 &
b1110010 +
b10000011111 )
#4243000
b0 #
1!
b0 -
b111101 '
b111101 ,
b1000010 &
b1000010 +
b10000100000 )
#4244000
b1110110 #
b11110110 -
b100100 '
b100100 ,
b1010001 &
b1010001 +
b110001110011 *
#4245000
b100010 #
0!
b100010 -
b110010 '
b110010 ,
b1101111 &
b1101111 +
b110001110100 *
#4246000
b1000011 #
1!
b11000011 -
b101100 '
b101100 ,
b10110 &
b10110 +
b110001110101 *
#4247000
b10000 #
0!
b10000 -
b1100100 '
b1100100 ,
b101011 &
b101011 +
b110001110110 *
#4248000
b110011 #
b110011 -
b1111111 '
b1111111 ,
b110011 &
b110011 +
b110001110111 *
#4249000
b1100100 #
b1100100 -
b1101011 '
b1101011 ,
b1111000 &
b1111000 +
b110001111000 *
#4250000
b1101110 #
1!
b11101110 -
b100100 '
b100100 ,
b1001001 &
b1001001 +
b10000100001 )
#4251000
b1101100 #
b11101100 -
b101000 '
b101000 ,
b1000011 &
b1000011 +
b110001111001 *
#4252000
b1010011 #
b11010011 -
b110101 '
b110101 ,
b11101 &
b11101 +
b110001111010 *
#4253000
b110001 #
0!
b110001 -
b1111100 '
b1111100 ,
b110100 &
b110100 +
b110001111011 *
#4254000
b111111 #
1!
b10111111 -
b11000 '
b11000 ,
b100110 &
b100110 +
b110001111100 *
#4255000
b11010 #
0!
b11010 -
b1101001 '
b1101001 ,
b110000 &
b110000 +
b10000100010 )
#4256000
b10111 #
1!
b10010111 -
b1111 '
b1111 ,
b111 &
b111 +
b110001111101 *
#4257000
b1110000 #
b11110000 -
b101 '
b101 ,
b1101010 &
b1101010 +
b10000100011 )
#4258000
b110 #
0!
b110 -
b111000 '
b111000 ,
b1001101 &
b1001101 +
b110001111110 *
#4259000
b100110 #
b100110 -
b1101010 '
b1101010 ,
b111011 &
b111011 +
b110001111111 *
#4260000
b1101101 #
1!
b11101101 -
b1100010 '
b1100010 ,
b1010 &
b1010 +
b110010000000 *
#4261000
b11100 #
0!
b11100 -
b1001101 '
b1001101 ,
b1001110 &
b1001110 +
b110010000001 *
#4262000
b1101010 #
1!
b11101010 -
b10011 '
b10011 ,
b1010110 &
b1010110 +
b110010000010 *
#4263000
b1010101 #
b11010101 -
b111101 '
b111101 ,
b10111 &
b10111 +
b110010000011 *
#4264000
b1111001 #
b11111001 -
b1011000 '
b1011000 ,
b100000 &
b100000 +
b110010000100 *
#4265000
b1010100 #
0!
b1010100 -
b1011110 '
b1011110 ,
b1110101 &
b1110101 +
b110010000101 *
#4266000
b10101 #
1!
b10010101 -
b10 '
b10 ,
b10010 &
b10010 +
b10000100100 )
#4267000
b1101 #
0!
b1101 -
b1100000 '
b1100000 ,
b101100 &
b101100 +
b10000100101 )
#4268000
b1100010 #
1!
b11100010 -
b110010 '
b110010 ,
b101111 &
b101111 +
b110010000110 *
#4269000
b101110 #
0!
b101110 -
b1100000 '
b1100000 ,
b1001101 &
b1001101 +
b110010000111 *
#4270000
b110100 #
1!
b10110100 -
b101 '
b101 ,
b101110 &
b101110 +
b110010001000 *
#4271000
b11100 #
b10011100 -
b10001 '
b10001 ,
b1010 &
b1010 +
b10000100110 )
#4272000
b110 #
0!
b110 -
b1001 '
b1001 ,
b1111100 &
b1111100 +
b10000100111 )
#4273000
b1101011 #
1!
b11101011 -
b101110 '
b101110 ,
b111100 &
b111100 +
b110010001001 *
#4274000
b1000100 #
b11000100 -
b11011 '
b11011 ,
b101000 &
b101000 +
b110010001010 *
#4275000
b1000111 #
0!
b1000111 -
b1011011 '
b1011011 ,
b1101011 &
b1101011 +
b110010001011 *
#4276000
b1100101 #
b1100101 -
b1111110 '
b1111110 ,
b1100110 &
b1100110 +
b10000101000 )
#4277000
b1101010 #
1!
b11101010 -
b11100 '
b11100 ,
b1001101 &
b1001101 +
b10000101001 )
#4278000
b110100 #
b10110100 -
b10101 '
b10101 ,
b11110 &
b11110 +
b110010001100 *
#4279000
b110010 #
0!
b110010 -
b1100000 '
b1100000 ,
b1010001 &
b1010001 +
b10000101010 )
#4280000
b1101011 #
1!
b11101011 -
b1100100 '
b1100100 ,
b110 &
b110 +
b110010001101 *
#4281000
b1110101 #
0!
b1110101 -
b1111100 '
b1111100 ,
b1111000 &
b1111000 +
b110010001110 *
#4282000
b1010000 #
b1010000 -
b1011010 '
b1011010 ,
b1110101 &
b1110101 +
b10000101011 )
#4283000
b1110 #
b1110 -
b1010011 '
b1010011 ,
b111010 &
b111010 +
b10000101100 )
#4284000
b1100 #
b1100 -
b1101001 '
b1101001 ,
b100010 &
b100010 +
b110010001111 *
#4285000
b1011100 #
1!
b11011100 -
b1010010 '
b1010010 ,
b1001 &
b1001 +
b110010010000 *
#4286000
b0 #
b0 -
b100111 '
b100111 ,
b1011000 &
b1011000 +
b110010010001 *
#4287000
b11101 #
0!
b11101 -
b101110 '
b101110 ,
b1101110 &
b1101110 +
b110010010010 *
#4288000
b100011 #
b100011 -
b1110100 &
b1110100 +
b110010010011 *
#4289000
b1100000 #
1!
b11100000 -
b1001110 '
b1001110 ,
b10001 &
b10001 +
b110010010100 *
#4290000
b1011000 #
b11011000 -
b1001010 '
b1001010 ,
b1101 &
b1101 +
b110010010101 *
#4291000
b100 #
0!
b100 -
b100001 '
b100001 ,
b1100010 &
b1100010 +
b110010010110 *
#4292000
b101101 #
b101101 -
b1011101 '
b1011101 ,
b1001111 &
b1001111 +
b110010010111 *
#4293000
b1101011 #
b1101011 -
b1101111 '
b1101111 ,
b1111011 &
b1111011 +
b110010011000 *
#4294000
b1110110 #
1!
b11110110 -
b1001111 '
b1001111 ,
b100110 &
b100110 +
b10000101101 )
#4295000
b1101101 #
b11101101 -
b111000 '
b111000 ,
b110100 &
b110100 +
b110010011001 *
#4296000
b1001010 #
b11001010 -
b110001 '
b110001 ,
b11000 &
b11000 +
b110010011010 *
#4297000
b11101 #
0!
b11101 -
b1101000 '
b1101000 ,
b110100 &
b110100 +
b110010011011 *
#4298000
b110000 #
1!
b10110000 -
b100111 '
b100111 ,
b1000 &
b1000 +
b110010011100 *
#4299000
b1111100 #
b11111100 -
b110111 '
b110111 ,
b1000100 &
b1000100 +
b10000101110 )
#4300000
b11110 #
0!
b11110 -
b1111111 '
b1111111 ,
b11110 &
b11110 +
b110010011101 *
#4301000
b100110 #
b100110 -
b111001 '
b111001 ,
b1101100 &
b1101100 +
b110010011110 *
#4302000
b10010 #
b10010 -
b1001011 '
b1001011 ,
b1000110 &
b1000110 +
b110010011111 *
#4303000
b10000 #
b10000 -
b110010 '
b110010 ,
b1011101 &
b1011101 +
b110010100000 *
#4304000
b1101010 #
1!
b11101010 -
b101100 '
b101100 ,
b111101 &
b111101 +
b110010100001 *
#4305000
b1101110 #
0!
b1101110 -
b1111111 '
b1111111 ,
b1101110 &
b1101110 +
b110010100010 *
#4306000
b101111 #
b101111 -
b1010001 '
b1010001 ,
b1011101 &
b1011101 +
b10000101111 )
#4307000
b1010010 #
b1010010 -
b1011000 '
b1011000 ,
b1111001 &
b1111001 +
b110010100011 *
#4308000
b1111 #
b1111 -
b100111 '
b100111 ,
b1100111 &
b1100111 +
b10000110000 )
#4309000
b10101 #
1!
b10010101 -
b11 '
b11 ,
b10001 &
b10001 +
b110010100100 *
#4310000
b111011 #
0!
b111011 -
b1111100 '
b1111100 ,
b111110 &
b111110 +
b10000110001 )
#4311000
b100000 #
b100000 -
b1111101 '
b1111101 ,
b100010 &
b100010 +
b110010100101 *
#4312000
b1001100 #
b1001100 -
b1001110 '
b1001110 ,
b1111101 &
b1111101 +
b110010100110 *
#4313000
b110110 #
b110110 -
b1110100 '
b1110100 ,
b1000001 &
b1000001 +
b10000110010 )
#4314000
b1111110 #
1!
b11111110 -
b1000110 '
b1000110 ,
b110111 &
b110111 +
b110010100111 *
#4315000
b110110 #
0!
b110110 -
b1010001 '
b1010001 ,
b1100100 &
b1100100 +
b110010101000 *
#4316000
b1011000 #
b1011000 -
b1011001 '
b1011001 ,
b1111110 &
b1111110 +
b110010101001 *
#4317000
b1001 #
b1001 -
b1101000 '
b1101000 ,
b100000 &
b100000 +
b10000110011 )
#4318000
b10001 #
b10001 -
b1011100 '
b1011100 ,
b110100 &
b110100 +
b110010101010 *
#4319000
b110110 #
b110110 -
b1011101 '
b1011101 ,
b1011000 &
b1011000 +
b110010101011 *
#4320000
b1001010 #
1!
b11001010 -
b110000 '
b110000 ,
b11001 &
b11001 +
b110010101100 *
#4321000
b1001001 #
b11001001 -
b1010 '
b1010 ,
b111110 &
b111110 +
b110010101101 *
#4322000
b1101011 #
b11101011 -
b11010 '
b11010 ,
b1010000 &
b1010000 +
b110010101110 *
#4323000
b1111100 #
b11111100 -
b101101 '
b101101 ,
b1001110 &
b1001110 +
b110010101111 *
#4324000
b1001000 #
b11001000 -
b111111 '
b111111 ,
b1000 &
b1000 +
b110010110000 *
#4325000
b1101110 #
b11101110 -
b11 '
b11 ,
b1101010 &
b1101010 +
b110010110001 *
#4326000
b1000001 #
0!
b1000001 -
b1110111 '
b1110111 ,
b1001001 &
b1001001 +
b110010110010 *
#4327000
b111010 #
1!
b10111010 -
b110110 '
b110110 ,
b11 &
b11 +
b10000110100 )
#4328000
b11001 #
0!
b11001 -
b1000111 '
b1000111 ,
b1010001 &
b1010001 +
b10000110101 )
#4329000
b111011 #
1!
b10111011 -
b11110 '
b11110 ,
b11100 &
b11100 +
b110010110011 *
#4330000
b110110 #
0!
b110110 -
b1110000 '
b1110000 ,
b1000101 &
b1000101 +
b10000110110 )
#4331000
b1101111 #
b1101111 -
b1110011 '
b1110011 ,
b1111011 &
b1111011 +
b110010110100 *
#4332000
b1110011 #
1!
b11110011 -
b11100 '
b11100 ,
b1010110 &
b1010110 +
b10000110111 )
#4333000
b11000 #
0!
b11000 -
b100011 '
b100011 ,
b1110100 &
b1110100 +
b110010110101 *
#4334000
b1010011 #
b1010011 -
b1100011 '
b1100011 ,
b1101111 &
b1101111 +
b110010110110 *
#4335000
b101100 #
b101100 -
b111110 '
b111110 ,
b1101101 &
b1101101 +
b10000111000 )
#4336000
b100011 #
b100011 -
b1100011 '
b1100011 ,
b111111 &
b111111 +
b110010110111 *
#4337000
b110110 #
b110110 -
b1010010 &
b1010010 +
b110010111000 *
#4338000
b1100001 #
b1100001 -
b1101110 '
b1101110 ,
b1110010 &
b1110010 +
b110010111001 *
#4339000
b11111 #
b11111 -
b1011001 '
b1011001 ,
b1000101 &
b1000101 +
b10000111001 )
#4340000
b111 #
b111 -
b1001000 '
b1001000 ,
b111110 &
b111110 +
b110010111010 *
#4341000
b10100 #
1!
b10010100 -
b1000 '
b1000 ,
b1011 &
b1011 +
b110010111011 *
#4342000
b1111100 #
b11111100 -
b111000 '
b111000 ,
b1000011 &
b1000011 +
b10000111010 )
#4343000
b1111101 #
b11111101 -
b111001 '
b111001 ,
b110010111100 *
#4344000
b1001111 #
b11001111 -
b100100 '
b100100 ,
b101010 &
b101010 +
b110010111101 *
#4345000
b111111 #
b10111111 -
b10011 '
b10011 ,
b101011 &
b101011 +
b110010111110 *
#4346000
b101 #
0!
b101 -
b111011 '
b111011 ,
b1001001 &
b1001001 +
b10000111011 )
#4347000
b110000 #
b110000 -
b1111111 '
b1111111 ,
b110000 &
b110000 +
b110010111111 *
#4348000
b10111 #
b10111 -
b100111 '
b100111 ,
b1101111 &
b1101111 +
b110011000000 *
#4349000
b1110111 #
1!
b11110111 -
b11000 '
b11000 ,
b1011110 &
b1011110 +
b110011000001 *
#4350000
b1100110 #
b11100110 -
b110 '
b110 ,
b1011111 &
b1011111 +
b110011000010 *
#4351000
b1011011 #
b11011011 -
b110000 '
b110000 ,
b101010 &
b101010 +
b110011000011 *
#4352000
b1001111 #
0!
b1001111 -
b1101111 '
b1101111 ,
b1011111 &
b1011111 +
b110011000100 *
#4353000
b10010 #
b10010 -
b101111 '
b101111 ,
b1100010 &
b1100010 +
b10000111100 )
#4354000
b11011 #
b11011 -
b1110010 '
b1110010 ,
b101000 &
b101000 +
b110011000101 *
#4355000
b101101 #
1!
b10101101 -
b100100 '
b100100 ,
b1000 &
b1000 +
b110011000110 *
#4356000
b1101111 #
b11101111 -
b100000 '
b100000 ,
b1001110 &
b1001110 +
b10000111101 )
#4357000
b110101 #
b10110101 -
b11010 '
b11010 ,
b11010 &
b11010 +
b110011000111 *
#4358000
b1111 #
0!
b1111 -
b1010011 '
b1010011 ,
b111011 &
b111011 +
b10000111110 )
#4359000
b1 #
b1 -
b101001 '
b101001 ,
b1010111 &
b1010111 +
b110011001000 *
#4360000
b1111101 #
1!
b11111101 -
b1101101 '
b1101101 ,
b1111 &
b1111 +
b110011001001 *
#4361000
b1100111 #
b11100111 -
b101110 '
b101110 ,
b111000 &
b111000 +
b110011001010 *
#4362000
b1010001 #
b11010001 -
b11110 '
b11110 ,
b110010 &
b110010 +
b110011001011 *
#4363000
b1010100 #
0!
b1010100 -
b1100010 '
b1100010 ,
b1110001 &
b1110001 +
b110011001100 *
#4364000
b1100010 #
1!
b11100010 -
b11001 '
b11001 ,
b1001000 &
b1001000 +
b10000111111 )
#4365000
b1100100 #
0!
b1100100 -
b1101000 '
b1101000 ,
b1111011 &
b1111011 +
b110011001101 *
#4366000
b1011 #
b1011 -
b1011 '
b1011 ,
b1111111 &
b1111111 +
b10001000000 )
#4367000
b110 #
b110 -
b1011110 '
b1011110 ,
b100111 &
b100111 +
b110011001110 *
#4368000
b11000 #
b11000 -
b1111010 '
b1111010 ,
b11101 &
b11101 +
b110011001111 *
#4369000
b1001011 #
1!
b11001011 -
b111111 '
b111111 ,
b1011 &
b1011 +
b110011010000 *
#4370000
b1010110 #
b11010110 -
b101100 '
b101100 ,
b101001 &
b101001 +
b110011010001 *
#4371000
b1101010 #
b11101010 -
b1100011 '
b1100011 ,
b110 &
b110 +
b110011010010 *
#4372000
b11010 #
0!
b11010 -
b1101000 '
b1101000 ,
b110001 &
b110001 +
b110011010011 *
#4373000
b10111 #
b10111 -
b101110 '
b101110 ,
b1101000 &
b1101000 +
b110011010100 *
#4374000
b1011000 #
b1011000 -
b1111101 '
b1111101 ,
b1011010 &
b1011010 +
b110011010101 *
#4375000
b110000 #
b110000 -
b1110111 '
b1110111 ,
b111000 &
b111000 +
b10001000001 )
#4376000
b101000 #
1!
b10101000 -
b100111 '
b100111 ,
b0 &
b0 +
b110011010110 *
#4377000
b1101011 #
0!
b1101011 -
b1111000 '
b1111000 ,
b1110010 &
b1110010 +
b10001000010 )
#4378000
b101110 #
b101110 -
b1101010 '
b1101010 ,
b1000011 &
b1000011 +
b10001000011 )
#4379000
b1011 #
b1011 -
b11010 '
b11010 ,
b1110000 &
b1110000 +
b110011010111 *
#4380000
b1100111 #
1!
b11100111 -
b1010000 '
b1010000 ,
b10110 &
b10110 +
b110011011000 *
#4381000
b101010 #
b10101010 -
b11110 '
b11110 ,
b1011 &
b1011 +
b110011011001 *
#4382000
b110011 #
0!
b110011 -
b1010011 '
b1010011 ,
b1011111 &
b1011111 +
b10001000100 )
#4383000
b111111 #
b111111 -
b111111 '
b111111 ,
b1111111 &
b1111111 +
b110011011010 *
#4384000
b111110 #
1!
b10111110 -
b101001 '
b101001 ,
b10100 &
b10100 +
b110011011011 *
#4385000
b1100101 #
b11100101 -
b10100 '
b10100 ,
b1010000 &
b1010000 +
b10001000101 )
#4386000
b10 #
0!
b10 -
b1111100 '
b1111100 ,
b101 &
b101 +
b110011011100 *
#4387000
b1110011 #
b1110011 -
b1111010 '
b1111010 ,
b1111000 &
b1111000 +
b110011011101 *
#4388000
b10010 #
b10010 -
b1111001 '
b1111001 ,
b11000 &
b11000 +
b10001000110 )
#4389000
b101000 '
b101000 ,
b1101001 &
b1101001 +
b110011011110 *
#4390000
b1100011 #
1!
b11100011 -
b111 '
b111 ,
b1011011 &
b1011011 +
b110011011111 *
#4391000
b1000111 #
0!
b1000111 -
b1100001 '
b1100001 ,
b1100101 &
b1100101 +
b110011100000 *
#4392000
b1001011 #
b1001011 -
b1010110 '
b1010110 ,
b1110100 &
b1110100 +
b10001000111 )
#4393000
b11000 #
b11000 -
b100111 '
b100111 ,
b1110000 &
b1110000 +
b10001001000 )
#4394000
b1101100 #
1!
b11101100 -
b1010011 '
b1010011 ,
b11000 &
b11000 +
b110011100001 *
#4395000
b1010111 #
b11010111 -
b110000 '
b110000 ,
b100110 &
b100110 +
b110011100010 *
#4396000
b101011 #
0!
b101011 -
b1100111 '
b1100111 ,
b1000011 &
b1000011 +
b110011100011 *
#4397000
b101101 #
b101101 -
b110101 '
b110101 ,
b1110111 &
b1110111 +
b110011100100 *
#4398000
b1001 #
b1001 -
b1011111 '
b1011111 ,
b101001 &
b101001 +
b110011100101 *
#4399000
b1110011 #
1!
b11110011 -
b11011 '
b11011 ,
b1010111 &
b1010111 +
b110011100110 *
#4400000
b1110010 #
b11110010 -
b11110 '
b11110 ,
b1010011 &
b1010011 +
b110011100111 *
#4401000
b1110111 #
b11110111 -
b1011011 '
b1011011 ,
b11011 &
b11011 +
b110011101000 *
#4402000
b1000111 #
b11000111 -
b100100 '
b100100 ,
b100010 &
b100010 +
b110011101001 *
#4403000
b110010 #
0!
b110010 -
b1011010 '
b1011010 ,
b1010111 &
b1010111 +
b110011101010 *
#4404000
b1011000 #
b1011000 -
b1101111 '
b1101111 ,
b1101000 &
b1101000 +
b110011101011 *
#4405000
b10010 #
b10010 -
b1011001 '
b1011001 ,
b111000 &
b111000 +
b10001001001 )
#4406000
b1110100 #
1!
b11110100 -
b1100010 '
b1100010 ,
b10001 &
b10001 +
b110011101100 *
#4407000
b1011011 #
0!
b1011011 -
b1110110 '
b1110110 ,
b1100100 &
b1100100 +
b110011101101 *
#4408000
b1010001 #
b1010001 -
b1111100 '
b1111100 ,
b1010100 &
b1010100 +
b10001001010 )
#4409000
1!
b11010001 -
b100001 '
b100001 ,
b101111 &
b101111 +
b10001001011 )
#4410000
b111 #
0!
b111 -
b1100110 '
b1100110 ,
b100000 &
b100000 +
b110011101110 *
#4411000
b10011 #
b10011 -
b111111 '
b111111 ,
b1010011 &
b1010011 +
b110011101111 *
#4412000
b101000 #
b101000 -
b110110 '
b110110 ,
b1110001 &
b1110001 +
b110011110000 *
#4413000
b1100010 #
1!
b11100010 -
b10100 '
b10100 ,
b1001101 &
b1001101 +
b110011110001 *
#4414000
b1101001 #
b11101001 -
b1001111 '
b1001111 ,
b11001 &
b11001 +
b110011110010 *
#4415000
b1011010 #
b11011010 -
b100 '
b100 ,
b1010101 &
b1010101 +
b110011110011 *
#4416000
b1011011 #
0!
b1011011 -
b1111001 '
b1111001 ,
b1100001 &
b1100001 +
b110011110100 *
#4417000
b101100 #
b101100 -
b1110000 '
b1110000 ,
b111011 &
b111011 +
b10001001100 )
#4418000
b1111110 #
1!
b11111110 -
b1000010 '
b1000010 ,
b110011110101 *
#4419000
b1101011 #
b11101011 -
b100 '
b100 ,
b1100110 &
b1100110 +
b110011110110 *
#4420000
b1011111 #
b11011111 -
b100001 '
b100001 ,
b111101 &
b111101 +
b110011110111 *
#4421000
b10110 #
b10010110 -
b0 '
b0 ,
b10101 &
b10101 +
b110011111000 *
#4422000
b0 #
b0 -
b11010 '
b11010 ,
b1100101 &
b1100101 +
b10001001101 )
#4423000
b1010010 #
b11010010 -
b10000 '
b10000 ,
b1000001 &
b1000001 +
b110011111001 *
#4424000
b11101 #
b10011101 -
b11000 '
b11000 ,
b100 &
b100 +
b110011111010 *
#4425000
b1011 #
0!
b1011 -
b1111001 '
b1111001 ,
b10001 &
b10001 +
b10001001110 )
#4426000
b110011 #
1!
b10110011 -
b10001 '
b10001 ,
b100001 &
b100001 +
b110011111011 *
#4427000
b1100111 #
0!
b1100111 -
b1101011 '
b1101011 ,
b1111011 &
b1111011 +
b10001001111 )
#4428000
b1001100 #
b1001100 -
b1010101 '
b1010101 ,
b1110110 &
b1110110 +
b10001010000 )
#4429000
b1010011 #
1!
b11010011 -
b10010 '
b10010 ,
b1000000 &
b1000000 +
b10001010001 )
#4430000
b1100100 #
b11100100 -
b1011111 '
b1011111 ,
b100 &
b100 +
b110011111100 *
#4431000
b111 #
0!
b111 -
b1011101 '
b1011101 ,
b101001 &
b101001 +
b110011111101 *
#4432000
b10101 #
b10101 -
b1011001 '
b1011001 ,
b111011 &
b111011 +
b110011111110 *
#4433000
b1000100 #
b1000100 -
b1011110 '
b1011110 ,
b1100101 &
b1100101 +
b110011111111 *
#4434000
b110011 #
b110011 -
b1010010 '
b1010010 ,
b1100000 &
b1100000 +
b10001010010 )
#4435000
1!
b10110011 -
b100 '
b100 ,
b101110 &
b101110 +
b110100000000 *
#4436000
b10000 #
0!
b10000 -
b100110 '
b100110 ,
b1101001 &
b1101001 +
b10001010011 )
#4437000
b110100 #
b110100 -
b1001011 '
b1001011 ,
b1101000 &
b1101000 +
b110100000001 *
#4438000
b110010 #
b110010 -
b1011100 '
b1011100 ,
b1010101 &
b1010101 +
b110100000010 *
#4439000
b1101000 #
1!
b11101000 -
b1011001 '
b1011001 ,
b1110 &
b1110 +
b110100000011 *
#4440000
b10 #
0!
b10 -
b101000 '
b101000 ,
b1011001 &
b1011001 +
b110100000100 *
#4441000
b1001101 #
b1001101 -
b1101110 '
b1101110 ,
b1011110 &
b1011110 +
b110100000101 *
#4442000
b1011001 #
1!
b11011001 -
b100000 '
b100000 ,
b111000 &
b111000 +
b10001010100 )
#4443000
b1010100 #
0!
b1010100 -
b1101010 '
b1101010 ,
b1101001 &
b1101001 +
b110100000110 *
#4444000
b1111000 #
1!
b11111000 -
b11000 '
b11000 ,
b1011111 &
b1011111 +
b10001010101 )
#4445000
b100000 #
0!
b100000 -
b1110101 '
b1110101 ,
b101010 &
b101010 +
b110100000111 *
#4446000
b111110 #
b111110 -
b1101010 '
b1101010 ,
b1010011 &
b1010011 +
b110100001000 *
#4447000
b1011111 #
1!
b11011111 -
b1010110 '
b1010110 ,
b1000 &
b1000 +
b110100001001 *
#4448000
b101111 #
0!
b101111 -
b1011010 '
b1011010 ,
b1010100 &
b1010100 +
b110100001010 *
#4449000
b10000 #
b10000 -
b1011011 '
b1011011 ,
b110100 &
b110100 +
b110100001011 *
#4450000
b100111 #
b100111 -
b101101 '
b101101 ,
b1111001 &
b1111001 +
b110100001100 *
#4451000
b1110100 #
b1110100 -
b1110111 '
b1110111 ,
b1111100 &
b1111100 +
b110100001101 *
#4452000
b1000110 #
b1000110 -
b1010001 '
b1010001 ,
b1110100 &
b1110100 +
b10001010110 )
#4453000
b10011 #
b10011 -
b1010101 '
b1010101 ,
b111101 &
b111101 +
b10001010111 )
#4454000
b1101001 #
b1101001 -
b1110010 '
b1110010 ,
b1110110 &
b1110110 +
b110100001110 *
#4455000
b101001 #
b101001 -
b1000111 '
b1000111 ,
b1100001 &
b1100001 +
b10001011000 )
#4456000
b1001001 #
1!
b11001001 -
b100110 '
b100110 ,
b100010 &
b100010 +
b110100001111 *
#4457000
b110110 #
0!
b110110 -
b1110001 '
b1110001 ,
b1000100 &
b1000100 +
b110100010000 *
#4458000
b10011 #
b10011 -
b111011 '
b111011 ,
b1010111 &
b1010111 +
b110100010001 *
#4459000
b110000 #
b110000 -
b1111111 '
b1111111 ,
b110000 &
b110000 +
b110100010010 *
#4460000
b100 #
b100 -
b10011 '
b10011 ,
b1110000 &
b1110000 +
b110100010011 *
#4461000
b1111000 #
1!
b11111000 -
b1101101 '
b1101101 ,
b1010 &
b1010 +
b110100010100 *
#4462000
b1101111 #
b11101111 -
b1101000 '
b1101000 ,
b110 &
b110 +
b110100010101 *
#4463000
b11010 #
0!
b11010 -
b1101110 '
b1101110 ,
b101011 &
b101011 +
b110100010110 *
#4464000
b101011 #
1!
b10101011 -
b11000 '
b11000 ,
b10010 &
b10010 +
b110100010111 *
#4465000
b1111001 #
b11111001 -
b1001110 '
b1001110 ,
b101010 &
b101010 +
b10001011001 )
#4466000
b1010001 #
b11010001 -
b1101 '
b1101 ,
b1000011 &
b1000011 +
b110100011000 *
#4467000
b1101011 #
b11101011 -
b110 '
b110 ,
b1100100 &
b1100100 +
b110100011001 *
#4468000
b1010010 #
b11010010 -
b110100 '
b110100 ,
b11101 &
b11101 +
b110100011010 *
#4469000
b1110000 #
b11110000 -
b101000 '
b101000 ,
b1000111 &
b1000111 +
b110100011011 *
#4470000
b110110 #
0!
b110110 -
b1000010 '
b1000010 ,
b1110011 &
b1110011 +
b110100011100 *
#4471000
b1111000 #
1!
b11111000 -
b11111 '
b11111 ,
b1011000 &
b1011000 +
b110100011101 *
#4472000
b110000 #
b10110000 -
b1101 '
b1101 ,
b100010 &
b100010 +
b110100011110 *
#4473000
b1110110 #
b11110110 -
b11101 '
b11101 ,
b1011000 &
b1011000 +
b10001011010 )
#4474000
b101111 #
0!
b101111 -
b1101001 '
b1101001 ,
b1000101 &
b1000101 +
b110100011111 *
#4475000
b11110 #
b11110 -
b1111001 '
b1111001 ,
b100100 &
b100100 +
b110100100000 *
#4476000
b111000 #
1!
b10111000 -
b10110 '
b10110 ,
b100001 &
b100001 +
b110100100001 *
#4477000
b100100 #
b10100100 -
b11011 '
b11011 ,
b1000 &
b1000 +
b10001011011 )
#4478000
b100011 #
0!
b100011 -
b1110000 '
b1110000 ,
b110010 &
b110010 +
b10001011100 )
#4479000
b1000100 #
b1000100 -
b1010011 &
b1010011 +
b110100100010 *
#4480000
b1 #
b1 -
b101010 '
b101010 ,
b1010110 &
b1010110 +
b10001011101 )
#4481000
b1111010 #
1!
b11111010 -
b1001011 '
b1001011 ,
b101110 &
b101110 +
b110100100011 *
#4482000
b1011011 #
b11011011 -
b1000 '
b1000 ,
b1010010 &
b1010010 +
b110100100100 *
#4483000
b101010 #
0!
b101010 -
b1101000 '
b1101000 ,
b1000001 &
b1000001 +
b110100100101 *
#4484000
b1110110 #
1!
b11110110 -
b11111 '
b11111 ,
b1010110 &
b1010110 +
b110100100110 *
#4485000
b11001 #
0!
b11001 -
b111010 '
b111010 ,
b1011110 &
b1011110 +
b110100100111 *
#4486000
b1100010 #
1!
b11100010 -
b1010100 '
b1010100 ,
b1101 &
b1101 +
b110100101000 *
#4487000
b1101 #
0!
b1101 -
b1110101 '
b1110101 ,
b10111 &
b10111 +
b110100101001 *
#4488000
b1100110 #
1!
b11100110 -
b1010011 '
b1010011 ,
b10010 &
b10010 +
b110100101010 *
#4489000
b1010010 #
b11010010 -
b111110 '
b111110 ,
b10011 &
b10011 +
b110100101011 *
#4490000
b110100 #
b10110100 -
b10001 '
b10001 ,
b100010 &
b100010 +
b110100101100 *
#4491000
b11111 #
0!
b11111 -
b111001 '
b111001 ,
b1100101 &
b1100101 +
b10001011110 )
#4492000
b1010011 #
1!
b11010011 -
b110001 '
b110001 ,
b100001 &
b100001 +
b110100101101 *
#4493000
b1111101 #
b11111101 -
b1110 '
b1110 ,
b1101110 &
b1101110 +
b110100101110 *
#4494000
b111100 #
b10111100 -
b111000 '
b111000 ,
b11 &
b11 +
b110100101111 *
#4495000
b111111 #
0!
b111111 -
b1110110 '
b1110110 ,
b1001000 &
b1001000 +
b10001011111 )
#4496000
b11001 #
b11001 -
b100110 '
b100110 ,
b1110010 &
b1110010 +
b110100110000 *
#4497000
b100001 #
1!
b10100001 -
b10011 '
b10011 ,
b1101 &
b1101 +
b110100110001 *
#4498000
b11111 #
b10011111 -
b10001 '
b10001 ,
b10001100000 )
#4499000
b10110 #
0!
b10110 -
b1100011 '
b1100011 ,
b110010 &
b110010 +
b10001100001 )
#4500000
b1101011 #
1!
b11101011 -
b100000 '
b100000 ,
b1001010 &
b1001010 +
b110100110010 *
#4501000
b1110101 #
b11110101 -
b1110001 '
b1110001 ,
b11 &
b11 +
b110100110011 *
#4502000
b1100100 #
b11100100 -
b1001001 '
b1001001 ,
b11010 &
b11010 +
b110100110100 *
#4503000
b1110011 #
b11110011 -
b101010 '
b101010 ,
b1001000 &
b1001000 +
b110100110101 *
#4504000
b10010 #
0!
b10010 -
b1101111 '
b1101111 ,
b100010 &
b100010 +
b110100110110 *
#4505000
b100101 #
b100101 -
b1001101 '
b1001101 ,
b1010111 &
b1010111 +
b110100110111 *
#4506000
b1010111 #
b1010111 -
b1110101 '
b1110101 ,
b1100001 &
b1100001 +
b110100111000 *
#4507000
b1111110 #
1!
b11111110 -
b101001 '
b101001 ,
b1010100 &
b1010100 +
b10001100010 )
#4508000
b111 #
0!
b111 -
b110000 '
b110000 ,
b1010110 &
b1010110 +
b110100111001 *
#4509000
b1110001 #
1!
b11110001 -
b1000010 '
b1000010 ,
b101110 &
b101110 +
b110100111010 *
#4510000
b1001100 #
b11001100 -
b10001 '
b10001 ,
b111010 &
b111010 +
b110100111011 *
#4511000
b111110 #
0!
b111110 -
b1101001 '
b1101001 ,
b1010100 &
b1010100 +
b110100111100 *
#4512000
b1010111 #
1!
b11010111 -
b100011 '
b100011 ,
b110011 &
b110011 +
b110100111101 *
#4513000
b10010 #
0!
b10010 -
b10110 '
b10110 ,
b1111011 &
b1111011 +
b110100111110 *
#4514000
b110011 #
b110011 -
b1111100 '
b1111100 ,
b110110 &
b110110 +
b110100111111 *
#4515000
b1101010 #
1!
b11101010 -
b1001100 '
b1001100 ,
b11101 &
b11101 +
b110101000000 *
#4516000
b1011110 #
b11011110 -
b100 '
b100 ,
b1011001 &
b1011001 +
b110101000001 *
#4517000
b1111011 #
b11111011 -
b100001 '
b100001 ,
b110101000010 *
#4518000
b1101101 #
b11101101 -
b1100110 '
b1100110 ,
b110 &
b110 +
b110101000011 *
#4519000
b111 #
0!
b111 -
b1101101 '
b1101101 ,
b11001 &
b11001 +
b110101000100 *
#4520000
b1001100 #
b1001100 -
b1010100 '
b1010100 ,
b1110111 &
b1110111 +
b110101000101 *
#4521000
b1011100 #
b1011100 -
b1110001 '
b1110001 ,
b1101010 &
b1101010 +
b10001100011 )
#4522000
b11 #
b11 -
b110110 '
b110110 ,
b1001100 &
b1001100 +
b10001100100 )
#4523000
b1100001 #
1!
b11100001 -
b1000101 '
b1000101 ,
b11011 &
b11011 +
b110101000110 *
#4524000
b1111000 #
b11111000 -
b11110 '
b11110 ,
b1011001 &
b1011001 +
b110101000111 *
#4525000
b11 #
0!
b11 -
b100010 '
b100010 ,
b1100000 &
b1100000 +
b110101001000 *
#4526000
b11110 #
b11110 -
b1101100 '
b1101100 ,
b110001 &
b110001 +
b110101001001 *
#4527000
b1001100 #
b1001100 -
b1111111 '
b1111111 ,
b1001100 &
b1001100 +
b110101001010 *
#4528000
b1001 #
b1001 -
b110001 '
b110001 ,
b1010111 &
b1010111 +
b10001100101 )
#4529000
b101 #
b101 -
b1110011 '
b1110011 ,
b10001 &
b10001 +
b110101001011 *
#4530000
b1011001 #
b1011001 -
b1111000 '
b1111000 ,
b1100000 &
b1100000 +
b110101001100 *
#4531000
b110011 #
1!
b10110011 -
b10 '
b10 ,
b110000 &
b110000 +
b10001100110 )
#4532000
b1101110 #
b11101110 -
b1010100 '
b1010100 ,
b11001 &
b11001 +
b10001100111 )
#4533000
b110110 #
b10110110 -
b1010 '
b1010 ,
b101011 &
b101011 +
b110101001101 *
#4534000
b1011110 #
b11011110 -
b1000 '
b1000 ,
b1010101 &
b1010101 +
b10001101000 )
#4535000
b1111100 #
b11111100 -
b111010 '
b111010 ,
b1000001 &
b1000001 +
b110101001110 *
#4536000
b100010 #
0!
b100010 -
b1110100 '
b1110100 ,
b101101 &
b101101 +
b110101001111 *
#4537000
b1110101 #
b1110101 -
b1111101 '
b1111101 ,
b1110111 &
b1110111 +
b110101010000 *
#4538000
b1011001 #
1!
b11011001 -
b1010100 '
b1010100 ,
b100 &
b100 +
b10001101001 )
#4539000
b1000000 #
b11000000 -
b10110 '
b10110 ,
b101001 &
b101001 +
b110101010001 *
#4540000
b1000010 #
0!
b1000010 -
b1000101 '
b1000101 ,
b1111100 &
b1111100 +
b110101010010 *
#4541000
b1001000 #
1!
b11001000 -
b101 '
b101 ,
b1000010 &
b1000010 +
b10001101010 )
#4542000
b101101 #
0!
b101101 -
b1011001 '
b1011001 ,
b1010011 &
b1010011 +
b110101010011 *
#4543000
b1000100 #
1!
b11000100 -
b111100 '
b111100 ,
b111 &
b111 +
b110101010100 *
#4544000
b1111001 #
b11111001 -
b1100001 '
b1100001 ,
b10111 &
b10111 +
b110101010101 *
#4545000
b1000100 #
0!
b1000100 -
b1110100 '
b1110100 ,
b1001111 &
b1001111 +
b110101010110 *
#4546000
b1011 #
b1011 -
b10011 '
b10011 ,
b1110111 &
b1110111 +
b10001101011 )
#4547000
b1010010 #
b1010010 -
b1110111 '
b1110111 ,
b1011010 &
b1011010 +
b110101010111 *
#4548000
b101111 #
b101111 -
b1011000 '
b1011000 ,
b1010110 &
b1010110 +
b10001101100 )
#4549000
b1001000 #
b1001000 -
b1011101 '
b1011101 ,
b1101010 &
b1101010 +
b110101011000 *
#4550000
b1001111 #
1!
b11001111 -
b101110 '
b101110 ,
b100000 &
b100000 +
b10001101101 )
#4551000
b1011010 #
0!
b1011010 -
b1011110 '
b1011110 ,
b1111011 &
b1111011 +
b110101011001 *
#4552000
b10010 #
b10010 -
b111101 '
b111101 ,
b1010100 &
b1010100 +
b10001101110 )
#4553000
b1001 #
b1001 -
b1110110 '
b1110110 ,
b10010 &
b10010 +
b110101011010 *
#4554000
b101011 #
b101011 -
b101100 '
b101100 ,
b1111110 &
b1111110 +
b110101011011 *
#4555000
b1100110 #
1!
b11100110 -
b110010 '
b110010 ,
b110011 &
b110011 +
b110101011100 *
#4556000
b1110011 #
b11110011 -
b101100 '
b101100 ,
b1000110 &
b1000110 +
b110101011101 *
#4557000
b1101100 #
b11101100 -
b110011 '
b110011 ,
b111000 &
b111000 +
b110101011110 *
#4558000
b101001 #
b10101001 -
b11 '
b11 ,
b100101 &
b100101 +
b110101011111 *
#4559000
b1010110 #
0!
b1010110 -
b1110001 '
b1110001 ,
b1100100 &
b1100100 +
b10001101111 )
#4560000
b1100000 #
1!
b11100000 -
b1000010 '
b1000010 ,
b11101 &
b11101 +
b10001110000 )
#4561000
b101110 #
b10101110 -
b10101 '
b10101 ,
b11000 &
b11000 +
b110101100000 *
#4562000
b1110111 #
b11110111 -
b111010 '
b111010 ,
b111100 &
b111100 +
b10001110001 )
#4563000
b1111110 #
b11111110 -
b100111 '
b100111 ,
b1010110 &
b1010110 +
b110101100001 *
#4564000
b100111 #
b10100111 -
b10110 '
b10110 ,
b10000 &
b10000 +
b110101100010 *
#4565000
b1100011 #
b11100011 -
b110110 '
b110110 ,
b101100 &
b101100 +
b10001110010 )
#4566000
b1001 #
0!
b1001 -
b1110100 '
b1110100 ,
b10100 &
b10100 +
b110101100011 *
#4567000
b1111011 #
1!
b11111011 -
b1110001 '
b1110001 ,
b1001 &
b1001 +
b110101100100 *
#4568000
b10100 #
0!
b10100 -
b11101 '
b11101 ,
b1110110 &
b1110110 +
b110101100101 *
#4569000
b111111 #
1!
b10111111 -
b1100 '
b1100 ,
b110010 &
b110010 +
b110101100110 *
#4570000
b1 #
0!
b1 -
b1111000 '
b1111000 ,
b1000 &
b1000 +
b10001110011 )
#4571000
b1110001 #
1!
b11110001 -
b111101 '
b111101 ,
b110011 &
b110011 +
b110101100111 *
#4572000
b1100 #
0!
b1100 -
b10111 '
b10111 ,
b1110100 &
b1110100 +
b110101101000 *
#4573000
b101011 #
b101011 -
b1011111 '
b1011111 ,
b1001011 &
b1001011 +
b110101101001 *
#4574000
b1110111 #
1!
b11110111 -
b110110 '
b110110 ,
b1000000 &
b1000000 +
b110101101010 *
#4575000
b1001 #
0!
b1001 -
b1000000 '
b1000000 ,
b1001000 &
b1001000 +
b110101101011 *
#4576000
b1101111 #
1!
b11101111 -
b1100001 '
b1100001 ,
b1101 &
b1101 +
b110101101100 *
#4577000
b110111 #
0!
b110111 -
b1111100 '
b1111100 ,
b111010 &
b111010 +
b110101101101 *
#4578000
b1111111 #
1!
b11111111 -
b110111 '
b110111 ,
b1000111 &
b1000111 +
b110101101110 *
#4579000
b111111 #
b10111111 -
b11110 '
b11110 ,
b100000 &
b100000 +
b110101101111 *
#4580000
b1010101 #
b11010101 -
b1010010 '
b1010010 ,
b10 &
b10 +
b10001110100 )
#4581000
b1010011 #
b11010011 -
b100010 '
b100010 ,
b110000 &
b110000 +
b110101110000 *
#4582000
b1001 #
0!
b1001 -
b10010 '
b10010 ,
b1110110 &
b1110110 +
b110101110001 *
#4583000
b1101 #
b1101 -
b1011010 '
b1011010 ,
b110010 &
b110010 +
b110101110010 *
#4584000
b10000 #
1!
b10010000 -
b1 '
b1 ,
b1110 &
b1110 +
b110101110011 *
#4585000
b1010100 #
b11010100 -
b11110 '
b11110 ,
b110101 &
b110101 +
b10001110101 )
#4586000
b10111 #
0!
b10111 -
b1010100 '
b1010100 ,
b1000010 &
b1000010 +
b110101110100 *
#4587000
b1011000 #
b1011000 -
b1101011 '
b1101011 ,
b1101100 &
b1101100 +
b110101110101 *
#4588000
b10 #
b10 -
b1001 '
b1001 ,
b1111000 &
b1111000 +
b10001110110 )
#4589000
b1011000 #
1!
b11011000 -
b101100 '
b101100 ,
b101011 &
b101011 +
b110101110110 *
#4590000
b110001 #
0!
b110001 -
b1011011 '
b1011011 ,
b1010101 &
b1010101 +
b110101110111 *
#4591000
b110011 #
1!
b10110011 -
b10101 '
b10101 ,
b11101 &
b11101 +
b110101111000 *
#4592000
b1000110 #
0!
b1000110 -
b1000111 '
b1000111 ,
b1111110 &
b1111110 +
b10001110111 )
#4593000
b1100110 #
1!
b11100110 -
b0 '
b0 ,
b1100101 &
b1100101 +
b10001111000 )
#4594000
b110110 #
b10110110 -
b110010 '
b110010 ,
b11 &
b11 +
b110101111001 *
#4595000
b1110100 #
0!
b1110100 -
b1110111 '
b1110111 ,
b1111100 &
b1111100 +
b10001111001 )
#4596000
b100111 #
1!
b10100111 -
b1111 '
b1111 ,
b10111 &
b10111 +
b10001111010 )
#4597000
b1110000 #
b11110000 -
b11000 '
b11000 ,
b1010111 &
b1010111 +
b10001111011 )
#4598000
b101 #
0!
b101 -
b1100010 '
b1100010 ,
b100010 &
b100010 +
b110101111010 *
#4599000
b10011 #
b10011 -
b1001111 '
b1001111 ,
b1000011 &
b1000011 +
b110101111011 *
#4600000
b1100001 #
1!
b11100001 -
b1010000 '
b1010000 ,
b10000 &
b10000 +
b110101111100 *
#4601000
b11011 #
0!
b11011 -
b111001 '
b111001 ,
b1100001 &
b1100001 +
b110101111101 *
#4602000
b1011100 #
1!
b11011100 -
b110101 '
b110101 ,
b100110 &
b100110 +
b110101111110 *
#4603000
b1100000 #
0!
b1100000 -
b1111100 '
b1111100 ,
b1100011 &
b1100011 +
b110101111111 *
#4604000
b1000000 #
b1000000 -
b1000011 '
b1000011 ,
b1111100 &
b1111100 +
b10001111100 )
#4605000
b1011010 #
1!
b11011010 -
b101010 '
b101010 ,
b101111 &
b101111 +
b10001111101 )
#4606000
b100000 #
0!
b100000 -
b1110111 '
b1110111 ,
b101000 &
b101000 +
b110110000000 *
#4607000
b11 #
b11 -
b101110 '
b101110 ,
b1010100 &
b1010100 +
b110110000001 *
#4608000
b1111111 #
1!
b11111111 -
b1111110 '
b1111110 ,
b0 &
b0 +
b110110000010 *
#4609000
b1010101 #
b11010101 -
b100100 '
b100100 ,
b110000 &
b110000 +
b110110000011 *
#4610000
b1101001 #
b11101001 -
b110010 '
b110010 ,
b110110 &
b110110 +
b110110000100 *
#4611000
b1001110 #
0!
b1001110 -
b1010111 '
b1010111 ,
b1110110 &
b1110110 +
b110110000101 *
#4612000
b1 #
b1 -
b1011 '
b1011 ,
b1110101 &
b1110101 +
b10001111110 )
#4613000
b101100 #
1!
b10101100 -
b1 '
b1 ,
b101010 &
b101010 +
b110110000110 *
#4614000
b1100010 #
b11100010 -
b1011001 '
b1011001 ,
b1000 &
b1000 +
b10001111111 )
#4615000
b1100100 #
b11100100 -
b1010011 '
b1010011 ,
b10000 &
b10000 +
b110110000111 *
#4616000
b1011011 #
0!
b1011011 -
b1110100 '
b1110100 ,
b1100110 &
b1100110 +
b110110001000 *
#4617000
b1111000 #
1!
b11111000 -
b11000 '
b11000 ,
b1011111 &
b1011111 +
b10010000000 )
#4618000
b1110011 #
b11110011 -
b1110000 '
b1110000 ,
b10 &
b10 +
b110110001001 *
#4619000
b100101 #
0!
b100101 -
b111110 '
b111110 ,
b1100110 &
b1100110 +
b110110001010 *
#4620000
b1000101 '
b1000101 ,
b1011111 &
b1011111 +
b110110001011 *
#4621000
b101001 #
b101001 -
b1010111 '
b1010111 ,
b1010001 &
b1010001 +
b110110001100 *
#4622000
b1000111 #
1!
b11000111 -
b110001 '
b110001 ,
b10101 &
b10101 +
b110110001101 *
#4623000
b1111000 #
b11111000 -
b10100 '
b10100 ,
b1100011 &
b1100011 +
b110110001110 *
#4624000
b100011 #
b10100011 -
b1100 '
b1100 ,
b10110 &
b10110 +
b110110001111 *
#4625000
b110101 #
b10110101 -
b11011 '
b11011 ,
b11001 &
b11001 +
b10010000001 )
#4626000
b10011 #
0!
b10011 -
b1110111 &
b1110111 +
b10010000010 )
#4627000
b1010011 #
b1010011 -
b1110110 '
b1110110 ,
b1011100 &
b1011100 +
b110110010000 *
#4628000
b111101 #
b111101 -
b1000110 '
b1000110 ,
b1110110 &
b1110110 +
b10010000011 )
#4629000
b1011 #
b1011 -
b110010 '
b110010 ,
b1011000 &
b1011000 +
b110110010001 *
#4630000
b111001 #
1!
b10111001 -
b1010 '
b1010 ,
b101110 &
b101110 +
b110110010010 *
#4631000
b101010 #
0!
b101010 -
b110101 '
b110101 ,
b1110100 &
b1110100 +
b10010000100 )
#4632000
b1000001 #
b1000001 -
b1010000 '
b1010000 ,
b1110000 &
b1110000 +
b110110010011 *
#4633000
b1100011 #
1!
b11100011 -
b100010 '
b100010 ,
b1000000 &
b1000000 +
b10010000101 )
#4634000
b110100 #
0!
b110100 -
b111010 '
b111010 ,
b1111001 &
b1111001 +
b110110010100 *
#4635000
b11000 #
1!
b10011000 -
b1110 '
b1110 ,
b1001 &
b1001 +
b110110010101 *
#4636000
b10 #
0!
b10 -
b1001100 '
b1001100 ,
b110101 &
b110101 +
b10010000110 )
#4637000
b1010110 #
1!
b11010110 -
b100001 '
b100001 ,
b110100 &
b110100 +
b110110010110 *
#4638000
b1011010 #
b11011010 -
b1001010 '
b1001010 ,
b1111 &
b1111 +
b110110010111 *
#4639000
b1100110 #
b11100110 -
b11111 '
b11111 ,
b1000110 &
b1000110 +
b110110011000 *
#4640000
b110001 #
0!
b110001 -
b1110100 '
b1110100 ,
b111100 &
b111100 +
b110110011001 *
#4641000
b1001000 #
1!
b11001000 -
b1000100 '
b1000100 ,
b11 &
b11 +
b110110011010 *
#4642000
b1100101 #
b11100101 -
b101110 '
b101110 ,
b110110 &
b110110 +
b110110011011 *
#4643000
b1011101 #
b11011101 -
b10111 '
b10111 ,
b1000101 &
b1000101 +
b110110011100 *
#4644000
b100011 #
0!
b100011 -
b1111010 '
b1111010 ,
b101000 &
b101000 +
b110110011101 *
#4645000
b100101 #
b100101 -
b1101111 '
b1101111 ,
b110101 &
b110101 +
b110110011110 *
#4646000
b1011001 #
1!
b11011001 -
b100111 '
b100111 ,
b110001 &
b110001 +
b110110011111 *
#4647000
b1100100 #
b11100100 -
b10111 '
b10111 ,
b1001100 &
b1001100 +
b110110100000 *
#4648000
b1001101 #
b11001101 -
b1001010 '
b1001010 ,
b10 &
b10 +
b110110100001 *
#4649000
b1101011 #
0!
b1101011 -
b1110001 '
b1110001 ,
b1111001 &
b1111001 +
b110110100010 *
#4650000
b101010 #
1!
b10101010 -
b100011 '
b100011 ,
b110 &
b110 +
b10010000111 )
#4651000
b1111100 #
b11111100 -
b1010111 '
b1010111 ,
b100100 &
b100100 +
b10010001000 )
#4652000
b11011 #
0!
b11011 -
b1010001 '
b1010001 ,
b1001001 &
b1001001 +
b110110100011 *
#4653000
b0 #
1!
b0 -
b1100000 '
b1100000 ,
b11111 &
b11111 +
b110110100100 *
#4654000
b1000001 #
b11000001 -
b100011 '
b100011 ,
b11101 &
b11101 +
b110110100101 *
#4655000
b1111001 #
b11111001 -
b1110111 '
b1110111 ,
b1 &
b1 +
b110110100110 *
#4656000
b11101 #
0!
b11101 -
b111011 '
b111011 ,
b1100001 &
b1100001 +
b110110100111 *
#4657000
b1100101 #
1!
b11100101 -
b101101 '
b101101 ,
b110111 &
b110111 +
b110110101000 *
#4658000
b1000111 #
b11000111 -
b1101 '
b1101 ,
b111001 &
b111001 +
b110110101001 *
#4659000
b11000 #
b10011000 -
b1010 '
b1010 ,
b1101 &
b1101 +
b110110101010 *
#4660000
b1110111 #
b11110111 -
b100011 '
b100011 ,
b1010011 &
b1010011 +
b10010001001 )
#4661000
b100111 #
0!
b100111 -
b1101000 '
b1101000 ,
b111110 &
b111110 +
b110110101011 *
#4662000
b1000101 #
1!
b11000101 -
b0 '
b0 ,
b1000100 &
b1000100 +
b110110101100 *
#4663000
b1100110 #
b11100110 -
b1100101 '
b1100101 ,
b0 &
b0 +
b110110101101 *
#4664000
b101011 #
0!
b101011 -
b1000010 '
b1000010 ,
b1101000 &
b1101000 +
b110110101110 *
#4665000
b110000 #
b110000 -
b1000111 '
b1000111 ,
b110110101111 *
#4666000
b10100 #
b10100 -
b11011 '
b11011 ,
b1111000 &
b1111000 +
b110110110000 *
#4667000
b1101001 #
1!
b11101001 -
b10010 '
b10010 ,
b1010110 &
b1010110 +
b110110110001 *
#4668000
b101100 #
b10101100 -
b1111 '
b1111 ,
b11100 &
b11100 +
b110110110010 *
#4669000
b1100001 #
b11100001 -
b1011111 '
b1011111 ,
b1 &
b1 +
b10010001010 )
#4670000
b11000 #
0!
b11000 -
b111011 '
b111011 ,
b1011100 &
b1011100 +
b110110110011 *
#4671000
b101010 #
1!
b10101010 -
b1101 '
b1101 ,
b11100 &
b11100 +
b110110110100 *
#4672000
b1001101 #
0!
b1001101 -
b1100000 '
b1100000 ,
b1101100 &
b1101100 +
b10010001011 )
#4673000
b1111000 #
1!
b11111000 -
b10010 '
b10010 ,
b1100101 &
b1100101 +
b10010001100 )
#4674000
b1001111 #
b11001111 -
b110101 '
b110101 ,
b11001 &
b11001 +
b110110110101 *
#4675000
b1000 #
0!
b1000 -
b110001 '
b110001 ,
b1010110 &
b1010110 +
b110110110110 *
#4676000
b1101010 #
b1101010 -
b1111000 '
b1111000 ,
b1110001 &
b1110001 +
b110110110111 *
#4677000
b1010000 #
1!
b11010000 -
b111101 '
b111101 ,
b10010 &
b10010 +
b10010001101 )
#4678000
b110100 #
b10110100 -
b11 '
b11 ,
b110000 &
b110000 +
b110110111000 *
#4679000
b1010100 #
0!
b1010100 -
b1011001 '
b1011001 ,
b1111010 &
b1111010 +
b10010001110 )
#4680000
b1111011 #
1!
b11111011 -
b10111 '
b10111 ,
b1100011 &
b1100011 +
b10010001111 )
#4681000
b1101000 #
b11101000 -
b11001 '
b11001 ,
b1001110 &
b1001110 +
b110110111001 *
#4682000
b1100110 #
0!
b1100110 -
b1101110 '
b1101110 ,
b1110111 &
b1110111 +
b110110111010 *
#4683000
b1001001 #
1!
b11001001 -
b1000100 '
b1000100 ,
b100 &
b100 +
b10010010000 )
#4684000
b1100011 #
0!
b1100011 -
b1111100 '
b1111100 ,
b1100110 &
b1100110 +
b110110111011 *
#4685000
b111111 #
b111111 -
b1010010 '
b1010010 ,
b1101100 &
b1101100 +
b10010010001 )
#4686000
b110000 #
1!
b10110000 -
b101111 '
b101111 ,
b0 &
b0 +
b110110111100 *
#4687000
b1001100 #
b11001100 -
b100110 '
b100110 ,
b100101 &
b100101 +
b10010010010 )
#4688000
b11011 #
0!
b11011 -
b1100001 '
b1100001 ,
b111001 &
b111001 +
b110110111101 *
#4689000
b0 #
1!
b0 -
b1011101 '
b1011101 ,
b100010 &
b100010 +
b110110111110 *
#4690000
b1001101 #
b11001101 -
b10 '
b10 ,
b1001010 &
b1001010 +
b110110111111 *
#4691000
b1 #
0!
b1 -
b1111000 '
b1111000 ,
b1000 &
b1000 +
b110111000000 *
#4692000
b100101 #
b100101 -
b1101111 '
b1101111 ,
b110101 &
b110101 +
b110111000001 *
#4693000
b1110100 #
b1110100 -
b1111100 '
b1111100 ,
b1110111 &
b1110111 +
b110111000010 *
#4694000
b1111 #
b1111 -
b111011 '
b111011 ,
b1010011 &
b1010011 +
b10010010011 )
#4695000
b101010 #
b101010 -
b1111110 '
b1111110 ,
b101011 &
b101011 +
b110111000011 *
#4696000
b1010100 #
1!
b11010100 -
b101000 '
b101000 ,
b110111000100 *
#4697000
b1011100 #
b11011100 -
b111 '
b111 ,
b1010100 &
b1010100 +
b110111000101 *
#4698000
b1001000 #
0!
b1001000 -
b1001001 '
b1001001 ,
b1111110 &
b1111110 +
b110111000110 *
#4699000
b1011101 #
1!
b11011101 -
b11 '
b11 ,
b1011001 &
b1011001 +
b10010010100 )
#4700000
b1100010 #
b11100010 -
b1001110 '
b1001110 ,
b10011 &
b10011 +
b110111000111 *
#4701000
b1111100 #
b11111100 -
b1011111 '
b1011111 ,
b11100 &
b11100 +
b110111001000 *
#4702000
b1110 #
0!
b1110 -
b111010 '
b111010 ,
b1010011 &
b1010011 +
b110111001001 *
#4703000
b10 #
b10 -
b1010000 '
b1010000 ,
b110001 &
b110001 +
b110111001010 *
#4704000
b1011000 #
1!
b11011000 -
b111100 '
b111100 ,
b11011 &
b11011 +
b110111001011 *
#4705000
b1111 #
0!
b1111 -
b100101 '
b100101 ,
b1101001 &
b1101001 +
b110111001100 *
#4706000
b1000001 #
1!
b11000001 -
b110000 '
b110000 ,
b10000 &
b10000 +
b110111001101 *
#4707000
b101101 #
0!
b101101 -
b1011011 '
b1011011 ,
b1010001 &
b1010001 +
b110111001110 *
#4708000
b1000100 #
1!
b11000100 -
b111011 '
b111011 ,
b1000 &
b1000 +
b110111001111 *
#4709000
b1111100 #
b11111100 -
b11111 '
b11111 ,
b1011100 &
b1011100 +
b110111010000 *
#4710000
b1110101 #
b11110101 -
b1010010 '
b1010010 ,
b100010 &
b100010 +
b110111010001 *
#4711000
b111000 #
b10111000 -
b101010 '
b101010 ,
b1101 &
b1101 +
b110111010010 *
#4712000
b111101 #
0!
b111101 -
b1001111 '
b1001111 ,
b1101101 &
b1101101 +
b10010010101 )
#4713000
b1101000 #
1!
b11101000 -
b1011111 '
b1011111 ,
b1000 &
b1000 +
b110111010011 *
#4714000
b10100 #
0!
b10100 -
b110011 '
b110011 ,
b1100000 &
b1100000 +
b110111010100 *
#4715000
b111001 #
b111001 -
b1110001 '
b1110001 ,
b1000111 &
b1000111 +
b110111010101 *
#4716000
b111101 #
b111101 -
b1110110 '
b1110110 ,
b1000110 &
b1000110 +
b110111010110 *
#4717000
b1000 #
b1000 -
b11000 '
b11000 ,
b1101111 &
b1101111 +
b110111010111 *
#4718000
b1101000 #
1!
b11101000 -
b110011 '
b110011 ,
b110100 &
b110100 +
b110111011000 *
#4719000
b1000111 #
0!
b1000111 -
b1101011 '
b1101011 ,
b1011011 &
b1011011 +
b110111011001 *
#4720000
b1000110 #
b1000110 -
b1101010 '
b1101010 ,
b10010010110 )
#4721000
b1001101 #
1!
b11001101 -
b110001 '
b110001 ,
b11011 &
b11011 +
b10010010111 )
#4722000
b1100001 #
b11100001 -
b1010101 '
b1010101 ,
b1011 &
b1011 +
b110111011010 *
#4723000
b1010 #
0!
b1010 -
b1100100 '
b1100100 ,
b100101 &
b100101 +
b110111011011 *
#4724000
b1010111 #
1!
b11010111 -
b1010000 '
b1010000 ,
b110 &
b110 +
b110111011100 *
#4725000
b1100101 #
b11100101 -
b10001 '
b10001 ,
b1010011 &
b1010011 +
b110111011101 *
#4726000
b111000 #
b10111000 -
b10000 '
b10000 ,
b100111 &
b100111 +
b110111011110 *
#4727000
b11110 #
b10011110 -
b10 '
b10 ,
b11011 &
b11011 +
b10010011000 )
#4728000
b110100 #
0!
b110100 -
b1100110 '
b1100110 ,
b1001101 &
b1001101 +
b10010011001 )
#4729000
b1111111 #
1!
b11111111 -
b11111 '
b11111 ,
b1011111 &
b1011111 +
b110111011111 *
#4730000
b1011011 #
b11011011 -
b10110 '
b10110 ,
b1000100 &
b1000100 +
b110111100000 *
#4731000
b1000100 #
b11000100 -
b111111 '
b111111 ,
b100 &
b100 +
b110111100001 *
#4732000
b0 #
b0 -
b100111 '
b100111 ,
b1011000 &
b1011000 +
b110111100010 *
#4733000
b1101000 #
0!
b1101000 -
b1111100 '
b1111100 ,
b1101011 &
b1101011 +
b110111100011 *
#4734000
b101101 #
1!
b10101101 -
b10011 '
b10011 ,
b11001 &
b11001 +
b10010011010 )
#4735000
b1100101 #
b11100101 -
b100001 '
b100001 ,
b1000011 &
b1000011 +
b10010011011 )
#4736000
b11100 #
0!
b11100 -
b1100101 '
b1100101 ,
b110110 &
b110110 +
b110111100100 *
#4737000
b1110101 #
1!
b11110101 -
b1110100 '
b1110100 ,
b0 &
b0 +
b110111100101 *
#4738000
b10111 #
0!
b10111 -
b1101001 '
b1101001 ,
b101101 &
b101101 +
b110111100110 *
#4739000
b1101001 #
1!
b11101001 -
b101010 '
b101010 ,
b111110 &
b111110 +
b110111100111 *
#4740000
b1100001 #
b11100001 -
b1011101 '
b1011101 ,
b11 &
b11 +
b110111101000 *
#4741000
b111101 #
b10111101 -
b101000 '
b101000 ,
b10100 &
b10100 +
b110111101001 *
#4742000
b1011111 #
b11011111 -
b1011011 '
b1011011 ,
b11 &
b11 +
b10010011100 )
#4743000
b1010100 #
0!
b1010100 -
b1111001 '
b1111001 ,
b1011010 &
b1011010 +
b110111101010 *
#4744000
b101100 #
b101100 -
b1000110 '
b1000110 ,
b1100101 &
b1100101 +
b10010011101 )
#4745000
b100101 #
b100101 -
b1110010 '
b1110010 ,
b110010 &
b110010 +
b110111101011 *
#4746000
b1011111 #
1!
b11011111 -
b110100 '
b110100 ,
b101010 &
b101010 +
b110111101100 *
#4747000
b111001 #
b10111001 -
b101011 '
b101011 ,
b1101 &
b1101 +
b110111101101 *
#4748000
b101000 #
0!
b101000 -
b1001111 '
b1001111 ,
b1011000 &
b1011000 +
b10010011110 )
#4749000
b111001 #
b111001 -
b1111011 '
b1111011 ,
b111101 &
b111101 +
b110111101110 *
#4750000
b1111110 #
1!
b11111110 -
b1101110 '
b1101110 ,
b1111 &
b1111 +
b110111101111 *
#4751000
b110111110000 *
#4752000
b100 #
0!
b100 -
b100010 '
b100010 ,
b1100001 &
b1100001 +
b110111110001 *
#4753000
b1010111 #
1!
b11010111 -
b10000 '
b10000 ,
b1000110 &
b1000110 +
b110111110010 *
#4754000
b1111111 #
b11111111 -
b1000000 '
b1000000 ,
b111110 &
b111110 +
b110111110011 *
#4755000
b1110010 #
b11110010 -
b1010100 '
b1010100 ,
b11101 &
b11101 +
b110111110100 *
#4756000
b1011100 #
b11011100 -
b1010000 '
b1010000 ,
b1011 &
b1011 +
b110111110101 *
#4757000
b101010 #
0!
b101010 -
b101010 '
b101010 ,
b1111111 &
b1111111 +
b110111110110 *
#4758000
b100101 #
b100101 -
b110110 '
b110110 ,
b1101110 &
b1101110 +
b110111110111 *
#4759000
b1010001 '
b1010001 ,
b1010011 &
b1010011 +
b110111111000 *
#4760000
b101 #
b101 -
b1000010 '
b1000010 ,
b1000010 &
b1000010 +
b110111111001 *
#4761000
b1110100 #
1!
b11110100 -
b110000 '
b110000 ,
b1000011 &
b1000011 +
b110111111010 *
#4762000
b11000 #
0!
b11000 -
b110011 '
b110011 ,
b1100100 &
b1100100 +
b110111111011 *
#4763000
b101001 #
1!
b10101001 -
b10 '
b10 ,
b100110 &
b100110 +
b110111111100 *
#4764000
b101000 #
b10101000 -
b11100 '
b11100 ,
b1011 &
b1011 +
b10010011111 )
#4765000
0!
b101000 -
b1110001 '
b1110001 ,
b110110 &
b110110 +
b10010100000 )
#4766000
b101100 #
b101100 -
b1110110 '
b1110110 ,
b110101 &
b110101 +
b110111111101 *
#4767000
b111 #
b111 -
b11001 '
b11001 ,
b1101101 &
b1101101 +
b110111111110 *
#4768000
b11110 #
1!
b10011110 -
b10110 '
b10110 ,
b111 &
b111 +
b110111111111 *
#4769000
b1010110 #
0!
b1010110 -
b1010110 '
b1010110 ,
b1111111 &
b1111111 +
b10010100001 )
#4770000
b1101011 #
1!
b11101011 -
b1011 '
b1011 ,
b1011111 &
b1011111 +
b10010100010 )
#4771000
b11011 #
b10011011 -
b10011 '
b10011 ,
b111 &
b111 +
b111000000000 *
#4772000
b110000 #
0!
b110000 -
b1010100 '
b1010100 ,
b1011011 &
b1011011 +
b10010100011 )
#4773000
b1100011 #
1!
b11100011 -
b1001010 '
b1001010 ,
b11000 &
b11000 +
b111000000001 *
#4774000
b1110111 #
b11110111 -
b1000011 '
b1000011 ,
b110011 &
b110011 +
b111000000010 *
#4775000
b110000 #
b10110000 -
b11001 '
b11001 ,
b10110 &
b10110 +
b111000000011 *
#4776000
b11100 #
0!
b11100 -
b101111 '
b101111 ,
b1101100 &
b1101100 +
b10010100100 )
#4777000
b10111 #
b10111 -
b1100000 '
b1100000 ,
b110110 &
b110110 +
b111000000100 *
#4778000
b110001 #
1!
b10110001 -
b10011 '
b10011 ,
b11101 &
b11101 +
b111000000101 *
#4779000
b1111000 #
b11111000 -
b11111 '
b11111 ,
b1011000 &
b1011000 +
b10010100101 )
#4780000
b1100011 #
0!
b1100011 -
b1110111 '
b1110111 ,
b1101011 &
b1101011 +
b111000000110 *
#4781000
b1110110 #
1!
b11110110 -
b101000 '
b101000 ,
b1001101 &
b1001101 +
b10010100110 )
#4782000
b1000010 #
0!
b1000010 -
b1111100 '
b1111100 ,
b1000101 &
b1000101 +
b111000000111 *
#4783000
b1001000 #
1!
b11001000 -
b111001 '
b111001 ,
b1110 &
b1110 +
b10010100111 )
#4784000
b1111100 #
b11111100 -
b110100 '
b110100 ,
b1000111 &
b1000111 +
b111000001000 *
#4785000
b1100111 #
b11100111 -
b1000010 '
b1000010 ,
b100100 &
b100100 +
b111000001001 *
#4786000
b1100010 #
b11100010 -
b1011100 '
b1011100 ,
b101 &
b101 +
b111000001010 *
#4787000
b110011 #
b10110011 -
b101011 '
b101011 ,
b111 &
b111 +
b111000001011 *
#4788000
b1000010 #
0!
b1000010 -
b1010101 '
b1010101 ,
b1101100 &
b1101100 +
b10010101000 )
#4789000
b110100 #
1!
b10110100 -
b101010 '
b101010 ,
b1001 &
b1001 +
b10010101001 )
#4790000
b1110111 #
b11110111 -
b1000001 '
b1000001 ,
b110101 &
b110101 +
b10010101010 )
#4791000
b1100110 #
b11100110 -
b101101 '
b101101 ,
b111000 &
b111000 +
b111000001100 *
#4792000
b111100 #
0!
b111100 -
b1011110 '
b1011110 ,
b1011101 &
b1011101 +
b111000001101 *
#4793000
b1010010 #
1!
b11010010 -
b111000 '
b111000 ,
b11001 &
b11001 +
b111000001110 *
#4794000
b1010 #
0!
b1010 -
b110011 '
b110011 ,
b1010110 &
b1010110 +
b111000001111 *
#4795000
b1011011 #
b1011011 -
b1101001 '
b1101001 ,
b1110001 &
b1110001 +
b111000010000 *
#4796000
b110110 #
1!
b10110110 -
b1011 '
b1011 ,
b101010 &
b101010 +
b10010101011 )
#4797000
b1111010 #
b11111010 -
b1011000 '
b1011000 ,
b100001 &
b100001 +
b10010101100 )
#4798000
b1111100 #
b11111100 -
b1101111 '
b1101111 ,
b1100 &
b1100 +
b111000010001 *
#4799000
b1011110 #
b11011110 -
b110001 '
b110001 ,
b101100 &
b101100 +
b111000010010 *
#4800000
b100110 #
0!
b100110 -
b1101100 '
b1101100 ,
b111001 &
b111001 +
b111000010011 *
#4801000
b11000 #
1!
b10011000 -
b1 '
b1 ,
b10110 &
b10110 +
b111000010100 *
#4802000
b11010 #
0!
b11010 -
b11111 '
b11111 ,
b1111010 &
b1111010 +
b10010101101 )
#4803000
b1011110 #
b1011110 -
b1101011 '
b1101011 ,
b1110010 &
b1110010 +
b111000010101 *
#4804000
b1100010 #
b1100010 -
b1111010 '
b1111010 ,
b1100111 &
b1100111 +
b10010101110 )
#4805000
b1111111 #
1!
b11111111 -
b1011001 '
b1011001 ,
b100101 &
b100101 +
b10010101111 )
#4806000
b1111110 #
b11111110 -
b10000 '
b10000 ,
b1101101 &
b1101101 +
b111000010110 *
#4807000
b10000 #
0!
b10000 -
b111010 '
b111010 ,
b1010101 &
b1010101 +
b111000010111 *
#4808000
b100111 #
1!
b10100111 -
b11111 '
b11111 ,
b111 &
b111 +
b111000011000 *
#4809000
b1111000 #
b11111000 -
b11001 '
b11001 ,
b1011110 &
b1011110 +
b10010110000 )
#4810000
b110110 #
0!
b110110 -
b1010001 '
b1010001 ,
b1100100 &
b1100100 +
b111000011001 *
#4811000
b1100000 #
1!
b11100000 -
b1011001 '
b1011001 ,
b110 &
b110 +
b111000011010 *
#4812000
b1101110 #
b11101110 -
b111110 '
b111110 ,
b101111 &
b101111 +
b111000011011 *
#4813000
b100000 #
0!
b100000 -
b101001 '
b101001 ,
b1110110 &
b1110110 +
b111000011100 *
#4814000
b1001001 #
b1001001 -
b1011011 '
b1011011 ,
b1101101 &
b1101101 +
b111000011101 *
#4815000
b111001 #
1!
b10111001 -
b110100 '
b110100 ,
b100 &
b100 +
b10010110001 )
#4816000
b10111 #
0!
b10111 -
b101101 '
b101101 ,
b1101001 &
b1101001 +
b10010110010 )
#4817000
b110 #
b110 -
b1101101 '
b1101101 ,
b11000 &
b11000 +
b111000011110 *
#4818000
b11 #
b11 -
b100010 '
b100010 ,
b1100000 &
b1100000 +
b111000011111 *
#4819000
b1110 #
b1110 -
b110000 '
b110000 ,
b1011101 &
b1011101 +
b111000100000 *
#4820000
b1011001 #
1!
b11011001 -
b101000 '
b101000 ,
b110000 &
b110000 +
b111000100001 *
#4821000
b110110 #
0!
b110110 -
b1010100 '
b1010100 ,
b1100001 &
b1100001 +
b111000100010 *
#4822000
b10100 #
b10100 -
b101001 '
b101001 ,
b1101010 &
b1101010 +
b111000100011 *
#4823000
b1000110 #
1!
b11000110 -
b110111 '
b110111 ,
b1110 &
b1110 +
b111000100100 *
#4824000
b10000 #
0!
b10000 -
b111110 '
b111110 ,
b1010001 &
b1010001 +
b111000100101 *
#4825000
b1110100 #
1!
b11110100 -
b10101 '
b10101 ,
b1011110 &
b1011110 +
b111000100110 *
#4826000
b1111101 #
b11111101 -
b1000 '
b1000 ,
b1110100 &
b1110100 +
b111000100111 *
#4827000
b1100110 #
0!
b1100110 -
b1110010 '
b1110010 ,
b1110011 &
b1110011 +
b111000101000 *
#4828000
b1001100 #
1!
b11001100 -
b110101 '
b110101 ,
b10110 &
b10110 +
b10010110011 )
#4829000
b1100010 #
b11100010 -
b101101 '
b101101 ,
b110100 &
b110100 +
b111000101001 *
#4830000
b1010000 #
0!
b1010000 -
b1101100 '
b1101100 ,
b1100011 &
b1100011 +
b111000101010 *
#4831000
b11110 #
b11110 -
b1000001 '
b1000001 ,
b1011100 &
b1011100 +
b10010110100 )
#4832000
b111011 #
b111011 -
b1100010 '
b1100010 ,
b1011000 &
b1011000 +
b111000101011 *
#4833000
b1100110 #
1!
b11100110 -
b1101 '
b1101 ,
b111000101100 *
#4834000
b111111 #
b10111111 -
b1111 '
b1111 ,
b101111 &
b101111 +
b111000101101 *
#4835000
b1111 #
0!
b1111 -
b1100110 '
b1100110 ,
b101000 &
b101000 +
b10010110101 )
#4836000
b1100011 #
1!
b11100011 -
b100 '
b100 ,
b1011110 &
b1011110 +
b111000101110 *
#4837000
b1100010 #
b11100010 -
b111 '
b111 ,
b1011010 &
b1011010 +
b111000101111 *
#4838000
b1111001 #
b11111001 -
b101000 '
b101000 ,
b1010000 &
b1010000 +
b111000110000 *
#4839000
b1111000 #
b11111000 -
b1101100 '
b1101100 ,
b1011 &
b1011 +
b111000110001 *
#4840000
b100010 #
b10100010 -
b1001 '
b1001 ,
b11000 &
b11000 +
b111000110010 *
#4841000
b1000001 #
0!
b1000001 -
b1101011 '
b1101011 ,
b1010101 &
b1010101 +
b10010110110 )
#4842000
b1011001 #
1!
b11011001 -
b1010001 '
b1010001 ,
b111 &
b111 +
b10010110111 )
#4843000
b100010 #
0!
b100010 -
b1001000 '
b1001000 ,
b1011001 &
b1011001 +
b111000110011 *
#4844000
b111 #
b111 -
b1010011 '
b1010011 ,
b110011 &
b110011 +
b111000110100 *
#4845000
b1010110 #
b1010110 -
b1101000 '
b1101000 ,
b1101101 &
b1101101 +
b111000110101 *
#4846000
b1100111 #
b1100111 -
b1101010 '
b1101010 ,
b1111100 &
b1111100 +
b10010111000 )
#4847000
b100101 #
b100101 -
b100111 '
b100111 ,
b1111101 &
b1111101 +
b10010111001 )
#4848000
b1111010 #
1!
b11111010 -
b1111000 '
b1111000 ,
b1 &
b1 +
b111000110110 *
#4849000
b1111110 #
b11111110 -
b11000 '
b11000 ,
b1100101 &
b1100101 +
b111000110111 *
#4850000
b100001 #
0!
b100001 -
b1101110 '
b1101110 ,
b110010 &
b110010 +
b111000111000 *
#4851000
b1111110 #
1!
b11111110 -
b110 '
b110 ,
b1110111 &
b1110111 +
b111000111001 *
#4852000
b110001 #
0!
b110001 -
b1110000 '
b1110000 ,
b1000000 &
b1000000 +
b111000111010 *
#4853000
b11110 #
b11110 -
b1001010 '
b1001010 ,
b1010011 &
b1010011 +
b111000111011 *
#4854000
b1000011 '
b1000011 ,
b1011010 &
b1011010 +
b111000111100 *
#4855000
b1101001 #
b1101001 -
b1101111 '
b1101111 ,
b1111001 &
b1111001 +
b111000111101 *
#4856000
b1111001 #
1!
b11111001 -
b1000111 '
b1000111 ,
b110001 &
b110001 +
b10010111010 )
#4857000
b1110011 #
b11110011 -
b1000 '
b1000 ,
b1101010 &
b1101010 +
b111000111110 *
#4858000
b1111100 #
b11111100 -
b100 '
b100 ,
b1110111 &
b1110111 +
b111000111111 *
#4859000
b11001 #
0!
b11001 -
b1111001 '
b1111001 ,
b11111 &
b11111 +
b111001000000 *
#4860000
b1001000 #
1!
b11001000 -
b111001 '
b111001 ,
b1110 &
b1110 +
b111001000001 *
#4861000
b100010 #
0!
b100010 -
b1001011 '
b1001011 ,
b1010110 &
b1010110 +
b111001000010 *
#4862000
b11100 #
b11100 -
b111100 '
b111100 ,
b1011111 &
b1011111 +
b111001000011 *
#4863000
b111101 #
1!
b10111101 -
b11 '
b11 ,
b111001 &
b111001 +
b111001000100 *
#4864000
b100110 #
0!
b100110 -
b1010101 '
b1010101 ,
b1010000 &
b1010000 +
b10010111011 )
#4865000
b101001 #
b101001 -
b1110001 '
b1110001 ,
b110111 &
b110111 +
b111001000101 *
#4866000
b110100 #
1!
b10110100 -
b100101 '
b100101 ,
b1110 &
b1110 +
b111001000110 *
#4867000
b1001101 #
b11001101 -
b11001 '
b11001 ,
b110011 &
b110011 +
b10010111100 )
#4868000
b1100110 #
b11100110 -
b1101 '
b1101 ,
b1011000 &
b1011000 +
b111001000111 *
#4869000
b11101 #
0!
b11101 -
b1100110 '
b1100110 ,
b110110 &
b110110 +
b111001001000 *
#4870000
b101010 #
b101010 -
b1010001 '
b1010001 ,
b1011000 &
b1011000 +
b111001001001 *
#4871000
b101110 #
1!
b10101110 -
b100001 '
b100001 ,
b1100 &
b1100 +
b111001001010 *
#4872000
b100110 #
0!
b100110 -
b1000001 '
b1000001 ,
b1100100 &
b1100100 +
b10010111101 )
#4873000
b101101 #
1!
b10101101 -
b110 '
b110 ,
b100110 &
b100110 +
b111001001011 *
#4874000
b1000111 #
0!
b1000111 -
b1010101 '
b1010101 ,
b1110001 &
b1110001 +
b10010111110 )
#4875000
b101000 #
b101000 -
b110110 '
b110110 ,
b10010111111 )
#4876000
b101101 #
b101101 -
b1000110 '
b1000110 ,
b1100110 &
b1100110 +
b111001001100 *
#4877000
b1111101 #
1!
b11111101 -
b110010 '
b110010 ,
b1001010 &
b1001010 +
b111001001101 *
#4878000
b101111 #
0!
b101111 -
b1100111 '
b1100111 ,
b1000111 &
b1000111 +
b111001001110 *
#4879000
b100100 #
b100100 -
b111101 '
b111101 ,
b1100110 &
b1100110 +
b111001001111 *
#4880000
b1101 #
b1101 -
b1100001 '
b1100001 ,
b101011 &
b101011 +
b111001010000 *
#4881000
b1010111 #
1!
b11010111 -
b101010 '
b101010 ,
b101100 &
b101100 +
b111001010001 *
#4882000
b110101 #
0!
b110101 -
b1111001 '
b1111001 ,
b111011 &
b111011 +
b111001010010 *
#4883000
b1000010 #
1!
b11000010 -
b110100 '
b110100 ,
b1101 &
b1101 +
b111001010011 *
#4884000
b11000 #
0!
b11000 -
b110110 '
b110110 ,
b1100001 &
b1100001 +
b111001010100 *
#4885000
b100001 #
1!
b10100001 -
b10000 '
b10000 ,
b10000 &
b10000 +
b111001010101 *
#4886000
b1111000 #
b11111000 -
b1000101 '
b1000101 ,
b110010 &
b110010 +
b10011000000 )
#4887000
b110101 #
0!
b110101 -
b110110 '
b110110 ,
b1111110 &
b1111110 +
b111001010110 *
#4888000
b101110 #
b101110 -
b111100 '
b111100 ,
b1110001 &
b1110001 +
b111001010111 *
#4889000
b101000 #
b101000 -
b101110 '
b101110 ,
b1111001 &
b1111001 +
b111001011000 *
#4890000
b1010001 #
b1010001 -
b1010111 '
b1010111 ,
b111001011001 *
#4891000
b0 #
1!
b0 -
b111011 '
b111011 ,
b1000100 &
b1000100 +
b10011000001 )
#4892000
b1001001 #
b11001001 -
b11000 '
b11000 ,
b110000 &
b110000 +
b111001011010 *
#4893000
b110111 #
0!
b110111 -
b1101011 '
b1101011 ,
b1001011 &
b1001011 +
b111001011011 *
#4894000
b10011 #
1!
b10010011 -
b1101 '
b1101 ,
b101 &
b101 +
b111001011100 *
#4895000
b1110001 #
b11110001 -
b1111 '
b1111 ,
b1100001 &
b1100001 +
b10011000010 )
#4896000
b1101100 #
b11101100 -
b0 '
b0 ,
b1101011 &
b1101011 +
b111001011101 *
#4897000
b1011 #
b10001011 -
b11 '
b11 ,
b111 &
b111 +
b111001011110 *
#4898000
b10101 #
b10010101 -
b1011 '
b1011 ,
b1001 &
b1001 +
b10011000011 )
#4899000
b1110101 #
0!
b1110101 -
b1111010 '
b1111010 ,
b1111010 &
b1111010 +
b10011000100 )
#4900000
b1010110 #
1!
b11010110 -
b1010 '
b1010 ,
b1001011 &
b1001011 +
b10011000101 )
#4901000
b11 #
0!
b11 -
b1101011 '
b1101011 ,
b10111 &
b10111 +
b111001011111 *
#4902000
b10110 #
b10110 -
b110001 '
b110001 ,
b1100100 &
b1100100 +
b111001100000 *
#4903000
b111001 #
1!
b10111001 -
b101010 '
b101010 ,
b1110 &
b1110 +
b111001100001 *
#4904000
b1010 #
0!
b1010 -
b1111011 '
b1111011 ,
b10011000110 )
#4905000
b110001 #
b110001 -
b1110111 '
b1110111 ,
b111001 &
b111001 +
b111001100010 *
#4906000
b1101000 #
b1101000 -
b1111101 '
b1111101 ,
b1101010 &
b1101010 +
b111001100011 *
#4907000
b100011 #
b100011 -
b1010011 '
b1010011 ,
b1001111 &
b1001111 +
b10011000111 )
#4908000
b100001 #
1!
b10100001 -
b1000 '
b1000 ,
b11000 &
b11000 +
b111001100100 *
#4909000
b110011 #
b10110011 -
b110000 '
b110000 ,
b10 &
b10 +
b10011001000 )
#4910000
b1110011 #
b11110011 -
b1101111 '
b1101111 ,
b11 &
b11 +
b10011001001 )
#4911000
b1011 #
0!
b1011 -
b1111110 '
b1111110 ,
b1100 &
b1100 +
b111001100101 *
#4912000
b1110111 #
1!
b11110111 -
b10100 '
b10100 ,
b1100010 &
b1100010 +
b111001100110 *
#4913000
b1011100 #
0!
b1011100 -
b1101010 '
b1101010 ,
b1110001 &
b1110001 +
b111001100111 *
#4914000
b1111010 #
1!
b11111010 -
b1011100 '
b1011100 ,
b11101 &
b11101 +
b10011001010 )
#4915000
b1010100 #
b11010100 -
b11100 '
b11100 ,
b110111 &
b110111 +
b111001101000 *
#4916000
b11111 #
0!
b11111 -
b1100010 '
b1100010 ,
b111100 &
b111100 +
b111001101001 *
#4917000
b101111 #
1!
b10101111 -
b1001 '
b1001 ,
b100101 &
b100101 +
b111001101010 *
#4918000
b1000110 #
b11000110 -
b1000101 '
b1000101 ,
b0 &
b0 +
b10011001011 )
#4919000
b1001110 #
b11001110 -
b1001100 '
b1001100 ,
b1 &
b1 +
b111001101011 *
#4920000
b100111 #
0!
b100111 -
b1000001 '
b1000001 ,
b1100101 &
b1100101 +
b111001101100 *
#4921000
b101011 #
1!
b10101011 -
b110 '
b110 ,
b100100 &
b100100 +
b111001101101 *
#4922000
b1010 #
0!
b1010 -
b10101 '
b10101 ,
b1110100 &
b1110100 +
b10011001100 )
#4923000
b1101000 #
1!
b11101000 -
b1010101 '
b1010101 ,
b10010 &
b10010 +
b111001101110 *
#4924000
b101111 #
0!
b101111 -
b110001 '
b110001 ,
b1111101 &
b1111101 +
b111001101111 *
#4925000
b1100110 #
1!
b11100110 -
b101010 '
b101010 ,
b111011 &
b111011 +
b111001110000 *
#4926000
b101000 #
0!
b101000 -
b1101011 '
b1101011 ,
b111100 &
b111100 +
b111001110001 *
#4927000
b101110 #
b101110 -
b1011110 '
b1011110 ,
b1001111 &
b1001111 +
b111001110010 *
#4928000
b1010110 #
b1010110 -
b1111111 '
b1111111 ,
b1010110 &
b1010110 +
b111001110011 *
#4929000
b1110100 #
b1110100 -
b1111010 '
b1111010 ,
b1111001 &
b1111001 +
b10011001101 )
#4930000
b111110 #
b111110 -
b1001011 '
b1001011 ,
b1110010 &
b1110010 +
b10011001110 )
#4931000
b100010 #
b100010 -
b1011100 '
b1011100 ,
b1000101 &
b1000101 +
b111001110100 *
#4932000
b1100110 #
1!
b11100110 -
b1010101 '
b1010101 ,
b10000 &
b10000 +
b111001110101 *
#4933000
b100100 #
0!
b100100 -
b1101000 '
b1101000 ,
b111011 &
b111011 +
b111001110110 *
#4934000
b1111111 #
1!
b11111111 -
b1001110 '
b1001110 ,
b110000 &
b110000 +
b111001110111 *
#4935000
b1011100 #
b11011100 -
b110111 '
b110111 ,
b100100 &
b100100 +
b111001111000 *
#4936000
b1100101 #
b11100101 -
b1001100 '
b1001100 ,
b11000 &
b11000 +
b111001111001 *
#4937000
b1010 #
0!
b1010 -
b101110 '
b101110 ,
b1011011 &
b1011011 +
b111001111010 *
#4938000
b1101010 #
1!
b11101010 -
b1001101 '
b1001101 ,
b11100 &
b11100 +
b111001111011 *
#4939000
b1111100 #
b11111100 -
b101001 '
b101001 ,
b1010010 &
b1010010 +
b111001111100 *
#4940000
b1100010 #
0!
b1100010 -
b1101001 '
b1101001 ,
b1111000 &
b1111000 +
b111001111101 *
#4941000
b1011011 #
b1011011 -
b1101110 '
b1101110 ,
b1101100 &
b1101100 +
b10011001111 )
#4942000
b1000110 #
1!
b11000110 -
b0 '
b0 ,
b1000101 &
b1000101 +
b10011010000 )
#4943000
b1101100 #
b11101100 -
b1010010 '
b1010010 ,
b11001 &
b11001 +
b111001111110 *
#4944000
b100001 #
b10100001 -
b11101 '
b11101 ,
b11 &
b11 +
b111001111111 *
#4945000
b10011 #
0!
b10011 -
b1111110 '
b1111110 ,
b10100 &
b10100 +
b10011010001 )
#4946000
b1101100 #
1!
b11101100 -
b10010 '
b10010 ,
b1011001 &
b1011001 +
b111010000000 *
#4947000
b1110100 #
b11110100 -
b110 '
b110 ,
b1101101 &
b1101101 +
b111010000001 *
#4948000
b10100 #
0!
b10100 -
b111010 '
b111010 ,
b1011001 &
b1011001 +
b111010000010 *
#4949000
b1110111 #
1!
b11110111 -
b1110110 '
b1110110 ,
b0 &
b0 +
b111010000011 *
#4950000
b1101010 #
b11101010 -
b111000 '
b111000 ,
b110001 &
b110001 +
b111010000100 *
#4951000
b11100 #
0!
b11100 -
b1010100 '
b1010100 ,
b1000111 &
b1000111 +
b111010000101 *
#4952000
b11001 #
b11001 -
b1011001 '
b1011001 ,
b111111 &
b111111 +
b111010000110 *
#4953000
b1010111 #
b1010111 -
b1110000 '
b1110000 ,
b1100110 &
b1100110 +
b111010000111 *
#4954000
b1110000 #
1!
b11110000 -
b101111 '
b101111 ,
b1000000 &
b1000000 +
b10011010010 )
#4955000
b1011111 #
b11011111 -
b1000100 '
b1000100 ,
b11010 &
b11010 +
b111010001000 *
#4956000
b11001 #
0!
b11001 -
b1010100 &
b1010100 +
b111010001001 *
#4957000
b101111 #
1!
b10101111 -
b1 '
b1 ,
b101101 &
b101101 +
b111010001010 *
#4958000
b1111 #
0!
b1111 -
b1000110 '
b1000110 ,
b1001000 &
b1001000 +
b10011010011 )
#4959000
b101010 #
b101010 -
b1001010 '
b1001010 ,
b1011111 &
b1011111 +
b111010001011 *
#4960000
b1101001 #
1!
b11101001 -
b1001101 '
b1001101 ,
b11011 &
b11011 +
b111010001100 *
#4961000
b1101 #
0!
b1101 -
b1101101 '
b1101101 ,
b11111 &
b11111 +
b111010001101 *
#4962000
b1001000 #
b1001000 -
b1001110 '
b1001110 ,
b1111001 &
b1111001 +
b111010001110 *
#4963000
b110100 #
b110100 -
b1110110 '
b1110110 ,
b111101 &
b111101 +
b10011010100 )
#4964000
b100 #
b100 -
b100101 '
b100101 ,
b1011110 &
b1011110 +
b111010001111 *
#4965000
b1010001 #
1!
b11010001 -
b1111 '
b1111 ,
b1000001 &
b1000001 +
b111010010000 *
#4966000
b1100111 #
b11100111 -
b1101 '
b1101 ,
b1011001 &
b1011001 +
b111010010001 *
#4967000
b11110 #
0!
b11110 -
b1011010 '
b1011010 ,
b1000011 &
b1000011 +
b111010010010 *
#4968000
b1110 #
b1110 -
b100110 '
b100110 ,
b1100111 &
b1100111 +
b111010010011 *
#4969000
b101111 #
b101111 -
b1111010 '
b1111010 ,
b110100 &
b110100 +
b111010010100 *
#4970000
b111000 #
1!
b10111000 -
b100110 '
b100110 ,
b10001 &
b10001 +
b111010010101 *
#4971000
b1100011 #
b11100011 -
b100111 '
b100111 ,
b111011 &
b111011 +
b10011010101 )
#4972000
b101101 #
b10101101 -
b10111 '
b10111 ,
b10101 &
b10101 +
b111010010110 *
#4973000
b10101 #
0!
b10101 -
b1010110 '
b1010110 ,
b111110 &
b111110 +
b10011010110 )
#4974000
b1111110 #
1!
b11111110 -
b1111000 '
b1111000 ,
b101 &
b101 +
b111010010111 *
#4975000
b100000 #
b10100000 -
b11 '
b11 ,
b11100 &
b11100 +
b111010011000 *
#4976000
b110000 #
0!
b110000 -
b1101000 '
b1101000 ,
b1000111 &
b1000111 +
b10011010111 )
#4977000
b1001001 #
b1001001 -
b1101110 '
b1101110 ,
b1011010 &
b1011010 +
b111010011001 *
#4978000
b1000110 #
b1000110 -
b1110101 '
b1110101 ,
b1010000 &
b1010000 +
b10011011000 )
#4979000
b11111 #
1!
b10011111 -
b10101 '
b10101 ,
b1001 &
b1001 +
b10011011001 )
#4980000
b110 #
0!
b110 -
b1101000 '
b1101000 ,
b11101 &
b11101 +
b10011011010 )
#4981000
b1101101 #
b1101101 -
b1111100 '
b1111100 ,
b1110000 &
b1110000 +
b111010011010 *
#4982000
b1000 #
b1000 -
b1110100 '
b1110100 ,
b10011 &
b10011 +
b10011011011 )
#4983000
b1000011 #
b1000011 -
b1001110 '
b1001110 ,
b1110100 &
b1110100 +
b111010011011 *
#4984000
b1111110 #
1!
b11111110 -
b1101010 '
b1101010 ,
b10011 &
b10011 +
b10011011100 )
#4985000
b1000101 #
b11000101 -
b101010 '
b101010 ,
b11010 &
b11010 +
b111010011100 *
#4986000
b1111 #
0!
b1111 -
b1110111 '
b1110111 ,
b10111 &
b10111 +
b111010011101 *
#4987000
b110001 #
b110001 -
b1100100 '
b1100100 ,
b1001100 &
b1001100 +
b111010011110 *
#4988000
b1100110 #
b1100110 -
b1110001 '
b1110001 ,
b1110100 &
b1110100 +
b111010011111 *
#4989000
b1010011 #
1!
b11010011 -
b1001101 '
b1001101 ,
b101 &
b101 +
b10011011101 )
#4990000
b111100 #
0!
b111100 -
b1101011 '
b1101011 ,
b1010000 &
b1010000 +
b111010100000 *
#4991000
b1011010 #
1!
b11011010 -
b1010 '
b1010 ,
b1001111 &
b1001111 +
b111010100001 *
#4992000
b1101111 #
b11101111 -
b1001000 '
b1001000 ,
b100110 &
b100110 +
b111010100010 *
#4993000
b1000010 #
0!
b1000010 -
b1010100 '
b1010100 ,
b1101101 &
b1101101 +
b111010100011 *
#4994000
b10000 #
b10000 -
b1011110 '
b1011110 ,
b110001 &
b110001 +
b10011011110 )
#4995000
b1000111 #
b1000111 -
b1011011 '
b1011011 ,
b1101011 &
b1101011 +
b111010100100 *
#4996000
b1011110 #
1!
b11011110 -
b10010 '
b10010 ,
b1001011 &
b1001011 +
b10011011111 )
#4997000
b11100 #
0!
b11100 -
b1110100 '
b1110100 ,
b100111 &
b100111 +
b111010100101 *
#4998000
b10011 #
b10011 -
b110100 '
b110100 ,
b1011110 &
b1011110 +
b111010100110 *
#4999000
b1000011 #
1!
b11000011 -
b11 '
b11 ,
b111111 &
b111111 +
b111010100111 *
#5000000
b11100 #
0!
b11100 -
b1011110 '
b1011110 ,
b111101 &
b111101 +
b111010101000 *
#5001000
b1011100 #
1!
b11011100 -
b1010 '
b1010 ,
b1010001 &
b1010001 +
b111010101001 *
#5002000
b1111011 #
b11111011 -
b1001001 '
b1001001 ,
b110001 &
b110001 +
b111010101010 *
#5003000
b1000101 #
b11000101 -
b11001 '
b11001 ,
b101011 &
b101011 +
b111010101011 *
#5004000
b100 #
0!
b100 -
b100011 '
b100011 ,
b1100000 &
b1100000 +
b111010101100 *
#5005000
b111010101101 *
